date,weekday,month,scheduled_departure,hour,origin,destination,train_type,weather,construction_work,is_rush_hour,is_weekend,delay_minutes,is_delayed
2023-01-01,Sunday,1,2023-01-01 06:51,6,Berlin Hbf,Hamburg Hbf,ICE,snow,False,False,True,3.9,False
2023-01-01,Sunday,1,2023-01-01 07:28,7,Munich Hbf,Frankfurt(Main) Hbf,ICE,snow,False,True,True,14.6,True
2023-01-01,Sunday,1,2023-01-01 13:28,13,Hamburg Hbf,Hannover Hbf,IC,snow,False,False,True,8.4,True
2023-01-01,Sunday,1,2023-01-01 17:16,17,Frankfurt(Main) Hbf,Mainz Hbf,S-Bahn,rain,False,True,True,1.6,False
2023-01-01,Sunday,1,2023-01-01 17:29,17,Berlin Hbf,Potsdam Hbf,S-Bahn,snow,False,True,True,3.5,False
2023-01-01,Sunday,1,2023-01-01 18:59,18,Munich Hbf,Augsburg Hbf,RE,rain,False,True,True,1.1,False
2023-01-01,Sunday,1,2023-01-01 19:10,19,Leipzig Hbf,Dresden Hbf,RE,clear,False,True,True,0.5,False
2023-01-01,Sunday,1,2023-01-01 19:55,19,Cologne Hbf,Berlin Hbf,ICE,storm,False,True,True,6.4,True
2023-01-01,Sunday,1,2023-01-01 20:03,20,Frankfurt(Main) Hbf,Mainz Hbf,S-Bahn,rain,False,False,True,2.2,False
2023-01-01,Sunday,1,2023-01-01 21:48,21,Berlin Hbf,Hamburg Hbf,ICE,rain,False,False,True,5.3,True
2023-01-02,Monday,1,2023-01-02 05:25,5,Cologne Hbf,Berlin Hbf,ICE,snow,False,False,False,16.6,True
2023-01-02,Monday,1,2023-01-02 05:58,5,Munich Hbf,Frankfurt(Main) Hbf,ICE,clear,False,False,False,3.2,False
2023-01-02,Monday,1,2023-01-02 06:41,6,Cologne Hbf,Bonn Hbf,RE,snow,False,False,False,6.1,True
2023-01-02,Monday,1,2023-01-02 08:11,8,Munich Hbf,Augsburg Hbf,RE,snow,False,True,False,11.4,True
2023-01-02,Monday,1,2023-01-02 08:28,8,Frankfurt(Main) Hbf,Stuttgart Hbf,IC,clear,True,True,False,6.3,True
2023-01-02,Monday,1,2023-01-02 12:07,12,Frankfurt(Main) Hbf,Stuttgart Hbf,IC,snow,False,False,False,9.3,True
2023-01-02,Monday,1,2023-01-02 15:01,15,Berlin Hbf,Hamburg Hbf,ICE,snow,False,False,False,11.5,True
2023-01-02,Monday,1,2023-01-02 16:27,16,Berlin Hbf,Hamburg Hbf,ICE,clear,False,False,False,3.5,False
2023-01-02,Monday,1,2023-01-02 16:37,16,Leipzig Hbf,Dresden Hbf,RE,clear,False,False,False,3.2,False
2023-01-02,Monday,1,2023-01-02 16:40,16,Munich Hbf,Augsburg Hbf,RE,clear,True,False,False,0.3,False
2023-01-02,Monday,1,2023-01-02 16:55,16,Frankfurt(Main) Hbf,Stuttgart Hbf,IC,rain,False,False,False,2.7,False
2023-01-02,Monday,1,2023-01-02 16:56,16,Cologne Hbf,Bonn Hbf,RE,clear,False,False,False,6.3,True
2023-01-02,Monday,1,2023-01-02 17:12,17,Munich Hbf,Augsburg Hbf,RE,rain,False,True,False,1.2,False
2023-01-02,Monday,1,2023-01-02 18:03,18,Leipzig Hbf,Dresden Hbf,RE,snow,False,True,False,46.9,True
2023-01-02,Monday,1,2023-01-02 19:12,19,Cologne Hbf,Berlin Hbf,ICE,clear,False,True,False,8.6,True
2023-01-02,Monday,1,2023-01-02 22:53,22,Munich Hbf,Augsburg Hbf,RE,snow,False,False,False,4.0,False
2023-01-03,Tuesday,1,2023-01-03 08:18,8,Leipzig Hbf,Dresden Hbf,RE,rain,False,True,False,2.5,False
2023-01-03,Tuesday,1,2023-01-03 08:26,8,Frankfurt(Main) Hbf,Stuttgart Hbf,IC,snow,False,True,False,9.7,True
2023-01-03,Tuesday,1,2023-01-03 08:44,8,Munich Hbf,Augsburg Hbf,RE,snow,False,True,False,3.3,False
2023-01-03,Tuesday,1,2023-01-03 08:44,8,Munich Hbf,Augsburg Hbf,RE,rain,False,True,False,3.4,False
2023-01-03,Tuesday,1,2023-01-03 10:34,10,Hamburg Hbf,Hannover Hbf,IC,clear,False,False,False,5.7,True
2023-01-03,Tuesday,1,2023-01-03 11:33,11,Berlin Hbf,Hamburg Hbf,ICE,clear,False,False,False,2.3,False
2023-01-03,Tuesday,1,2023-01-03 12:50,12,Frankfurt(Main) Hbf,Mainz Hbf,S-Bahn,snow,False,False,False,0.8,False
2023-01-03,Tuesday,1,2023-01-03 12:50,12,Frankfurt(Main) Hbf,Mainz Hbf,S-Bahn,clear,True,False,False,2.4,False
2023-01-03,Tuesday,1,2023-01-03 14:37,14,Cologne Hbf,Berlin Hbf,ICE,clear,False,False,False,7.6,True
2023-01-03,Tuesday,1,2023-01-03 15:14,15,Frankfurt(Main) Hbf,Mainz Hbf,S-Bahn,snow,False,False,False,1.8,False
2023-01-03,Tuesday,1,2023-01-03 22:36,22,Cologne Hbf,Berlin Hbf,ICE,storm,False,False,False,6.1,True
2023-01-03,Tuesday,1,2023-01-03 22:57,22,Munich Hbf,Frankfurt(Main) Hbf,ICE,storm,False,False,False,8.1,True
2023-01-04,Wednesday,1,2023-01-04 06:02,6,Frankfurt(Main) Hbf,Mainz Hbf,S-Bahn,rain,False,False,False,1.5,False
2023-01-04,Wednesday,1,2023-01-04 07:54,7,Berlin Hbf,Potsdam Hbf,S-Bahn,clear,False,True,False,0.3,False
2023-01-04,Wednesday,1,2023-01-04 08:41,8,Berlin Hbf,Hamburg Hbf,ICE,clear,False,True,False,2.0,False
2023-01-04,Wednesday,1,2023-01-04 08:44,8,Munich Hbf,Augsburg Hbf,RE,rain,False,True,False,4.5,False
2023-01-04,Wednesday,1,2023-01-04 10:02,10,Munich Hbf,Frankfurt(Main) Hbf,ICE,snow,False,False,False,12.7,True
2023-01-04,Wednesday,1,2023-01-04 11:26,11,Munich Hbf,Augsburg Hbf,RE,clear,False,False,False,1.9,False
2023-01-04,Wednesday,1,2023-01-04 13:35,13,Berlin Hbf,Potsdam Hbf,S-Bahn,snow,False,False,False,2.5,False
2023-01-04,Wednesday,1,2023-01-04 16:43,16,Hamburg Hbf,Hannover Hbf,IC,snow,True,False,False,6.9,True
2023-01-04,Wednesday,1,2023-01-04 17:28,17,Leipzig Hbf,Dresden Hbf,RE,clear,False,True,False,2.5,False
2023-01-04,Wednesday,1,2023-01-04 18:52,18,Berlin Hbf,Hamburg Hbf,ICE,rain,False,True,False,6.0,True
2023-01-04,Wednesday,1,2023-01-04 19:54,19,Cologne Hbf,Bonn Hbf,RE,snow,True,True,False,17.9,True
2023-01-04,Wednesday,1,2023-01-04 20:14,20,Munich Hbf,Frankfurt(Main) Hbf,ICE,rain,True,False,False,9.4,True
2023-01-05,Thursday,1,2023-01-05 05:44,5,Hamburg Hbf,Hannover Hbf,IC,rain,False,False,False,6.1,True
2023-01-05,Thursday,1,2023-01-05 08:36,8,Berlin Hbf,Potsdam Hbf,S-Bahn,rain,False,True,False,1.0,False
2023-01-05,Thursday,1,2023-01-05 09:42,9,Leipzig Hbf,Dresden Hbf,RE,clear,False,False,False,1.0,False
2023-01-05,Thursday,1,2023-01-05 18:56,18,Munich Hbf,Frankfurt(Main) Hbf,ICE,snow,False,True,False,21.0,True
2023-01-05,Thursday,1,2023-01-05 19:16,19,Frankfurt(Main) Hbf,Stuttgart Hbf,IC,storm,True,True,False,13.9,True
2023-01-05,Thursday,1,2023-01-05 19:59,19,Munich Hbf,Frankfurt(Main) Hbf,ICE,snow,False,True,False,8.8,True
2023-01-05,Thursday,1,2023-01-05 20:39,20,Berlin Hbf,Hamburg Hbf,ICE,clear,False,False,False,3.9,False
2023-01-06,Friday,1,2023-01-06 07:12,7,Cologne Hbf,Bonn Hbf,RE,clear,False,True,False,1.6,False
2023-01-06,Friday,1,2023-01-06 08:29,8,Berlin Hbf,Potsdam Hbf,S-Bahn,snow,False,True,False,1.1,False
2023-01-06,Friday,1,2023-01-06 09:00,9,Cologne Hbf,Berlin Hbf,ICE,clear,False,False,False,1.4,False
2023-01-06,Friday,1,2023-01-06 17:23,17,Frankfurt(Main) Hbf,Mainz Hbf,S-Bahn,clear,False,True,False,50.9,True
2023-01-06,Friday,1,2023-01-06 17:30,17,Berlin Hbf,Potsdam Hbf,S-Bahn,rain,True,True,False,0.6,False
2023-01-06,Friday,1,2023-01-06 17:32,17,Berlin Hbf,Hamburg Hbf,ICE,rain,False,True,False,9.0,True
2023-01-06,Friday,1,2023-01-06 17:58,17,Berlin Hbf,Hamburg Hbf,ICE,clear,False,True,False,3.1,False
2023-01-06,Friday,1,2023-01-06 18:19,18,Cologne Hbf,Berlin Hbf,ICE,clear,False,True,False,8.6,True
2023-01-06,Friday,1,2023-01-06 21:11,21,Hamburg Hbf,Hannover Hbf,IC,clear,False,False,False,1.9,False
2023-01-06,Friday,1,2023-01-06 21:37,21,Cologne Hbf,Berlin Hbf,ICE,clear,False,False,False,6.0,True
2023-01-06,Friday,1,2023-01-06 22:09,22,Munich Hbf,Frankfurt(Main) Hbf,ICE,rain,False,False,False,4.5,False
2023-01-07,Saturday,1,2023-01-07 06:18,6,Cologne Hbf,Berlin Hbf,ICE,snow,False,False,True,7.1,True
2023-01-07,Saturday,1,2023-01-07 09:04,9,Frankfurt(Main) Hbf,Mainz Hbf,S-Bahn,snow,False,False,True,1.4,False
2023-01-07,Saturday,1,2023-01-07 10:33,10,Frankfurt(Main) Hbf,Mainz Hbf,S-Bahn,snow,False,False,True,1.2,False
2023-01-07,Saturday,1,2023-01-07 13:24,13,Munich Hbf,Augsburg Hbf,RE,clear,False,False,True,1.3,False
2023-01-07,Saturday,1,2023-01-07 14:00,14,Cologne Hbf,Berlin Hbf,ICE,snow,True,False,True,8.6,True
2023-01-07,Saturday,1,2023-01-07 14:28,14,Leipzig Hbf,Dresden Hbf,RE,clear,False,False,True,1.1,False
2023-01-08,Sunday,1,2023-01-08 14:40,14,Hamburg Hbf,Hannover Hbf,IC,rain,False,False,True,3.9,False
2023-01-08,Sunday,1,2023-01-08 19:16,19,Berlin Hbf,Hamburg Hbf,ICE,rain,False,True,True,4.1,False
2023-01-08,Sunday,1,2023-01-08 22:02,22,Frankfurt(Main) Hbf,Mainz Hbf,S-Bahn,clear,False,False,True,2.6,False
2023-01-09,Monday,1,2023-01-09 05:42,5,Munich Hbf,Frankfurt(Main) Hbf,ICE,storm,False,False,False,10.2,True
2023-01-09,Monday,1,2023-01-09 07:12,7,Munich Hbf,Augsburg Hbf,RE,clear,False,True,False,0.4,False
2023-01-09,Monday,1,2023-01-09 08:15,8,Hamburg Hbf,Hannover Hbf,IC,snow,True,True,False,45.7,True
2023-01-09,Monday,1,2023-01-09 09:19,9,Frankfurt(Main) Hbf,Stuttgart Hbf,IC,rain,False,False,False,2.6,False
2023-01-09,Monday,1,2023-01-09 11:30,11,Munich Hbf,Frankfurt(Main) Hbf,ICE,rain,True,False,False,10.6,True
2023-01-09,Monday,1,2023-01-09 13:40,13,Berlin Hbf,Hamburg Hbf,ICE,storm,False,False,False,9.7,True
2023-01-09,Monday,1,2023-01-09 14:17,14,Leipzig Hbf,Dresden Hbf,RE,clear,False,False,False,3.1,False
2023-01-09,Monday,1,2023-01-09 16:04,16,Cologne Hbf,Bonn Hbf,RE,rain,False,False,False,0.7,False
2023-01-09,Monday,1,2023-01-09 16:10,16,Munich Hbf,Augsburg Hbf,RE,snow,False,False,False,8.9,True
2023-01-09,Monday,1,2023-01-09 17:39,17,Frankfurt(Main) Hbf,Mainz Hbf,S-Bahn,rain,False,True,False,0.2,False
2023-01-09,Monday,1,2023-01-09 18:29,18,Berlin Hbf,Potsdam Hbf,S-Bahn,rain,False,True,False,0.3,False
2023-01-09,Monday,1,2023-01-09 20:17,20,Hamburg Hbf,Hannover Hbf,IC,snow,False,False,False,2.0,False
2023-01-10,Tuesday,1,2023-01-10 10:43,10,Munich Hbf,Frankfurt(Main) Hbf,ICE,snow,True,False,False,18.7,True
2023-01-10,Tuesday,1,2023-01-10 13:02,13,Frankfurt(Main) Hbf,Stuttgart Hbf,IC,clear,False,False,False,3.9,False
2023-01-10,Tuesday,1,2023-01-10 15:16,15,Leipzig Hbf,Dresden Hbf,RE,rain,False,False,False,3.6,False
2023-01-10,Tuesday,1,2023-01-10 17:55,17,Cologne Hbf,Bonn Hbf,RE,rain,False,True,False,8.3,True
2023-01-10,Tuesday,1,2023-01-10 18:30,18,Cologne Hbf,Berlin Hbf,ICE,storm,False,True,False,26.0,True
2023-01-10,Tuesday,1,2023-01-10 19:33,19,Cologne Hbf,Berlin Hbf,ICE,clear,False,True,False,4.5,False
2023-01-11,Wednesday,1,2023-01-11 07:47,7,Munich Hbf,Augsburg Hbf,RE,clear,False,True,False,3.0,False
2023-01-11,Wednesday,1,2023-01-11 08:18,8,Cologne Hbf,Berlin Hbf,ICE,clear,False,True,False,5.6,True
2023-01-11,Wednesday,1,2023-01-11 08:20,8,Berlin Hbf,Potsdam Hbf,S-Bahn,rain,False,True,False,4.4,False
2023-01-11,Wednesday,1,2023-01-11 08:44,8,Hamburg Hbf,Hannover Hbf,IC,rain,False,True,False,6.3,True
2023-01-11,Wednesday,1,2023-01-11 08:53,8,Cologne Hbf,Bonn Hbf,RE,snow,False,True,False,1.5,False
2023-01-11,Wednesday,1,2023-01-11 13:00,13,Munich Hbf,Augsburg Hbf,RE,clear,False,False,False,0.8,False
2023-01-11,Wednesday,1,2023-01-11 13:13,13,Frankfurt(Main) Hbf,Mainz Hbf,S-Bahn,clear,False,False,False,0.5,False
2023-01-11,Wednesday,1,2023-01-11 18:15,18,Munich Hbf,Augsburg Hbf,RE,snow,True,True,False,6.8,True
2023-01-11,Wednesday,1,2023-01-11 18:29,18,Frankfurt(Main) Hbf,Mainz Hbf,S-Bahn,clear,False,True,False,0.4,False
2023-01-11,Wednesday,1,2023-01-11 20:48,20,Cologne Hbf,Bonn Hbf,RE,snow,False,False,False,4.6,False
2023-01-12,Thursday,1,2023-01-12 10:45,10,Munich Hbf,Augsburg Hbf,RE,clear,True,False,False,55.9,True
2023-01-12,Thursday,1,2023-01-12 12:36,12,Cologne Hbf,Bonn Hbf,RE,snow,False,False,False,2.1,False
2023-01-12,Thursday,1,2023-01-12 16:28,16,Cologne Hbf,Bonn Hbf,RE,snow,False,False,False,1.1,False
2023-01-12,Thursday,1,2023-01-12 19:49,19,Munich Hbf,Frankfurt(Main) Hbf,ICE,rain,False,True,False,7.1,True
2023-01-12,Thursday,1,2023-01-12 21:36,21,Berlin Hbf,Hamburg Hbf,ICE,clear,False,False,False,4.2,False
2023-01-13,Friday,1,2023-01-13 05:55,5,Cologne Hbf,Berlin Hbf,ICE,snow,False,False,False,12.3,True
2023-01-13,Friday,1,2023-01-13 06:25,6,Berlin Hbf,Potsdam Hbf,S-Bahn,snow,False,False,False,2.0,False
2023-01-13,Friday,1,2023-01-13 07:53,7,Leipzig Hbf,Dresden Hbf,RE,snow,False,True,False,5.8,True
2023-01-13,Friday,1,2023-01-13 08:11,8,Berlin Hbf,Hamburg Hbf,ICE,rain,True,True,False,9.4,True
2023-01-13,Friday,1,2023-01-13 08:40,8,Frankfurt(Main) Hbf,Mainz Hbf,S-Bahn,clear,False,True,False,1.8,False
2023-01-13,Friday,1,2023-01-13 11:07,11,Leipzig Hbf,Dresden Hbf,RE,rain,False,False,False,0.2,False
2023-01-13,Friday,1,2023-01-13 13:01,13,Cologne Hbf,Bonn Hbf,RE,snow,False,False,False,2.6,False
2023-01-13,Friday,1,2023-01-13 14:09,14,Hamburg Hbf,Hannover Hbf,IC,clear,True,False,False,1.6,False
2023-01-13,Friday,1,2023-01-13 15:15,15,Frankfurt(Main) Hbf,Stuttgart Hbf,IC,clear,False,False,False,2.1,False
2023-01-13,Friday,1,2023-01-13 15:37,15,Berlin Hbf,Potsdam Hbf,S-Bahn,snow,False,False,False,1.0,False
2023-01-13,Friday,1,2023-01-13 17:47,17,Berlin Hbf,Potsdam Hbf,S-Bahn,rain,True,True,False,1.7,False
2023-01-13,Friday,1,2023-01-13 18:40,18,Berlin Hbf,Hamburg Hbf,ICE,snow,False,True,False,7.6,True
2023-01-13,Friday,1,2023-01-13 19:29,19,Munich Hbf,Augsburg Hbf,RE,clear,False,True,False,5.0,False
2023-01-14,Saturday,1,2023-01-14 07:17,7,Hamburg Hbf,Hannover Hbf,IC,clear,False,True,True,0.8,False
2023-01-14,Saturday,1,2023-01-14 08:10,8,Frankfurt(Main) Hbf,Stuttgart Hbf,IC,rain,False,True,True,1.5,False
2023-01-14,Saturday,1,2023-01-14 08:29,8,Leipzig Hbf,Dresden Hbf,RE,clear,False,True,True,0.1,False
2023-01-14,Saturday,1,2023-01-14 08:45,8,Berlin Hbf,Potsdam Hbf,S-Bahn,snow,False,True,True,3.1,False
2023-01-14,Saturday,1,2023-01-14 12:44,12,Berlin Hbf,Hamburg Hbf,ICE,clear,False,False,True,8.4,True
2023-01-14,Saturday,1,2023-01-14 15:36,15,Cologne Hbf,Berlin Hbf,ICE,snow,False,False,True,11.5,True
2023-01-14,Saturday,1,2023-01-14 17:35,17,Frankfurt(Main) Hbf,Mainz Hbf,S-Bahn,rain,False,True,True,0.5,False
2023-01-14,Saturday,1,2023-01-14 17:49,17,Cologne Hbf,Bonn Hbf,RE,snow,False,True,True,6.8,True
2023-01-14,Saturday,1,2023-01-14 20:12,20,Frankfurt(Main) Hbf,Mainz Hbf,S-Bahn,snow,False,False,True,1.6,False
2023-01-14,Saturday,1,2023-01-14 21:39,21,Cologne Hbf,Bonn Hbf,RE,snow,False,False,True,3.3,False
2023-01-15,Sunday,1,2023-01-15 07:07,7,Berlin Hbf,Hamburg Hbf,ICE,snow,False,True,True,8.9,True
2023-01-15,Sunday,1,2023-01-15 07:10,7,Berlin Hbf,Hamburg Hbf,ICE,storm,False,True,True,4.3,False
2023-01-15,Sunday,1,2023-01-15 09:39,9,Berlin Hbf,Potsdam Hbf,S-Bahn,rain,False,False,True,2.1,False
2023-01-15,Sunday,1,2023-01-15 10:44,10,Frankfurt(Main) Hbf,Stuttgart Hbf,IC,snow,False,False,True,6.3,True
2023-01-15,Sunday,1,2023-01-15 17:49,17,Frankfurt(Main) Hbf,Mainz Hbf,S-Bahn,clear,False,True,True,1.3,False
2023-01-15,Sunday,1,2023-01-15 22:00,22,Cologne Hbf,Berlin Hbf,ICE,rain,False,False,True,4.8,False
2023-01-15,Sunday,1,2023-01-15 22:15,22,Frankfurt(Main) Hbf,Stuttgart Hbf,IC,snow,False,False,True,9.5,True
2023-01-16,Monday,1,2023-01-16 06:56,6,Frankfurt(Main) Hbf,Mainz Hbf,S-Bahn,rain,False,False,False,2.5,False
2023-01-16,Monday,1,2023-01-16 10:30,10,Hamburg Hbf,Hannover Hbf,IC,rain,True,False,False,7.2,True
2023-01-16,Monday,1,2023-01-16 10:47,10,Frankfurt(Main) Hbf,Stuttgart Hbf,IC,rain,False,False,False,4.8,False
2023-01-16,Monday,1,2023-01-16 12:34,12,Berlin Hbf,Hamburg Hbf,ICE,clear,False,False,False,4.1,False
2023-01-16,Monday,1,2023-01-16 12:39,12,Cologne Hbf,Berlin Hbf,ICE,rain,False,False,False,4.1,False
2023-01-16,Monday,1,2023-01-16 14:00,14,Hamburg Hbf,Hannover Hbf,IC,clear,True,False,False,1.5,False
2023-01-16,Monday,1,2023-01-16 15:13,15,Berlin Hbf,Potsdam Hbf,S-Bahn,snow,False,False,False,3.0,False
2023-01-16,Monday,1,2023-01-16 16:17,16,Munich Hbf,Frankfurt(Main) Hbf,ICE,rain,False,False,False,5.5,True
2023-01-16,Monday,1,2023-01-16 17:03,17,Frankfurt(Main) Hbf,Stuttgart Hbf,IC,snow,False,True,False,13.0,True
2023-01-16,Monday,1,2023-01-16 18:55,18,Cologne Hbf,Bonn Hbf,RE,snow,False,True,False,3.2,False
2023-01-16,Monday,1,2023-01-16 20:42,20,Cologne Hbf,Bonn Hbf,RE,rain,False,False,False,2.5,False
2023-01-17,Tuesday,1,2023-01-17 05:39,5,Frankfurt(Main) Hbf,Stuttgart Hbf,IC,clear,False,False,False,3.0,False
2023-01-17,Tuesday,1,2023-01-17 05:40,5,Munich Hbf,Frankfurt(Main) Hbf,ICE,rain,False,False,False,10.1,True
2023-01-17,Tuesday,1,2023-01-17 07:02,7,Cologne Hbf,Bonn Hbf,RE,snow,False,True,False,7.2,True
2023-01-17,Tuesday,1,2023-01-17 08:10,8,Munich Hbf,Frankfurt(Main) Hbf,ICE,clear,False,True,False,7.3,True
2023-01-17,Tuesday,1,2023-01-17 08:59,8,Cologne Hbf,Bonn Hbf,RE,snow,False,True,False,2.7,False
2023-01-17,Tuesday,1,2023-01-17 11:00,11,Berlin Hbf,Hamburg Hbf,ICE,rain,True,False,False,5.6,True
2023-01-17,Tuesday,1,2023-01-17 11:45,11,Munich Hbf,Frankfurt(Main) Hbf,ICE,snow,False,False,False,17.1,True
2023-01-17,Tuesday,1,2023-01-17 15:39,15,Munich Hbf,Frankfurt(Main) Hbf,ICE,clear,False,False,False,4.6,False
2023-01-17,Tuesday,1,2023-01-17 16:09,16,Cologne Hbf,Bonn Hbf,RE,rain,False,False,False,1.2,False
2023-01-17,Tuesday,1,2023-01-17 16:54,16,Leipzig Hbf,Dresden Hbf,RE,snow,False,False,False,2.4,False
2023-01-17,Tuesday,1,2023-01-17 17:04,17,Berlin Hbf,Potsdam Hbf,S-Bahn,rain,False,True,False,4.1,False
2023-01-17,Tuesday,1,2023-01-17 17:36,17,Berlin Hbf,Hamburg Hbf,ICE,rain,False,True,False,3.1,False
2023-01-17,Tuesday,1,2023-01-17 19:19,19,Munich Hbf,Frankfurt(Main) Hbf,ICE,clear,False,True,False,9.4,True
2023-01-17,Tuesday,1,2023-01-17 21:44,21,Berlin Hbf,Potsdam Hbf,S-Bahn,snow,False,False,False,1.2,False
2023-01-17,Tuesday,1,2023-01-17 21:45,21,Frankfurt(Main) Hbf,Stuttgart Hbf,IC,rain,False,False,False,2.3,False
2023-01-18,Wednesday,1,2023-01-18 07:09,7,Cologne Hbf,Bonn Hbf,RE,rain,False,True,False,1.0,False
2023-01-18,Wednesday,1,2023-01-18 14:06,14,Cologne Hbf,Bonn Hbf,RE,snow,False,False,False,6.6,True
2023-01-18,Wednesday,1,2023-01-18 17:09,17,Frankfurt(Main) Hbf,Mainz Hbf,S-Bahn,storm,True,True,False,1.8,False
2023-01-18,Wednesday,1,2023-01-18 17:53,17,Leipzig Hbf,Dresden Hbf,RE,rain,False,True,False,2.0,False
2023-01-18,Wednesday,1,2023-01-18 19:10,19,Munich Hbf,Frankfurt(Main) Hbf,ICE,snow,False,True,False,7.8,True
2023-01-18,Wednesday,1,2023-01-18 19:23,19,Berlin Hbf,Hamburg Hbf,ICE,snow,False,True,False,8.2,True
2023-01-18,Wednesday,1,2023-01-18 19:58,19,Berlin Hbf,Potsdam Hbf,S-Bahn,rain,False,True,False,1.1,False
2023-01-19,Thursday,1,2023-01-19 05:10,5,Cologne Hbf,Berlin Hbf,ICE,rain,False,False,False,7.1,True
2023-01-19,Thursday,1,2023-01-19 06:46,6,Leipzig Hbf,Dresden Hbf,RE,rain,True,False,False,4.2,False
2023-01-19,Thursday,1,2023-01-19 06:59,6,Hamburg Hbf,Hannover Hbf,IC,clear,True,False,False,5.9,True
2023-01-19,Thursday,1,2023-01-19 07:01,7,Hamburg Hbf,Hannover Hbf,IC,clear,False,True,False,4.2,False
2023-01-19,Thursday,1,2023-01-19 07:55,7,Hamburg Hbf,Hannover Hbf,IC,rain,False,True,False,4.3,False
2023-01-19,Thursday,1,2023-01-19 11:52,11,Frankfurt(Main) Hbf,Mainz Hbf,S-Bahn,rain,False,False,False,0.6,False
2023-01-19,Thursday,1,2023-01-19 13:27,13,Berlin Hbf,Hamburg Hbf,ICE,snow,True,False,False,13.2,True
2023-01-19,Thursday,1,2023-01-19 14:59,14,Munich Hbf,Frankfurt(Main) Hbf,ICE,rain,False,False,False,3.7,False
2023-01-19,Thursday,1,2023-01-19 16:13,16,Hamburg Hbf,Hannover Hbf,IC,rain,True,False,False,7.5,True
2023-01-19,Thursday,1,2023-01-19 17:05,17,Hamburg Hbf,Hannover Hbf,IC,clear,False,True,False,2.3,False
2023-01-19,Thursday,1,2023-01-19 17:38,17,Leipzig Hbf,Dresden Hbf,RE,rain,False,True,False,4.4,False
2023-01-19,Thursday,1,2023-01-19 17:43,17,Cologne Hbf,Bonn Hbf,RE,clear,False,True,False,1.3,False
2023-01-19,Thursday,1,2023-01-19 19:51,19,Cologne Hbf,Berlin Hbf,ICE,snow,False,True,False,15.4,True
2023-01-20,Friday,1,2023-01-20 08:57,8,Cologne Hbf,Berlin Hbf,ICE,clear,False,True,False,6.4,True
2023-01-20,Friday,1,2023-01-20 09:02,9,Cologne Hbf,Bonn Hbf,RE,snow,False,False,False,1.4,False
2023-01-20,Friday,1,2023-01-20 09:40,9,Munich Hbf,Augsburg Hbf,RE,clear,True,False,False,1.6,False
2023-01-20,Friday,1,2023-01-20 10:29,10,Leipzig Hbf,Dresden Hbf,RE,rain,False,False,False,1.6,False
2023-01-20,Friday,1,2023-01-20 11:36,11,Hamburg Hbf,Hannover Hbf,IC,clear,False,False,False,1.9,False
2023-01-20,Friday,1,2023-01-20 14:49,14,Leipzig Hbf,Dresden Hbf,RE,rain,True,False,False,4.9,False
2023-01-20,Friday,1,2023-01-20 17:03,17,Berlin Hbf,Potsdam Hbf,S-Bahn,clear,False,True,False,1.3,False
2023-01-20,Friday,1,2023-01-20 18:44,18,Berlin Hbf,Hamburg Hbf,ICE,snow,False,True,False,12.7,True
2023-01-20,Friday,1,2023-01-20 19:00,19,Cologne Hbf,Berlin Hbf,ICE,snow,False,True,False,12.4,True
2023-01-20,Friday,1,2023-01-20 22:04,22,Berlin Hbf,Hamburg Hbf,ICE,snow,False,False,False,10.6,True
2023-01-21,Saturday,1,2023-01-21 05:36,5,Hamburg Hbf,Hannover Hbf,IC,snow,False,False,True,7.8,True
2023-01-21,Saturday,1,2023-01-21 07:25,7,Berlin Hbf,Potsdam Hbf,S-Bahn,clear,False,True,True,3.0,False
2023-01-21,Saturday,1,2023-01-21 07:29,7,Berlin Hbf,Potsdam Hbf,S-Bahn,clear,False,True,True,1.4,False
2023-01-21,Saturday,1,2023-01-21 07:36,7,Cologne Hbf,Bonn Hbf,RE,snow,False,True,True,9.8,True
2023-01-21,Saturday,1,2023-01-21 16:17,16,Munich Hbf,Frankfurt(Main) Hbf,ICE,snow,False,False,True,4.8,False
2023-01-21,Saturday,1,2023-01-21 22:24,22,Leipzig Hbf,Dresden Hbf,RE,snow,True,False,True,9.9,True
2023-01-22,Sunday,1,2023-01-22 05:31,5,Berlin Hbf,Hamburg Hbf,ICE,clear,False,False,True,3.9,False
2023-01-22,Sunday,1,2023-01-22 08:36,8,Frankfurt(Main) Hbf,Mainz Hbf,S-Bahn,snow,False,True,True,1.8,False
2023-01-22,Sunday,1,2023-01-22 09:07,9,Berlin Hbf,Hamburg Hbf,ICE,clear,False,False,True,2.9,False
2023-01-22,Sunday,1,2023-01-22 11:55,11,Cologne Hbf,Berlin Hbf,ICE,snow,False,False,True,9.5,True
2023-01-22,Sunday,1,2023-01-22 13:25,13,Leipzig Hbf,Dresden Hbf,RE,snow,False,False,True,9.1,True
2023-01-22,Sunday,1,2023-01-22 14:24,14,Cologne Hbf,Bonn Hbf,RE,clear,False,False,True,2.4,False
2023-01-22,Sunday,1,2023-01-22 15:54,15,Cologne Hbf,Bonn Hbf,RE,snow,False,False,True,7.1,True
2023-01-22,Sunday,1,2023-01-22 16:34,16,Munich Hbf,Augsburg Hbf,RE,rain,False,False,True,2.4,False
2023-01-22,Sunday,1,2023-01-22 18:20,18,Leipzig Hbf,Dresden Hbf,RE,clear,False,True,True,1.3,False
2023-01-22,Sunday,1,2023-01-22 19:20,19,Berlin Hbf,Hamburg Hbf,ICE,snow,False,True,True,6.1,True
2023-01-23,Monday,1,2023-01-23 07:14,7,Cologne Hbf,Bonn Hbf,RE,rain,False,True,False,3.6,False
2023-01-23,Monday,1,2023-01-23 07:29,7,Cologne Hbf,Bonn Hbf,RE,snow,False,True,False,2.3,False
2023-01-23,Monday,1,2023-01-23 07:49,7,Frankfurt(Main) Hbf,Mainz Hbf,S-Bahn,rain,False,True,False,1.2,False
2023-01-23,Monday,1,2023-01-23 08:54,8,Munich Hbf,Augsburg Hbf,RE,snow,False,True,False,1.9,False
2023-01-23,Monday,1,2023-01-23 08:58,8,Cologne Hbf,Berlin Hbf,ICE,storm,True,True,False,11.3,True
2023-01-23,Monday,1,2023-01-23 15:14,15,Frankfurt(Main) Hbf,Stuttgart Hbf,IC,rain,False,False,False,6.0,True
2023-01-23,Monday,1,2023-01-23 15:32,15,Berlin Hbf,Potsdam Hbf,S-Bahn,clear,False,False,False,5.3,True
2023-01-23,Monday,1,2023-01-23 15:50,15,Hamburg Hbf,Hannover Hbf,IC,rain,False,False,False,2.4,False
2023-01-23,Monday,1,2023-01-23 17:06,17,Munich Hbf,Augsburg Hbf,RE,clear,True,True,False,8.2,True
2023-01-23,Monday,1,2023-01-23 18:14,18,Frankfurt(Main) Hbf,Mainz Hbf,S-Bahn,snow,False,True,False,0.3,False
2023-01-23,Monday,1,2023-01-23 18:29,18,Frankfurt(Main) Hbf,Mainz Hbf,S-Bahn,clear,True,True,False,1.1,False
2023-01-23,Monday,1,2023-01-23 19:12,19,Frankfurt(Main) Hbf,Mainz Hbf,S-Bahn,rain,True,True,False,0.7,False
2023-01-23,Monday,1,2023-01-23 20:00,20,Cologne Hbf,Berlin Hbf,ICE,clear,False,False,False,3.6,False
2023-01-24,Tuesday,1,2023-01-24 06:15,6,Hamburg Hbf,Hannover Hbf,IC,clear,False,False,False,3.6,False
2023-01-24,Tuesday,1,2023-01-24 06:20,6,Frankfurt(Main) Hbf,Mainz Hbf,S-Bahn,clear,False,False,False,1.1,False
2023-01-24,Tuesday,1,2023-01-24 07:48,7,Frankfurt(Main) Hbf,Stuttgart Hbf,IC,snow,True,True,False,12.2,True
2023-01-24,Tuesday,1,2023-01-24 09:05,9,Munich Hbf,Augsburg Hbf,RE,clear,False,False,False,3.3,False
2023-01-24,Tuesday,1,2023-01-24 12:26,12,Cologne Hbf,Berlin Hbf,ICE,rain,True,False,False,7.4,True
2023-01-24,Tuesday,1,2023-01-24 13:41,13,Frankfurt(Main) Hbf,Mainz Hbf,S-Bahn,clear,False,False,False,8.4,True
2023-01-24,Tuesday,1,2023-01-24 15:15,15,Hamburg Hbf,Hannover Hbf,IC,rain,False,False,False,2.8,False
2023-01-24,Tuesday,1,2023-01-24 16:07,16,Berlin Hbf,Hamburg Hbf,ICE,rain,False,False,False,1.2,False
2023-01-24,Tuesday,1,2023-01-24 16:42,16,Hamburg Hbf,Hannover Hbf,IC,snow,False,False,False,4.5,False
2023-01-24,Tuesday,1,2023-01-24 17:02,17,Frankfurt(Main) Hbf,Mainz Hbf,S-Bahn,snow,False,True,False,0.3,False
2023-01-24,Tuesday,1,2023-01-24 18:43,18,Berlin Hbf,Hamburg Hbf,ICE,clear,False,True,False,4.2,False
2023-01-24,Tuesday,1,2023-01-24 20:41,20,Berlin Hbf,Potsdam Hbf,S-Bahn,storm,False,False,False,1.6,False
2023-01-25,Wednesday,1,2023-01-25 07:51,7,Cologne Hbf,Berlin Hbf,ICE,snow,False,True,False,16.9,True
2023-01-25,Wednesday,1,2023-01-25 08:00,8,Berlin Hbf,Potsdam Hbf,S-Bahn,snow,False,True,False,2.7,False
2023-01-25,Wednesday,1,2023-01-25 08:54,8,Berlin Hbf,Potsdam Hbf,S-Bahn,clear,False,True,False,1.0,False
2023-01-25,Wednesday,1,2023-01-25 09:51,9,Munich Hbf,Frankfurt(Main) Hbf,ICE,snow,True,False,False,20.3,True
2023-01-25,Wednesday,1,2023-01-25 10:18,10,Munich Hbf,Frankfurt(Main) Hbf,ICE,clear,False,False,False,4.9,False
2023-01-25,Wednesday,1,2023-01-25 12:29,12,Munich Hbf,Frankfurt(Main) Hbf,ICE,rain,False,False,False,4.1,False
2023-01-25,Wednesday,1,2023-01-25 12:44,12,Munich Hbf,Augsburg Hbf,RE,rain,False,False,False,3.9,False
2023-01-25,Wednesday,1,2023-01-25 14:55,14,Hamburg Hbf,Hannover Hbf,IC,clear,False,False,False,1.4,False
2023-01-25,Wednesday,1,2023-01-25 16:02,16,Berlin Hbf,Hamburg Hbf,ICE,storm,False,False,False,7.1,True
2023-01-25,Wednesday,1,2023-01-25 16:25,16,Cologne Hbf,Bonn Hbf,RE,clear,False,False,False,2.2,False
2023-01-25,Wednesday,1,2023-01-25 17:44,17,Berlin Hbf,Potsdam Hbf,S-Bahn,snow,False,True,False,2.1,False
2023-01-25,Wednesday,1,2023-01-25 21:34,21,Berlin Hbf,Potsdam Hbf,S-Bahn,snow,False,False,False,1.0,False
2023-01-25,Wednesday,1,2023-01-25 22:23,22,Munich Hbf,Augsburg Hbf,RE,clear,False,False,False,2.6,False
2023-01-25,Wednesday,1,2023-01-25 22:51,22,Berlin Hbf,Hamburg Hbf,ICE,snow,False,False,False,11.6,True
2023-01-26,Thursday,1,2023-01-26 07:13,7,Hamburg Hbf,Hannover Hbf,IC,rain,False,True,False,8.0,True
2023-01-26,Thursday,1,2023-01-26 07:19,7,Berlin Hbf,Potsdam Hbf,S-Bahn,storm,False,True,False,0.9,False
2023-01-26,Thursday,1,2023-01-26 07:46,7,Munich Hbf,Augsburg Hbf,RE,clear,False,True,False,2.5,False
2023-01-26,Thursday,1,2023-01-26 08:42,8,Munich Hbf,Augsburg Hbf,RE,rain,False,True,False,3.5,False
2023-01-26,Thursday,1,2023-01-26 08:42,8,Frankfurt(Main) Hbf,Stuttgart Hbf,IC,clear,False,True,False,4.4,False
2023-01-26,Thursday,1,2023-01-26 08:52,8,Berlin Hbf,Potsdam Hbf,S-Bahn,clear,False,True,False,2.0,False
2023-01-26,Thursday,1,2023-01-26 16:04,16,Leipzig Hbf,Dresden Hbf,RE,snow,False,False,False,1.3,False
2023-01-26,Thursday,1,2023-01-26 16:55,16,Cologne Hbf,Bonn Hbf,RE,snow,False,False,False,4.9,False
2023-01-26,Thursday,1,2023-01-26 18:11,18,Frankfurt(Main) Hbf,Stuttgart Hbf,IC,clear,False,True,False,1.4,False
2023-01-26,Thursday,1,2023-01-26 19:05,19,Munich Hbf,Augsburg Hbf,RE,rain,False,True,False,2.5,False
2023-01-26,Thursday,1,2023-01-26 21:33,21,Berlin Hbf,Hamburg Hbf,ICE,snow,False,False,False,3.0,False
2023-01-26,Thursday,1,2023-01-26 22:30,22,Leipzig Hbf,Dresden Hbf,RE,clear,False,False,False,6.7,True
2023-01-27,Friday,1,2023-01-27 06:25,6,Berlin Hbf,Hamburg Hbf,ICE,snow,False,False,False,11.4,True
2023-01-27,Friday,1,2023-01-27 08:06,8,Berlin Hbf,Potsdam Hbf,S-Bahn,clear,False,True,False,2.1,False
2023-01-27,Friday,1,2023-01-27 08:13,8,Frankfurt(Main) Hbf,Mainz Hbf,S-Bahn,rain,False,True,False,1.8,False
2023-01-27,Friday,1,2023-01-27 09:39,9,Frankfurt(Main) Hbf,Mainz Hbf,S-Bahn,clear,False,False,False,0.2,False
2023-01-27,Friday,1,2023-01-27 11:39,11,Cologne Hbf,Berlin Hbf,ICE,clear,True,False,False,16.7,True
2023-01-27,Friday,1,2023-01-27 13:00,13,Cologne Hbf,Bonn Hbf,RE,clear,False,False,False,4.2,False
2023-01-27,Friday,1,2023-01-27 16:04,16,Cologne Hbf,Berlin Hbf,ICE,snow,False,False,False,16.4,True
2023-01-27,Friday,1,2023-01-27 16:06,16,Berlin Hbf,Potsdam Hbf,S-Bahn,clear,False,False,False,6.0,True
2023-01-27,Friday,1,2023-01-27 16:41,16,Cologne Hbf,Bonn Hbf,RE,rain,False,False,False,2.0,False
2023-01-27,Friday,1,2023-01-27 16:56,16,Frankfurt(Main) Hbf,Stuttgart Hbf,IC,rain,False,False,False,4.2,False
2023-01-27,Friday,1,2023-01-27 16:59,16,Leipzig Hbf,Dresden Hbf,RE,rain,False,False,False,3.5,False
2023-01-27,Friday,1,2023-01-27 17:27,17,Berlin Hbf,Hamburg Hbf,ICE,clear,False,True,False,5.9,True
2023-01-27,Friday,1,2023-01-27 17:30,17,Berlin Hbf,Potsdam Hbf,S-Bahn,rain,False,True,False,0.5,False
2023-01-27,Friday,1,2023-01-27 18:24,18,Cologne Hbf,Bonn Hbf,RE,snow,False,True,False,5.0,False
2023-01-27,Friday,1,2023-01-27 19:19,19,Munich Hbf,Frankfurt(Main) Hbf,ICE,snow,False,True,False,14.3,True
2023-01-28,Saturday,1,2023-01-28 06:17,6,Munich Hbf,Frankfurt(Main) Hbf,ICE,snow,False,False,True,4.5,False
2023-01-28,Saturday,1,2023-01-28 07:31,7,Munich Hbf,Frankfurt(Main) Hbf,ICE,rain,False,True,True,12.7,True
2023-01-28,Saturday,1,2023-01-28 10:10,10,Munich Hbf,Frankfurt(Main) Hbf,ICE,snow,False,False,True,5.5,True
2023-01-28,Saturday,1,2023-01-28 12:39,12,Berlin Hbf,Potsdam Hbf,S-Bahn,clear,False,False,True,2.4,False
2023-01-28,Saturday,1,2023-01-28 16:37,16,Cologne Hbf,Bonn Hbf,RE,clear,False,False,True,2.2,False
2023-01-28,Saturday,1,2023-01-28 16:48,16,Berlin Hbf,Potsdam Hbf,S-Bahn,snow,True,False,True,0.5,False
2023-01-28,Saturday,1,2023-01-28 17:46,17,Leipzig Hbf,Dresden Hbf,RE,rain,True,True,True,2.9,False
2023-01-28,Saturday,1,2023-01-28 18:36,18,Munich Hbf,Augsburg Hbf,RE,clear,False,True,True,1.8,False
2023-01-29,Sunday,1,2023-01-29 07:25,7,Munich Hbf,Augsburg Hbf,RE,storm,False,True,True,3.0,False
2023-01-29,Sunday,1,2023-01-29 07:54,7,Frankfurt(Main) Hbf,Stuttgart Hbf,IC,clear,False,True,True,5.0,False
2023-01-29,Sunday,1,2023-01-29 13:27,13,Frankfurt(Main) Hbf,Stuttgart Hbf,IC,snow,False,False,True,2.9,False
2023-01-29,Sunday,1,2023-01-29 15:20,15,Frankfurt(Main) Hbf,Mainz Hbf,S-Bahn,snow,False,False,True,1.6,False
2023-01-29,Sunday,1,2023-01-29 18:30,18,Cologne Hbf,Bonn Hbf,RE,rain,True,True,True,7.4,True
2023-01-29,Sunday,1,2023-01-29 21:56,21,Frankfurt(Main) Hbf,Stuttgart Hbf,IC,clear,False,False,True,3.9,False
2023-01-30,Monday,1,2023-01-30 06:25,6,Berlin Hbf,Potsdam Hbf,S-Bahn,snow,False,False,False,1.0,False
2023-01-30,Monday,1,2023-01-30 07:07,7,Berlin Hbf,Potsdam Hbf,S-Bahn,clear,False,True,False,1.5,False
2023-01-30,Monday,1,2023-01-30 07:40,7,Berlin Hbf,Potsdam Hbf,S-Bahn,storm,False,True,False,0.2,False
2023-01-30,Monday,1,2023-01-30 07:50,7,Berlin Hbf,Potsdam Hbf,S-Bahn,clear,False,True,False,2.6,False
2023-01-30,Monday,1,2023-01-30 08:29,8,Frankfurt(Main) Hbf,Stuttgart Hbf,IC,clear,False,True,False,1.3,False
2023-01-30,Monday,1,2023-01-30 08:31,8,Berlin Hbf,Hamburg Hbf,ICE,clear,False,True,False,1.7,False
2023-01-30,Monday,1,2023-01-30 09:57,9,Leipzig Hbf,Dresden Hbf,RE,rain,False,False,False,1.6,False
2023-01-30,Monday,1,2023-01-30 11:27,11,Munich Hbf,Frankfurt(Main) Hbf,ICE,snow,False,False,False,6.1,True
2023-01-30,Monday,1,2023-01-30 12:15,12,Cologne Hbf,Bonn Hbf,RE,snow,False,False,False,4.5,False
2023-01-30,Monday,1,2023-01-30 12:45,12,Berlin Hbf,Potsdam Hbf,S-Bahn,snow,False,False,False,2.0,False
2023-01-30,Monday,1,2023-01-30 14:12,14,Hamburg Hbf,Hannover Hbf,IC,rain,False,False,False,1.9,False
2023-01-30,Monday,1,2023-01-30 17:10,17,Munich Hbf,Augsburg Hbf,RE,snow,True,True,False,7.1,True
2023-01-30,Monday,1,2023-01-30 18:51,18,Leipzig Hbf,Dresden Hbf,RE,storm,True,True,False,6.2,True
2023-01-30,Monday,1,2023-01-30 19:52,19,Berlin Hbf,Hamburg Hbf,ICE,clear,False,True,False,5.8,True
2023-01-30,Monday,1,2023-01-30 19:56,19,Hamburg Hbf,Hannover Hbf,IC,snow,False,True,False,4.1,False
2023-01-30,Monday,1,2023-01-30 22:41,22,Cologne Hbf,Berlin Hbf,ICE,rain,False,False,False,4.5,False
2023-01-31,Tuesday,1,2023-01-31 05:04,5,Munich Hbf,Frankfurt(Main) Hbf,ICE,snow,False,False,False,5.6,True
2023-01-31,Tuesday,1,2023-01-31 05:52,5,Hamburg Hbf,Hannover Hbf,IC,clear,False,False,False,31.0,True
2023-01-31,Tuesday,1,2023-01-31 09:14,9,Frankfurt(Main) Hbf,Stuttgart Hbf,IC,clear,False,False,False,1.7,False
2023-01-31,Tuesday,1,2023-01-31 09:52,9,Cologne Hbf,Bonn Hbf,RE,clear,False,False,False,1.1,False
2023-01-31,Tuesday,1,2023-01-31 10:00,10,Frankfurt(Main) Hbf,Stuttgart Hbf,IC,rain,False,False,False,1.6,False
2023-01-31,Tuesday,1,2023-01-31 11:45,11,Cologne Hbf,Berlin Hbf,ICE,snow,True,False,False,11.4,True
2023-01-31,Tuesday,1,2023-01-31 15:08,15,Berlin Hbf,Hamburg Hbf,ICE,clear,False,False,False,1.1,False
2023-01-31,Tuesday,1,2023-01-31 15:50,15,Munich Hbf,Augsburg Hbf,RE,clear,False,False,False,3.1,False
2023-01-31,Tuesday,1,2023-01-31 16:44,16,Hamburg Hbf,Hannover Hbf,IC,rain,False,False,False,2.5,False
2023-01-31,Tuesday,1,2023-01-31 18:26,18,Berlin Hbf,Potsdam Hbf,S-Bahn,rain,False,True,False,1.7,False
2023-01-31,Tuesday,1,2023-01-31 18:50,18,Cologne Hbf,Bonn Hbf,RE,snow,False,True,False,1.2,False
2023-02-01,Wednesday,2,2023-02-01 05:47,5,Berlin Hbf,Hamburg Hbf,ICE,snow,False,False,False,12.2,True
2023-02-01,Wednesday,2,2023-02-01 07:29,7,Munich Hbf,Augsburg Hbf,RE,rain,False,True,False,0.2,False
2023-02-01,Wednesday,2,2023-02-01 07:48,7,Cologne Hbf,Bonn Hbf,RE,clear,False,True,False,1.6,False
2023-02-01,Wednesday,2,2023-02-01 07:51,7,Berlin Hbf,Potsdam Hbf,S-Bahn,rain,False,True,False,0.3,False
2023-02-01,Wednesday,2,2023-02-01 08:35,8,Frankfurt(Main) Hbf,Mainz Hbf,S-Bahn,snow,False,True,False,0.9,False
2023-02-01,Wednesday,2,2023-02-01 11:11,11,Berlin Hbf,Hamburg Hbf,ICE,clear,False,False,False,2.7,False
2023-02-01,Wednesday,2,2023-02-01 15:55,15,Leipzig Hbf,Dresden Hbf,RE,rain,False,False,False,2.9,False
2023-02-01,Wednesday,2,2023-02-01 16:35,16,Hamburg Hbf,Hannover Hbf,IC,snow,False,False,False,2.6,False
2023-02-01,Wednesday,2,2023-02-01 17:34,17,Munich Hbf,Augsburg Hbf,RE,clear,False,True,False,2.2,False
2023-02-01,Wednesday,2,2023-02-01 17:35,17,Munich Hbf,Augsburg Hbf,RE,rain,False,True,False,1.8,False
2023-02-01,Wednesday,2,2023-02-01 18:07,18,Cologne Hbf,Bonn Hbf,RE,rain,False,True,False,1.9,False
2023-02-02,Thursday,2,2023-02-02 05:21,5,Cologne Hbf,Berlin Hbf,ICE,clear,False,False,False,3.1,False
2023-02-02,Thursday,2,2023-02-02 06:17,6,Cologne Hbf,Berlin Hbf,ICE,storm,False,False,False,5.6,True
2023-02-02,Thursday,2,2023-02-02 07:09,7,Frankfurt(Main) Hbf,Mainz Hbf,S-Bahn,snow,False,True,False,0.9,False
2023-02-02,Thursday,2,2023-02-02 08:24,8,Cologne Hbf,Bonn Hbf,RE,rain,False,True,False,4.5,False
2023-02-02,Thursday,2,2023-02-02 11:00,11,Berlin Hbf,Potsdam Hbf,S-Bahn,rain,False,False,False,2.1,False
2023-02-02,Thursday,2,2023-02-02 16:09,16,Frankfurt(Main) Hbf,Mainz Hbf,S-Bahn,snow,False,False,False,0.2,False
2023-02-02,Thursday,2,2023-02-02 16:25,16,Cologne Hbf,Bonn Hbf,RE,rain,False,False,False,1.5,False
2023-02-02,Thursday,2,2023-02-02 16:26,16,Hamburg Hbf,Hannover Hbf,IC,clear,False,False,False,4.2,False
2023-02-02,Thursday,2,2023-02-02 19:31,19,Berlin Hbf,Hamburg Hbf,ICE,clear,False,True,False,2.2,False
2023-02-02,Thursday,2,2023-02-02 21:50,21,Berlin Hbf,Hamburg Hbf,ICE,snow,False,False,False,10.7,True
2023-02-03,Friday,2,2023-02-03 06:06,6,Berlin Hbf,Potsdam Hbf,S-Bahn,snow,False,False,False,0.7,False
2023-02-03,Friday,2,2023-02-03 06:09,6,Cologne Hbf,Berlin Hbf,ICE,rain,False,False,False,11.7,True
2023-02-03,Friday,2,2023-02-03 09:30,9,Berlin Hbf,Hamburg Hbf,ICE,clear,False,False,False,3.7,False
2023-02-03,Friday,2,2023-02-03 11:08,11,Cologne Hbf,Bonn Hbf,RE,rain,False,False,False,1.0,False
2023-02-03,Friday,2,2023-02-03 15:36,15,Cologne Hbf,Berlin Hbf,ICE,clear,False,False,False,5.1,True
2023-02-03,Friday,2,2023-02-03 16:19,16,Berlin Hbf,Potsdam Hbf,S-Bahn,clear,False,False,False,1.0,False
2023-02-03,Friday,2,2023-02-03 20:30,20,Berlin Hbf,Potsdam Hbf,S-Bahn,clear,True,False,False,2.2,False
2023-02-03,Friday,2,2023-02-03 20:30,20,Cologne Hbf,Berlin Hbf,ICE,snow,False,False,False,10.3,True
2023-02-03,Friday,2,2023-02-03 20:37,20,Munich Hbf,Frankfurt(Main) Hbf,ICE,snow,False,False,False,17.6,True
2023-02-03,Friday,2,2023-02-03 22:43,22,Frankfurt(Main) Hbf,Stuttgart Hbf,IC,snow,True,False,False,10.9,True
2023-02-03,Friday,2,2023-02-03 22:45,22,Berlin Hbf,Hamburg Hbf,ICE,clear,False,False,False,4.2,False
2023-02-04,Saturday,2,2023-02-04 05:28,5,Berlin Hbf,Potsdam Hbf,S-Bahn,clear,False,False,True,5.7,True
2023-02-04,Saturday,2,2023-02-04 05:57,5,Frankfurt(Main) Hbf,Stuttgart Hbf,IC,clear,True,False,True,3.4,False
2023-02-04,Saturday,2,2023-02-04 06:20,6,Hamburg Hbf,Hannover Hbf,IC,storm,False,False,True,0.7,False
2023-02-04,Saturday,2,2023-02-04 07:40,7,Frankfurt(Main) Hbf,Stuttgart Hbf,IC,clear,False,True,True,3.9,False
2023-02-04,Saturday,2,2023-02-04 07:40,7,Berlin Hbf,Hamburg Hbf,ICE,snow,False,True,True,7.1,True
2023-02-04,Saturday,2,2023-02-04 07:52,7,Frankfurt(Main) Hbf,Mainz Hbf,S-Bahn,rain,True,True,True,1.5,False
2023-02-04,Saturday,2,2023-02-04 09:08,9,Hamburg Hbf,Hannover Hbf,IC,rain,False,False,True,2.5,False
2023-02-04,Saturday,2,2023-02-04 10:45,10,Frankfurt(Main) Hbf,Mainz Hbf,S-Bahn,snow,False,False,True,2.6,False
2023-02-04,Saturday,2,2023-02-04 11:50,11,Frankfurt(Main) Hbf,Stuttgart Hbf,IC,rain,False,False,True,4.3,False
2023-02-04,Saturday,2,2023-02-04 14:21,14,Munich Hbf,Frankfurt(Main) Hbf,ICE,rain,False,False,True,1.4,False
2023-02-04,Saturday,2,2023-02-04 15:24,15,Cologne Hbf,Bonn Hbf,RE,snow,False,False,True,4.4,False
2023-02-04,Saturday,2,2023-02-04 15:32,15,Frankfurt(Main) Hbf,Mainz Hbf,S-Bahn,clear,True,False,True,1.7,False
2023-02-04,Saturday,2,2023-02-04 15:54,15,Frankfurt(Main) Hbf,Mainz Hbf,S-Bahn,rain,False,False,True,0.4,False
2023-02-04,Saturday,2,2023-02-04 17:22,17,Munich Hbf,Augsburg Hbf,RE,storm,False,True,True,0.7,False
2023-02-04,Saturday,2,2023-02-04 19:35,19,Munich Hbf,Frankfurt(Main) Hbf,ICE,snow,True,True,True,22.3,True
2023-02-04,Saturday,2,2023-02-04 20:06,20,Berlin Hbf,Hamburg Hbf,ICE,clear,True,False,True,2.3,False
2023-02-04,Saturday,2,2023-02-04 22:43,22,Frankfurt(Main) Hbf,Stuttgart Hbf,IC,snow,False,False,True,4.0,False
2023-02-05,Sunday,2,2023-02-05 05:47,5,Munich Hbf,Frankfurt(Main) Hbf,ICE,snow,True,False,True,21.7,True
2023-02-05,Sunday,2,2023-02-05 06:11,6,Cologne Hbf,Bonn Hbf,RE,clear,False,False,True,0.6,False
2023-02-05,Sunday,2,2023-02-05 12:40,12,Munich Hbf,Augsburg Hbf,RE,rain,False,False,True,0.9,False
2023-02-05,Sunday,2,2023-02-05 15:00,15,Munich Hbf,Frankfurt(Main) Hbf,ICE,storm,False,False,True,4.8,False
2023-02-05,Sunday,2,2023-02-05 15:42,15,Frankfurt(Main) Hbf,Stuttgart Hbf,IC,snow,False,False,True,5.2,True
2023-02-05,Sunday,2,2023-02-05 19:34,19,Frankfurt(Main) Hbf,Mainz Hbf,S-Bahn,storm,True,True,True,0.7,False
2023-02-05,Sunday,2,2023-02-05 19:56,19,Berlin Hbf,Hamburg Hbf,ICE,clear,True,True,True,3.7,False
2023-02-05,Sunday,2,2023-02-05 20:31,20,Hamburg Hbf,Hannover Hbf,IC,snow,False,False,True,6.7,True
2023-02-06,Monday,2,2023-02-06 05:39,5,Frankfurt(Main) Hbf,Stuttgart Hbf,IC,clear,False,False,False,4.3,False
2023-02-06,Monday,2,2023-02-06 05:46,5,Munich Hbf,Frankfurt(Main) Hbf,ICE,clear,False,False,False,2.5,False
2023-02-06,Monday,2,2023-02-06 05:47,5,Cologne Hbf,Berlin Hbf,ICE,clear,False,False,False,2.4,False
2023-02-06,Monday,2,2023-02-06 05:55,5,Leipzig Hbf,Dresden Hbf,RE,snow,False,False,False,7.1,True
2023-02-06,Monday,2,2023-02-06 06:53,6,Frankfurt(Main) Hbf,Stuttgart Hbf,IC,clear,True,False,False,3.8,False
2023-02-06,Monday,2,2023-02-06 07:49,7,Munich Hbf,Augsburg Hbf,RE,rain,False,True,False,1.2,False
2023-02-06,Monday,2,2023-02-06 11:22,11,Munich Hbf,Frankfurt(Main) Hbf,ICE,rain,False,False,False,11.0,True
2023-02-06,Monday,2,2023-02-06 12:36,12,Berlin Hbf,Hamburg Hbf,ICE,rain,False,False,False,51.3,True
2023-02-06,Monday,2,2023-02-06 15:52,15,Munich Hbf,Augsburg Hbf,RE,clear,False,False,False,3.0,False
2023-02-06,Monday,2,2023-02-06 17:18,17,Frankfurt(Main) Hbf,Mainz Hbf,S-Bahn,clear,False,True,False,2.0,False
2023-02-06,Monday,2,2023-02-06 17:40,17,Berlin Hbf,Potsdam Hbf,S-Bahn,clear,False,True,False,5.2,True
2023-02-06,Monday,2,2023-02-06 18:35,18,Munich Hbf,Frankfurt(Main) Hbf,ICE,clear,False,True,False,3.9,False
2023-02-06,Monday,2,2023-02-06 19:20,19,Munich Hbf,Frankfurt(Main) Hbf,ICE,clear,False,True,False,5.9,True
2023-02-06,Monday,2,2023-02-06 21:39,21,Munich Hbf,Augsburg Hbf,RE,rain,False,False,False,0.5,False
2023-02-07,Tuesday,2,2023-02-07 08:56,8,Berlin Hbf,Potsdam Hbf,S-Bahn,clear,False,True,False,2.2,False
2023-02-07,Tuesday,2,2023-02-07 09:57,9,Berlin Hbf,Hamburg Hbf,ICE,snow,False,False,False,7.4,True
2023-02-07,Tuesday,2,2023-02-07 10:34,10,Frankfurt(Main) Hbf,Mainz Hbf,S-Bahn,rain,False,False,False,2.8,False
2023-02-07,Tuesday,2,2023-02-07 13:49,13,Berlin Hbf,Potsdam Hbf,S-Bahn,clear,False,False,False,3.3,False
2023-02-07,Tuesday,2,2023-02-07 14:32,14,Munich Hbf,Frankfurt(Main) Hbf,ICE,clear,False,False,False,9.9,True
2023-02-07,Tuesday,2,2023-02-07 14:45,14,Leipzig Hbf,Dresden Hbf,RE,clear,True,False,False,0.5,False
2023-02-07,Tuesday,2,2023-02-07 17:05,17,Hamburg Hbf,Hannover Hbf,IC,clear,True,True,False,6.4,True
2023-02-07,Tuesday,2,2023-02-07 21:43,21,Berlin Hbf,Hamburg Hbf,ICE,storm,False,False,False,6.2,True
2023-02-08,Wednesday,2,2023-02-08 09:24,9,Cologne Hbf,Berlin Hbf,ICE,rain,False,False,False,5.1,True
2023-02-08,Wednesday,2,2023-02-08 14:42,14,Leipzig Hbf,Dresden Hbf,RE,clear,True,False,False,1.4,False
2023-02-08,Wednesday,2,2023-02-08 15:36,15,Cologne Hbf,Bonn Hbf,RE,rain,True,False,False,3.7,False
2023-02-08,Wednesday,2,2023-02-08 16:37,16,Berlin Hbf,Hamburg Hbf,ICE,snow,False,False,False,8.6,True
2023-02-08,Wednesday,2,2023-02-08 17:13,17,Cologne Hbf,Berlin Hbf,ICE,clear,False,True,False,3.7,False
2023-02-08,Wednesday,2,2023-02-08 17:57,17,Munich Hbf,Frankfurt(Main) Hbf,ICE,clear,False,True,False,7.8,True
2023-02-08,Wednesday,2,2023-02-08 19:09,19,Cologne Hbf,Berlin Hbf,ICE,snow,False,True,False,13.2,True
2023-02-09,Thursday,2,2023-02-09 07:44,7,Berlin Hbf,Potsdam Hbf,S-Bahn,snow,True,True,False,3.2,False
2023-02-09,Thursday,2,2023-02-09 08:33,8,Berlin Hbf,Hamburg Hbf,ICE,clear,False,True,False,2.0,False
2023-02-09,Thursday,2,2023-02-09 15:42,15,Frankfurt(Main) Hbf,Stuttgart Hbf,IC,rain,False,False,False,4.7,False
2023-02-09,Thursday,2,2023-02-09 17:12,17,Frankfurt(Main) Hbf,Mainz Hbf,S-Bahn,clear,False,True,False,1.5,False
2023-02-09,Thursday,2,2023-02-09 17:33,17,Cologne Hbf,Berlin Hbf,ICE,snow,False,True,False,14.8,True
2023-02-09,Thursday,2,2023-02-09 17:49,17,Berlin Hbf,Potsdam Hbf,S-Bahn,snow,False,True,False,1.8,False
2023-02-09,Thursday,2,2023-02-09 20:43,20,Munich Hbf,Frankfurt(Main) Hbf,ICE,clear,False,False,False,4.0,False
2023-02-09,Thursday,2,2023-02-09 21:12,21,Berlin Hbf,Hamburg Hbf,ICE,snow,False,False,False,6.4,True
2023-02-09,Thursday,2,2023-02-09 22:23,22,Munich Hbf,Frankfurt(Main) Hbf,ICE,clear,False,False,False,3.2,False
2023-02-10,Friday,2,2023-02-10 06:15,6,Hamburg Hbf,Hannover Hbf,IC,rain,False,False,False,2.0,False
2023-02-10,Friday,2,2023-02-10 08:14,8,Frankfurt(Main) Hbf,Stuttgart Hbf,IC,clear,True,True,False,6.5,True
2023-02-10,Friday,2,2023-02-10 12:01,12,Munich Hbf,Augsburg Hbf,RE,clear,False,False,False,2.8,False
2023-02-10,Friday,2,2023-02-10 12:15,12,Hamburg Hbf,Hannover Hbf,IC,rain,False,False,False,0.9,False
2023-02-10,Friday,2,2023-02-10 15:05,15,Frankfurt(Main) Hbf,Mainz Hbf,S-Bahn,snow,False,False,False,2.0,False
2023-02-10,Friday,2,2023-02-10 16:13,16,Frankfurt(Main) Hbf,Mainz Hbf,S-Bahn,snow,False,False,False,3.4,False
2023-02-10,Friday,2,2023-02-10 18:15,18,Frankfurt(Main) Hbf,Stuttgart Hbf,IC,snow,False,True,False,18.4,True
2023-02-10,Friday,2,2023-02-10 18:40,18,Cologne Hbf,Berlin Hbf,ICE,snow,False,True,False,11.8,True
2023-02-10,Friday,2,2023-02-10 20:52,20,Cologne Hbf,Berlin Hbf,ICE,clear,False,False,False,8.7,True
2023-02-10,Friday,2,2023-02-10 21:12,21,Berlin Hbf,Potsdam Hbf,S-Bahn,clear,False,False,False,1.6,False
2023-02-11,Saturday,2,2023-02-11 06:17,6,Frankfurt(Main) Hbf,Mainz Hbf,S-Bahn,rain,False,False,True,5.4,True
2023-02-11,Saturday,2,2023-02-11 06:43,6,Munich Hbf,Augsburg Hbf,RE,snow,False,False,True,2.0,False
2023-02-11,Saturday,2,2023-02-11 07:36,7,Cologne Hbf,Bonn Hbf,RE,rain,False,True,True,1.3,False
2023-02-11,Saturday,2,2023-02-11 07:45,7,Frankfurt(Main) Hbf,Mainz Hbf,S-Bahn,snow,True,True,True,26.4,True
2023-02-11,Saturday,2,2023-02-11 08:15,8,Frankfurt(Main) Hbf,Stuttgart Hbf,IC,snow,False,True,True,14.0,True
2023-02-11,Saturday,2,2023-02-11 09:40,9,Leipzig Hbf,Dresden Hbf,RE,clear,False,False,True,2.0,False
2023-02-11,Saturday,2,2023-02-11 09:48,9,Leipzig Hbf,Dresden Hbf,RE,clear,False,False,True,1.9,False
2023-02-11,Saturday,2,2023-02-11 12:28,12,Berlin Hbf,Hamburg Hbf,ICE,clear,False,False,True,2.0,False
2023-02-11,Saturday,2,2023-02-11 12:54,12,Berlin Hbf,Potsdam Hbf,S-Bahn,clear,False,False,True,2.0,False
2023-02-11,Saturday,2,2023-02-11 16:03,16,Berlin Hbf,Potsdam Hbf,S-Bahn,rain,False,False,True,2.2,False
2023-02-11,Saturday,2,2023-02-11 17:04,17,Berlin Hbf,Hamburg Hbf,ICE,rain,True,True,True,5.5,True
2023-02-11,Saturday,2,2023-02-11 17:08,17,Frankfurt(Main) Hbf,Mainz Hbf,S-Bahn,storm,False,True,True,2.0,False
2023-02-11,Saturday,2,2023-02-11 17:40,17,Munich Hbf,Augsburg Hbf,RE,rain,False,True,True,0.6,False
2023-02-11,Saturday,2,2023-02-11 20:33,20,Munich Hbf,Augsburg Hbf,RE,rain,False,False,True,5.0,False
2023-02-11,Saturday,2,2023-02-11 22:57,22,Frankfurt(Main) Hbf,Mainz Hbf,S-Bahn,clear,False,False,True,3.4,False
2023-02-12,Sunday,2,2023-02-12 08:28,8,Berlin Hbf,Potsdam Hbf,S-Bahn,clear,False,True,True,1.0,False
2023-02-12,Sunday,2,2023-02-12 08:57,8,Leipzig Hbf,Dresden Hbf,RE,rain,True,True,True,6.5,True
2023-02-12,Sunday,2,2023-02-12 12:25,12,Cologne Hbf,Berlin Hbf,ICE,storm,False,False,True,8.6,True
2023-02-12,Sunday,2,2023-02-12 13:53,13,Frankfurt(Main) Hbf,Mainz Hbf,S-Bahn,clear,True,False,True,7.4,True
2023-02-12,Sunday,2,2023-02-12 16:24,16,Leipzig Hbf,Dresden Hbf,RE,snow,False,False,True,2.4,False
2023-02-12,Sunday,2,2023-02-12 16:45,16,Munich Hbf,Augsburg Hbf,RE,rain,False,False,True,3.3,False
2023-02-12,Sunday,2,2023-02-12 18:39,18,Frankfurt(Main) Hbf,Stuttgart Hbf,IC,snow,False,True,True,5.1,True
2023-02-13,Monday,2,2023-02-13 05:21,5,Cologne Hbf,Bonn Hbf,RE,clear,False,False,False,0.6,False
2023-02-13,Monday,2,2023-02-13 07:23,7,Cologne Hbf,Berlin Hbf,ICE,rain,True,True,False,11.5,True
2023-02-13,Monday,2,2023-02-13 09:51,9,Hamburg Hbf,Hannover Hbf,IC,snow,False,False,False,13.0,True
2023-02-13,Monday,2,2023-02-13 10:40,10,Frankfurt(Main) Hbf,Stuttgart Hbf,IC,snow,False,False,False,12.2,True
2023-02-13,Monday,2,2023-02-13 12:29,12,Munich Hbf,Frankfurt(Main) Hbf,ICE,clear,False,False,False,2.2,False
2023-02-13,Monday,2,2023-02-13 16:27,16,Berlin Hbf,Potsdam Hbf,S-Bahn,clear,True,False,False,1.1,False
2023-02-13,Monday,2,2023-02-13 20:14,20,Berlin Hbf,Potsdam Hbf,S-Bahn,snow,False,False,False,1.5,False
2023-02-13,Monday,2,2023-02-13 20:25,20,Frankfurt(Main) Hbf,Mainz Hbf,S-Bahn,clear,False,False,False,2.0,False
2023-02-13,Monday,2,2023-02-13 22:13,22,Munich Hbf,Frankfurt(Main) Hbf,ICE,rain,False,False,False,9.4,True
2023-02-14,Tuesday,2,2023-02-14 05:43,5,Munich Hbf,Frankfurt(Main) Hbf,ICE,snow,False,False,False,7.5,True
2023-02-14,Tuesday,2,2023-02-14 07:21,7,Munich Hbf,Augsburg Hbf,RE,snow,False,True,False,11.6,True
2023-02-14,Tuesday,2,2023-02-14 08:39,8,Berlin Hbf,Potsdam Hbf,S-Bahn,rain,True,True,False,0.6,False
2023-02-14,Tuesday,2,2023-02-14 09:18,9,Frankfurt(Main) Hbf,Mainz Hbf,S-Bahn,clear,False,False,False,1.2,False
2023-02-14,Tuesday,2,2023-02-14 10:52,10,Berlin Hbf,Hamburg Hbf,ICE,clear,True,False,False,15.4,True
2023-02-14,Tuesday,2,2023-02-14 13:20,13,Cologne Hbf,Bonn Hbf,RE,clear,False,False,False,0.5,False
2023-02-14,Tuesday,2,2023-02-14 15:35,15,Berlin Hbf,Potsdam Hbf,S-Bahn,snow,False,False,False,3.1,False
2023-02-14,Tuesday,2,2023-02-14 16:19,16,Frankfurt(Main) Hbf,Stuttgart Hbf,IC,clear,False,False,False,2.3,False
2023-02-14,Tuesday,2,2023-02-14 17:50,17,Frankfurt(Main) Hbf,Mainz Hbf,S-Bahn,snow,False,True,False,2.6,False
2023-02-15,Wednesday,2,2023-02-15 06:26,6,Berlin Hbf,Hamburg Hbf,ICE,snow,False,False,False,9.0,True
2023-02-15,Wednesday,2,2023-02-15 06:43,6,Leipzig Hbf,Dresden Hbf,RE,snow,False,False,False,2.9,False
2023-02-15,Wednesday,2,2023-02-15 07:38,7,Munich Hbf,Augsburg Hbf,RE,clear,True,True,False,1.7,False
2023-02-15,Wednesday,2,2023-02-15 09:05,9,Leipzig Hbf,Dresden Hbf,RE,clear,False,False,False,0.1,False
2023-02-15,Wednesday,2,2023-02-15 10:48,10,Berlin Hbf,Hamburg Hbf,ICE,snow,True,False,False,8.7,True
2023-02-15,Wednesday,2,2023-02-15 11:23,11,Hamburg Hbf,Hannover Hbf,IC,clear,False,False,False,0.3,False
2023-02-15,Wednesday,2,2023-02-15 16:22,16,Leipzig Hbf,Dresden Hbf,RE,clear,False,False,False,1.6,False
2023-02-15,Wednesday,2,2023-02-15 16:29,16,Munich Hbf,Augsburg Hbf,RE,clear,False,False,False,2.7,False
2023-02-15,Wednesday,2,2023-02-15 16:52,16,Cologne Hbf,Berlin Hbf,ICE,clear,False,False,False,7.1,True
2023-02-15,Wednesday,2,2023-02-15 19:01,19,Munich Hbf,Frankfurt(Main) Hbf,ICE,rain,False,True,False,9.3,True
2023-02-15,Wednesday,2,2023-02-15 20:33,20,Frankfurt(Main) Hbf,Mainz Hbf,S-Bahn,rain,False,False,False,1.0,False
2023-02-15,Wednesday,2,2023-02-15 21:38,21,Munich Hbf,Frankfurt(Main) Hbf,ICE,snow,False,False,False,8.0,True
2023-02-15,Wednesday,2,2023-02-15 22:48,22,Frankfurt(Main) Hbf,Stuttgart Hbf,IC,clear,True,False,False,3.1,False
2023-02-16,Thursday,2,2023-02-16 06:03,6,Berlin Hbf,Potsdam Hbf,S-Bahn,snow,False,False,False,1.4,False
2023-02-16,Thursday,2,2023-02-16 07:39,7,Munich Hbf,Augsburg Hbf,RE,snow,False,True,False,2.0,False
2023-02-16,Thursday,2,2023-02-16 07:51,7,Hamburg Hbf,Hannover Hbf,IC,snow,False,True,False,8.3,True
2023-02-16,Thursday,2,2023-02-16 08:24,8,Berlin Hbf,Potsdam Hbf,S-Bahn,clear,False,True,False,2.2,False
2023-02-16,Thursday,2,2023-02-16 10:40,10,Cologne Hbf,Berlin Hbf,ICE,snow,False,False,False,13.1,True
2023-02-16,Thursday,2,2023-02-16 11:57,11,Berlin Hbf,Hamburg Hbf,ICE,rain,False,False,False,4.5,False
2023-02-16,Thursday,2,2023-02-16 12:03,12,Munich Hbf,Frankfurt(Main) Hbf,ICE,storm,True,False,False,9.4,True
2023-02-16,Thursday,2,2023-02-16 14:22,14,Cologne Hbf,Berlin Hbf,ICE,clear,False,False,False,1.9,False
2023-02-16,Thursday,2,2023-02-16 14:53,14,Munich Hbf,Frankfurt(Main) Hbf,ICE,clear,False,False,False,4.6,False
2023-02-16,Thursday,2,2023-02-16 17:42,17,Berlin Hbf,Potsdam Hbf,S-Bahn,rain,False,True,False,2.1,False
2023-02-17,Friday,2,2023-02-17 12:12,12,Berlin Hbf,Potsdam Hbf,S-Bahn,clear,True,False,False,0.1,False
2023-02-17,Friday,2,2023-02-17 12:50,12,Hamburg Hbf,Hannover Hbf,IC,clear,False,False,False,0.3,False
2023-02-17,Friday,2,2023-02-17 13:14,13,Frankfurt(Main) Hbf,Stuttgart Hbf,IC,rain,False,False,False,5.2,True
2023-02-17,Friday,2,2023-02-17 14:26,14,Munich Hbf,Augsburg Hbf,RE,clear,False,False,False,0.2,False
2023-02-17,Friday,2,2023-02-17 14:43,14,Munich Hbf,Augsburg Hbf,RE,rain,False,False,False,47.5,True
2023-02-17,Friday,2,2023-02-17 15:01,15,Frankfurt(Main) Hbf,Stuttgart Hbf,IC,snow,False,False,False,12.2,True
2023-02-17,Friday,2,2023-02-17 15:14,15,Berlin Hbf,Potsdam Hbf,S-Bahn,snow,False,False,False,2.4,False
2023-02-17,Friday,2,2023-02-17 15:59,15,Munich Hbf,Frankfurt(Main) Hbf,ICE,rain,False,False,False,7.9,True
2023-02-17,Friday,2,2023-02-17 16:14,16,Frankfurt(Main) Hbf,Mainz Hbf,S-Bahn,snow,False,False,False,1.0,False
2023-02-17,Friday,2,2023-02-17 17:10,17,Cologne Hbf,Bonn Hbf,RE,rain,False,True,False,2.6,False
2023-02-17,Friday,2,2023-02-17 19:07,19,Munich Hbf,Frankfurt(Main) Hbf,ICE,clear,True,True,False,15.2,True
2023-02-18,Saturday,2,2023-02-18 06:54,6,Frankfurt(Main) Hbf,Mainz Hbf,S-Bahn,rain,False,False,True,2.3,False
2023-02-18,Saturday,2,2023-02-18 08:06,8,Cologne Hbf,Berlin Hbf,ICE,rain,False,True,True,14.5,True
2023-02-18,Saturday,2,2023-02-18 08:07,8,Munich Hbf,Frankfurt(Main) Hbf,ICE,rain,False,True,True,5.7,True
2023-02-18,Saturday,2,2023-02-18 08:47,8,Leipzig Hbf,Dresden Hbf,RE,rain,False,True,True,0.8,False
2023-02-18,Saturday,2,2023-02-18 11:13,11,Frankfurt(Main) Hbf,Stuttgart Hbf,IC,snow,False,False,True,6.9,True
2023-02-18,Saturday,2,2023-02-18 13:35,13,Berlin Hbf,Hamburg Hbf,ICE,rain,False,False,True,6.3,True
2023-02-18,Saturday,2,2023-02-18 14:15,14,Munich Hbf,Frankfurt(Main) Hbf,ICE,clear,True,False,True,6.2,True
2023-02-18,Saturday,2,2023-02-18 16:33,16,Cologne Hbf,Bonn Hbf,RE,snow,False,False,True,2.6,False
2023-02-18,Saturday,2,2023-02-18 19:43,19,Leipzig Hbf,Dresden Hbf,RE,clear,False,True,True,0.5,False
2023-02-18,Saturday,2,2023-02-18 20:13,20,Hamburg Hbf,Hannover Hbf,IC,rain,True,False,True,4.1,False
2023-02-19,Sunday,2,2023-02-19 05:07,5,Munich Hbf,Augsburg Hbf,RE,snow,False,False,True,1.8,False
2023-02-19,Sunday,2,2023-02-19 06:15,6,Hamburg Hbf,Hannover Hbf,IC,rain,False,False,True,4.6,False
2023-02-19,Sunday,2,2023-02-19 07:16,7,Munich Hbf,Frankfurt(Main) Hbf,ICE,snow,False,True,True,6.4,True
2023-02-19,Sunday,2,2023-02-19 08:08,8,Hamburg Hbf,Hannover Hbf,IC,rain,False,True,True,2.6,False
2023-02-19,Sunday,2,2023-02-19 08:18,8,Cologne Hbf,Bonn Hbf,RE,clear,False,True,True,1.3,False
2023-02-19,Sunday,2,2023-02-19 10:31,10,Leipzig Hbf,Dresden Hbf,RE,clear,True,False,True,2.9,False
2023-02-19,Sunday,2,2023-02-19 13:39,13,Cologne Hbf,Berlin Hbf,ICE,rain,True,False,True,7.6,True
2023-02-19,Sunday,2,2023-02-19 14:26,14,Cologne Hbf,Berlin Hbf,ICE,rain,False,False,True,6.2,True
2023-02-19,Sunday,2,2023-02-19 14:53,14,Munich Hbf,Augsburg Hbf,RE,rain,False,False,True,1.8,False
2023-02-19,Sunday,2,2023-02-19 14:57,14,Cologne Hbf,Bonn Hbf,RE,snow,True,False,True,1.0,False
2023-02-19,Sunday,2,2023-02-19 15:39,15,Berlin Hbf,Potsdam Hbf,S-Bahn,rain,False,False,True,2.6,False
2023-02-19,Sunday,2,2023-02-19 16:53,16,Cologne Hbf,Bonn Hbf,RE,storm,False,False,True,6.4,True
2023-02-19,Sunday,2,2023-02-19 17:49,17,Frankfurt(Main) Hbf,Mainz Hbf,S-Bahn,clear,False,True,True,0.1,False
2023-02-19,Sunday,2,2023-02-19 19:40,19,Cologne Hbf,Bonn Hbf,RE,clear,False,True,True,2.4,False
2023-02-19,Sunday,2,2023-02-19 19:42,19,Cologne Hbf,Berlin Hbf,ICE,rain,False,True,True,8.3,True
2023-02-19,Sunday,2,2023-02-19 21:22,21,Frankfurt(Main) Hbf,Stuttgart Hbf,IC,clear,False,False,True,1.2,False
2023-02-20,Monday,2,2023-02-20 06:33,6,Cologne Hbf,Berlin Hbf,ICE,clear,False,False,False,1.6,False
2023-02-20,Monday,2,2023-02-20 08:46,8,Munich Hbf,Augsburg Hbf,RE,rain,False,True,False,0.8,False
2023-02-20,Monday,2,2023-02-20 09:24,9,Cologne Hbf,Bonn Hbf,RE,rain,True,False,False,3.5,False
2023-02-20,Monday,2,2023-02-20 09:35,9,Frankfurt(Main) Hbf,Mainz Hbf,S-Bahn,rain,False,False,False,0.3,False
2023-02-20,Monday,2,2023-02-20 11:40,11,Leipzig Hbf,Dresden Hbf,RE,storm,False,False,False,2.1,False
2023-02-20,Monday,2,2023-02-20 12:49,12,Berlin Hbf,Hamburg Hbf,ICE,snow,False,False,False,13.4,True
2023-02-20,Monday,2,2023-02-20 13:14,13,Cologne Hbf,Berlin Hbf,ICE,snow,False,False,False,13.1,True
2023-02-20,Monday,2,2023-02-20 13:46,13,Frankfurt(Main) Hbf,Stuttgart Hbf,IC,rain,False,False,False,5.5,True
2023-02-20,Monday,2,2023-02-20 13:55,13,Cologne Hbf,Berlin Hbf,ICE,rain,True,False,False,7.8,True
2023-02-20,Monday,2,2023-02-20 14:43,14,Cologne Hbf,Bonn Hbf,RE,clear,False,False,False,0.5,False
2023-02-20,Monday,2,2023-02-20 18:26,18,Berlin Hbf,Hamburg Hbf,ICE,snow,False,True,False,11.5,True
2023-02-20,Monday,2,2023-02-20 20:45,20,Frankfurt(Main) Hbf,Stuttgart Hbf,IC,rain,False,False,False,5.7,True
2023-02-20,Monday,2,2023-02-20 21:06,21,Munich Hbf,Frankfurt(Main) Hbf,ICE,rain,False,False,False,14.9,True
2023-02-20,Monday,2,2023-02-20 21:24,21,Berlin Hbf,Hamburg Hbf,ICE,clear,False,False,False,57.1,True
2023-02-21,Tuesday,2,2023-02-21 09:51,9,Hamburg Hbf,Hannover Hbf,IC,clear,False,False,False,2.5,False
2023-02-21,Tuesday,2,2023-02-21 13:18,13,Hamburg Hbf,Hannover Hbf,IC,rain,False,False,False,2.0,False
2023-02-21,Tuesday,2,2023-02-21 16:13,16,Leipzig Hbf,Dresden Hbf,RE,snow,False,False,False,6.2,True
2023-02-21,Tuesday,2,2023-02-21 16:13,16,Frankfurt(Main) Hbf,Mainz Hbf,S-Bahn,clear,False,False,False,6.2,True
2023-02-21,Tuesday,2,2023-02-21 17:32,17,Leipzig Hbf,Dresden Hbf,RE,clear,False,True,False,0.1,False
2023-02-21,Tuesday,2,2023-02-21 17:44,17,Frankfurt(Main) Hbf,Mainz Hbf,S-Bahn,snow,False,True,False,2.5,False
2023-02-21,Tuesday,2,2023-02-21 18:44,18,Hamburg Hbf,Hannover Hbf,IC,rain,False,True,False,3.8,False
2023-02-21,Tuesday,2,2023-02-21 21:53,21,Cologne Hbf,Bonn Hbf,RE,snow,False,False,False,6.7,True
2023-02-22,Wednesday,2,2023-02-22 07:05,7,Berlin Hbf,Potsdam Hbf,S-Bahn,rain,False,True,False,1.3,False
2023-02-22,Wednesday,2,2023-02-22 07:53,7,Frankfurt(Main) Hbf,Mainz Hbf,S-Bahn,clear,False,True,False,3.2,False
2023-02-22,Wednesday,2,2023-02-22 09:15,9,Berlin Hbf,Hamburg Hbf,ICE,snow,True,False,False,10.0,True
2023-02-22,Wednesday,2,2023-02-22 19:04,19,Leipzig Hbf,Dresden Hbf,RE,snow,False,True,False,10.9,True
2023-02-22,Wednesday,2,2023-02-22 19:19,19,Berlin Hbf,Hamburg Hbf,ICE,clear,False,True,False,1.2,False
2023-02-22,Wednesday,2,2023-02-22 22:12,22,Munich Hbf,Augsburg Hbf,RE,clear,True,False,False,0.6,False
2023-02-22,Wednesday,2,2023-02-22 22:13,22,Berlin Hbf,Potsdam Hbf,S-Bahn,rain,False,False,False,1.8,False
2023-02-23,Thursday,2,2023-02-23 07:07,7,Cologne Hbf,Berlin Hbf,ICE,rain,False,True,False,7.5,True
2023-02-23,Thursday,2,2023-02-23 08:16,8,Frankfurt(Main) Hbf,Mainz Hbf,S-Bahn,snow,False,True,False,3.4,False
2023-02-23,Thursday,2,2023-02-23 12:34,12,Frankfurt(Main) Hbf,Stuttgart Hbf,IC,clear,True,False,False,3.7,False
2023-02-23,Thursday,2,2023-02-23 13:34,13,Frankfurt(Main) Hbf,Stuttgart Hbf,IC,rain,True,False,False,6.9,True
2023-02-23,Thursday,2,2023-02-23 13:47,13,Frankfurt(Main) Hbf,Stuttgart Hbf,IC,clear,False,False,False,2.0,False
2023-02-23,Thursday,2,2023-02-23 15:40,15,Cologne Hbf,Bonn Hbf,RE,rain,False,False,False,1.0,False
2023-02-23,Thursday,2,2023-02-23 16:18,16,Berlin Hbf,Hamburg Hbf,ICE,clear,False,False,False,8.3,True
2023-02-23,Thursday,2,2023-02-23 17:31,17,Munich Hbf,Augsburg Hbf,RE,clear,False,True,False,11.9,True
2023-02-23,Thursday,2,2023-02-23 18:06,18,Frankfurt(Main) Hbf,Mainz Hbf,S-Bahn,snow,False,True,False,4.0,False
2023-02-23,Thursday,2,2023-02-23 18:08,18,Leipzig Hbf,Dresden Hbf,RE,clear,False,True,False,6.3,True
2023-02-24,Friday,2,2023-02-24 06:32,6,Frankfurt(Main) Hbf,Mainz Hbf,S-Bahn,rain,False,False,False,1.3,False
2023-02-24,Friday,2,2023-02-24 06:41,6,Berlin Hbf,Hamburg Hbf,ICE,snow,True,False,False,13.5,True
2023-02-24,Friday,2,2023-02-24 08:10,8,Munich Hbf,Augsburg Hbf,RE,clear,False,True,False,2.8,False
2023-02-24,Friday,2,2023-02-24 08:18,8,Leipzig Hbf,Dresden Hbf,RE,clear,False,True,False,1.9,False
2023-02-24,Friday,2,2023-02-24 08:28,8,Berlin Hbf,Potsdam Hbf,S-Bahn,snow,False,True,False,0.4,False
2023-02-24,Friday,2,2023-02-24 10:00,10,Munich Hbf,Frankfurt(Main) Hbf,ICE,snow,False,False,False,8.3,True
2023-02-24,Friday,2,2023-02-24 10:55,10,Hamburg Hbf,Hannover Hbf,IC,storm,False,False,False,5.2,True
2023-02-24,Friday,2,2023-02-24 10:58,10,Munich Hbf,Frankfurt(Main) Hbf,ICE,clear,False,False,False,2.6,False
2023-02-24,Friday,2,2023-02-24 10:58,10,Hamburg Hbf,Hannover Hbf,IC,clear,False,False,False,2.0,False
2023-02-24,Friday,2,2023-02-24 17:09,17,Berlin Hbf,Potsdam Hbf,S-Bahn,clear,False,True,False,2.3,False
2023-02-24,Friday,2,2023-02-24 17:19,17,Frankfurt(Main) Hbf,Mainz Hbf,S-Bahn,rain,False,True,False,2.5,False
2023-02-24,Friday,2,2023-02-24 19:32,19,Hamburg Hbf,Hannover Hbf,IC,rain,False,True,False,3.5,False
2023-02-25,Saturday,2,2023-02-25 05:09,5,Berlin Hbf,Hamburg Hbf,ICE,rain,False,False,True,10.5,True
2023-02-25,Saturday,2,2023-02-25 05:15,5,Munich Hbf,Frankfurt(Main) Hbf,ICE,snow,True,False,True,9.2,True
2023-02-25,Saturday,2,2023-02-25 06:47,6,Cologne Hbf,Berlin Hbf,ICE,clear,False,False,True,5.6,True
2023-02-25,Saturday,2,2023-02-25 07:46,7,Berlin Hbf,Hamburg Hbf,ICE,clear,False,True,True,3.6,False
2023-02-25,Saturday,2,2023-02-25 09:22,9,Munich Hbf,Frankfurt(Main) Hbf,ICE,clear,False,False,True,5.7,True
2023-02-25,Saturday,2,2023-02-25 10:01,10,Berlin Hbf,Hamburg Hbf,ICE,clear,False,False,True,3.4,False
2023-02-25,Saturday,2,2023-02-25 10:33,10,Leipzig Hbf,Dresden Hbf,RE,rain,True,False,True,2.6,False
2023-02-25,Saturday,2,2023-02-25 13:45,13,Cologne Hbf,Bonn Hbf,RE,clear,False,False,True,2.0,False
2023-02-25,Saturday,2,2023-02-25 15:50,15,Berlin Hbf,Potsdam Hbf,S-Bahn,snow,True,False,True,57.6,True
2023-02-25,Saturday,2,2023-02-25 15:55,15,Berlin Hbf,Hamburg Hbf,ICE,clear,False,False,True,2.5,False
2023-02-25,Saturday,2,2023-02-25 20:59,20,Leipzig Hbf,Dresden Hbf,RE,clear,False,False,True,1.7,False
2023-02-25,Saturday,2,2023-02-25 21:28,21,Berlin Hbf,Potsdam Hbf,S-Bahn,snow,False,False,True,0.6,False
2023-02-25,Saturday,2,2023-02-25 22:15,22,Berlin Hbf,Hamburg Hbf,ICE,rain,False,False,True,7.9,True
2023-02-25,Saturday,2,2023-02-25 22:30,22,Cologne Hbf,Berlin Hbf,ICE,rain,False,False,True,12.9,True
2023-02-26,Sunday,2,2023-02-26 06:18,6,Munich Hbf,Frankfurt(Main) Hbf,ICE,rain,False,False,True,5.4,True
2023-02-26,Sunday,2,2023-02-26 06:32,6,Frankfurt(Main) Hbf,Mainz Hbf,S-Bahn,clear,False,False,True,3.3,False
2023-02-26,Sunday,2,2023-02-26 07:07,7,Munich Hbf,Frankfurt(Main) Hbf,ICE,snow,False,True,True,9.1,True
2023-02-26,Sunday,2,2023-02-26 07:32,7,Frankfurt(Main) Hbf,Mainz Hbf,S-Bahn,rain,False,True,True,1.5,False
2023-02-26,Sunday,2,2023-02-26 08:47,8,Cologne Hbf,Bonn Hbf,RE,clear,False,True,True,0.2,False
2023-02-26,Sunday,2,2023-02-26 08:56,8,Munich Hbf,Frankfurt(Main) Hbf,ICE,rain,True,True,True,13.3,True
2023-02-26,Sunday,2,2023-02-26 11:13,11,Berlin Hbf,Potsdam Hbf,S-Bahn,rain,False,False,True,2.9,False
2023-02-26,Sunday,2,2023-02-26 15:57,15,Frankfurt(Main) Hbf,Stuttgart Hbf,IC,rain,True,False,True,6.8,True
2023-02-26,Sunday,2,2023-02-26 15:59,15,Munich Hbf,Augsburg Hbf,RE,snow,False,False,True,5.9,True
2023-02-26,Sunday,2,2023-02-26 16:52,16,Leipzig Hbf,Dresden Hbf,RE,rain,False,False,True,1.2,False
2023-02-26,Sunday,2,2023-02-26 18:59,18,Munich Hbf,Augsburg Hbf,RE,clear,True,True,True,1.4,False
2023-02-26,Sunday,2,2023-02-26 19:02,19,Frankfurt(Main) Hbf,Stuttgart Hbf,IC,clear,False,True,True,15.3,True
2023-02-27,Monday,2,2023-02-27 07:35,7,Munich Hbf,Augsburg Hbf,RE,snow,False,True,False,8.8,True
2023-02-27,Monday,2,2023-02-27 07:47,7,Frankfurt(Main) Hbf,Mainz Hbf,S-Bahn,rain,False,True,False,2.5,False
2023-02-27,Monday,2,2023-02-27 08:57,8,Frankfurt(Main) Hbf,Mainz Hbf,S-Bahn,clear,False,True,False,0.6,False
2023-02-27,Monday,2,2023-02-27 09:05,9,Cologne Hbf,Berlin Hbf,ICE,rain,False,False,False,9.9,True
2023-02-27,Monday,2,2023-02-27 17:50,17,Munich Hbf,Augsburg Hbf,RE,snow,True,True,False,5.6,True
2023-02-27,Monday,2,2023-02-27 18:17,18,Munich Hbf,Augsburg Hbf,RE,snow,False,True,False,2.8,False
2023-02-27,Monday,2,2023-02-27 18:17,18,Munich Hbf,Frankfurt(Main) Hbf,ICE,snow,False,True,False,6.7,True
2023-02-27,Monday,2,2023-02-27 19:25,19,Leipzig Hbf,Dresden Hbf,RE,clear,False,True,False,1.2,False
2023-02-28,Tuesday,2,2023-02-28 05:45,5,Berlin Hbf,Hamburg Hbf,ICE,rain,False,False,False,3.8,False
2023-02-28,Tuesday,2,2023-02-28 07:37,7,Berlin Hbf,Hamburg Hbf,ICE,snow,False,True,False,14.0,True
2023-02-28,Tuesday,2,2023-02-28 08:12,8,Munich Hbf,Augsburg Hbf,RE,snow,False,True,False,6.3,True
2023-02-28,Tuesday,2,2023-02-28 09:39,9,Cologne Hbf,Bonn Hbf,RE,rain,False,False,False,0.3,False
2023-02-28,Tuesday,2,2023-02-28 10:34,10,Cologne Hbf,Bonn Hbf,RE,rain,False,False,False,1.0,False
2023-02-28,Tuesday,2,2023-02-28 11:59,11,Frankfurt(Main) Hbf,Stuttgart Hbf,IC,clear,False,False,False,4.4,False
2023-02-28,Tuesday,2,2023-02-28 13:15,13,Frankfurt(Main) Hbf,Stuttgart Hbf,IC,rain,False,False,False,5.9,True
2023-02-28,Tuesday,2,2023-02-28 14:27,14,Cologne Hbf,Bonn Hbf,RE,snow,False,False,False,5.4,True
2023-02-28,Tuesday,2,2023-02-28 16:22,16,Munich Hbf,Augsburg Hbf,RE,snow,False,False,False,3.2,False
2023-02-28,Tuesday,2,2023-02-28 16:35,16,Frankfurt(Main) Hbf,Mainz Hbf,S-Bahn,snow,False,False,False,5.5,True
2023-02-28,Tuesday,2,2023-02-28 16:42,16,Leipzig Hbf,Dresden Hbf,RE,rain,False,False,False,1.7,False
2023-02-28,Tuesday,2,2023-02-28 17:16,17,Leipzig Hbf,Dresden Hbf,RE,snow,True,True,False,10.7,True
2023-02-28,Tuesday,2,2023-02-28 18:33,18,Cologne Hbf,Bonn Hbf,RE,snow,False,True,False,4.6,False
2023-02-28,Tuesday,2,2023-02-28 20:55,20,Berlin Hbf,Hamburg Hbf,ICE,snow,False,False,False,3.6,False
2023-03-01,Wednesday,3,2023-03-01 07:18,7,Cologne Hbf,Bonn Hbf,RE,clear,True,True,False,2.1,False
2023-03-01,Wednesday,3,2023-03-01 08:27,8,Frankfurt(Main) Hbf,Mainz Hbf,S-Bahn,clear,False,True,False,5.6,True
2023-03-01,Wednesday,3,2023-03-01 09:40,9,Leipzig Hbf,Dresden Hbf,RE,clear,False,False,False,3.4,False
2023-03-01,Wednesday,3,2023-03-01 13:07,13,Berlin Hbf,Hamburg Hbf,ICE,clear,False,False,False,2.5,False
2023-03-01,Wednesday,3,2023-03-01 14:27,14,Munich Hbf,Augsburg Hbf,RE,snow,True,False,False,7.9,True
2023-03-01,Wednesday,3,2023-03-01 17:17,17,Leipzig Hbf,Dresden Hbf,RE,rain,False,True,False,0.7,False
2023-03-01,Wednesday,3,2023-03-01 18:12,18,Frankfurt(Main) Hbf,Mainz Hbf,S-Bahn,rain,False,True,False,0.4,False
2023-03-01,Wednesday,3,2023-03-01 18:35,18,Berlin Hbf,Potsdam Hbf,S-Bahn,rain,False,True,False,0.8,False
2023-03-01,Wednesday,3,2023-03-01 19:49,19,Berlin Hbf,Potsdam Hbf,S-Bahn,clear,False,True,False,2.5,False
2023-03-01,Wednesday,3,2023-03-01 20:28,20,Cologne Hbf,Berlin Hbf,ICE,clear,False,False,False,1.6,False
2023-03-01,Wednesday,3,2023-03-01 21:55,21,Hamburg Hbf,Hannover Hbf,IC,clear,False,False,False,4.6,False
2023-03-02,Thursday,3,2023-03-02 05:57,5,Cologne Hbf,Bonn Hbf,RE,clear,False,False,False,1.7,False
2023-03-02,Thursday,3,2023-03-02 07:00,7,Munich Hbf,Augsburg Hbf,RE,clear,True,True,False,1.5,False
2023-03-02,Thursday,3,2023-03-02 07:58,7,Berlin Hbf,Potsdam Hbf,S-Bahn,clear,False,True,False,1.8,False
2023-03-02,Thursday,3,2023-03-02 08:44,8,Frankfurt(Main) Hbf,Mainz Hbf,S-Bahn,clear,False,True,False,1.5,False
2023-03-02,Thursday,3,2023-03-02 09:27,9,Hamburg Hbf,Hannover Hbf,IC,snow,False,False,False,7.3,True
2023-03-02,Thursday,3,2023-03-02 15:46,15,Leipzig Hbf,Dresden Hbf,RE,rain,False,False,False,0.3,False
2023-03-02,Thursday,3,2023-03-02 15:54,15,Berlin Hbf,Potsdam Hbf,S-Bahn,clear,False,False,False,3.7,False
2023-03-02,Thursday,3,2023-03-02 16:48,16,Berlin Hbf,Potsdam Hbf,S-Bahn,clear,False,False,False,1.7,False
2023-03-02,Thursday,3,2023-03-02 17:25,17,Cologne Hbf,Bonn Hbf,RE,snow,False,True,False,7.3,True
2023-03-02,Thursday,3,2023-03-02 17:42,17,Berlin Hbf,Hamburg Hbf,ICE,clear,True,True,False,6.4,True
2023-03-03,Friday,3,2023-03-03 06:45,6,Berlin Hbf,Potsdam Hbf,S-Bahn,clear,False,False,False,3.0,False
2023-03-03,Friday,3,2023-03-03 07:49,7,Frankfurt(Main) Hbf,Stuttgart Hbf,IC,clear,False,True,False,3.2,False
2023-03-03,Friday,3,2023-03-03 08:39,8,Berlin Hbf,Potsdam Hbf,S-Bahn,rain,False,True,False,6.6,True
2023-03-03,Friday,3,2023-03-03 12:32,12,Frankfurt(Main) Hbf,Stuttgart Hbf,IC,rain,False,False,False,7.2,True
2023-03-03,Friday,3,2023-03-03 16:50,16,Munich Hbf,Augsburg Hbf,RE,rain,False,False,False,1.3,False
2023-03-03,Friday,3,2023-03-03 19:00,19,Leipzig Hbf,Dresden Hbf,RE,clear,False,True,False,5.0,False
2023-03-03,Friday,3,2023-03-03 19:18,19,Munich Hbf,Frankfurt(Main) Hbf,ICE,clear,False,True,False,4.0,False
2023-03-03,Friday,3,2023-03-03 19:32,19,Frankfurt(Main) Hbf,Mainz Hbf,S-Bahn,rain,False,True,False,0.8,False
2023-03-04,Saturday,3,2023-03-04 07:33,7,Berlin Hbf,Potsdam Hbf,S-Bahn,rain,False,True,True,1.3,False
2023-03-04,Saturday,3,2023-03-04 07:53,7,Frankfurt(Main) Hbf,Mainz Hbf,S-Bahn,clear,False,True,True,1.2,False
2023-03-04,Saturday,3,2023-03-04 08:27,8,Frankfurt(Main) Hbf,Mainz Hbf,S-Bahn,storm,True,True,True,0.4,False
2023-03-04,Saturday,3,2023-03-04 08:42,8,Frankfurt(Main) Hbf,Mainz Hbf,S-Bahn,rain,False,True,True,0.8,False
2023-03-04,Saturday,3,2023-03-04 08:43,8,Cologne Hbf,Bonn Hbf,RE,snow,False,True,True,8.1,True
2023-03-04,Saturday,3,2023-03-04 11:26,11,Hamburg Hbf,Hannover Hbf,IC,clear,False,False,True,2.5,False
2023-03-04,Saturday,3,2023-03-04 15:38,15,Frankfurt(Main) Hbf,Mainz Hbf,S-Bahn,rain,False,False,True,0.1,False
2023-03-04,Saturday,3,2023-03-04 19:04,19,Munich Hbf,Augsburg Hbf,RE,rain,False,True,True,0.2,False
2023-03-05,Sunday,3,2023-03-05 07:15,7,Leipzig Hbf,Dresden Hbf,RE,clear,False,True,True,0.6,False
2023-03-05,Sunday,3,2023-03-05 07:24,7,Berlin Hbf,Potsdam Hbf,S-Bahn,clear,False,True,True,4.9,False
2023-03-05,Sunday,3,2023-03-05 08:29,8,Leipzig Hbf,Dresden Hbf,RE,clear,False,True,True,1.6,False
2023-03-05,Sunday,3,2023-03-05 08:59,8,Cologne Hbf,Bonn Hbf,RE,clear,False,True,True,50.4,True
2023-03-05,Sunday,3,2023-03-05 11:33,11,Cologne Hbf,Berlin Hbf,ICE,rain,False,False,True,7.2,True
2023-03-05,Sunday,3,2023-03-05 14:02,14,Hamburg Hbf,Hannover Hbf,IC,clear,False,False,True,4.3,False
2023-03-05,Sunday,3,2023-03-05 14:42,14,Leipzig Hbf,Dresden Hbf,RE,storm,True,False,True,6.0,True
2023-03-05,Sunday,3,2023-03-05 18:56,18,Munich Hbf,Augsburg Hbf,RE,clear,False,True,True,0.6,False
2023-03-06,Monday,3,2023-03-06 05:00,5,Frankfurt(Main) Hbf,Stuttgart Hbf,IC,rain,False,False,False,2.5,False
2023-03-06,Monday,3,2023-03-06 07:18,7,Frankfurt(Main) Hbf,Mainz Hbf,S-Bahn,snow,False,True,False,4.8,False
2023-03-06,Monday,3,2023-03-06 07:57,7,Frankfurt(Main) Hbf,Stuttgart Hbf,IC,snow,False,True,False,10.3,True
2023-03-06,Monday,3,2023-03-06 09:15,9,Leipzig Hbf,Dresden Hbf,RE,storm,False,False,False,2.8,False
2023-03-06,Monday,3,2023-03-06 09:17,9,Berlin Hbf,Hamburg Hbf,ICE,rain,False,False,False,3.5,False
2023-03-06,Monday,3,2023-03-06 13:54,13,Leipzig Hbf,Dresden Hbf,RE,clear,False,False,False,2.9,False
2023-03-06,Monday,3,2023-03-06 17:44,17,Frankfurt(Main) Hbf,Mainz Hbf,S-Bahn,clear,False,True,False,1.3,False
2023-03-06,Monday,3,2023-03-06 18:41,18,Munich Hbf,Frankfurt(Main) Hbf,ICE,clear,False,True,False,9.8,True
2023-03-06,Monday,3,2023-03-06 20:56,20,Frankfurt(Main) Hbf,Mainz Hbf,S-Bahn,clear,True,False,False,3.7,False
2023-03-06,Monday,3,2023-03-06 22:31,22,Berlin Hbf,Hamburg Hbf,ICE,snow,False,False,False,11.8,True
2023-03-07,Tuesday,3,2023-03-07 12:25,12,Berlin Hbf,Potsdam Hbf,S-Bahn,rain,True,False,False,0.4,False
2023-03-07,Tuesday,3,2023-03-07 14:34,14,Berlin Hbf,Hamburg Hbf,ICE,clear,False,False,False,8.0,True
2023-03-07,Tuesday,3,2023-03-07 14:49,14,Munich Hbf,Augsburg Hbf,RE,clear,False,False,False,1.2,False
2023-03-07,Tuesday,3,2023-03-07 16:40,16,Cologne Hbf,Bonn Hbf,RE,clear,False,False,False,1.4,False
2023-03-07,Tuesday,3,2023-03-07 17:35,17,Cologne Hbf,Berlin Hbf,ICE,clear,False,True,False,3.8,False
2023-03-07,Tuesday,3,2023-03-07 17:57,17,Munich Hbf,Augsburg Hbf,RE,rain,False,True,False,1.7,False
2023-03-07,Tuesday,3,2023-03-07 21:19,21,Munich Hbf,Augsburg Hbf,RE,clear,False,False,False,1.3,False
2023-03-08,Wednesday,3,2023-03-08 05:37,5,Frankfurt(Main) Hbf,Stuttgart Hbf,IC,clear,False,False,False,4.4,False
2023-03-08,Wednesday,3,2023-03-08 08:25,8,Cologne Hbf,Bonn Hbf,RE,clear,False,True,False,1.2,False
2023-03-08,Wednesday,3,2023-03-08 08:27,8,Munich Hbf,Frankfurt(Main) Hbf,ICE,clear,False,True,False,5.2,True
2023-03-08,Wednesday,3,2023-03-08 09:52,9,Berlin Hbf,Hamburg Hbf,ICE,clear,False,False,False,1.1,False
2023-03-08,Wednesday,3,2023-03-08 10:20,10,Cologne Hbf,Berlin Hbf,ICE,rain,False,False,False,6.6,True
2023-03-08,Wednesday,3,2023-03-08 10:24,10,Cologne Hbf,Bonn Hbf,RE,clear,False,False,False,1.8,False
2023-03-08,Wednesday,3,2023-03-08 12:17,12,Berlin Hbf,Hamburg Hbf,ICE,clear,False,False,False,2.3,False
2023-03-08,Wednesday,3,2023-03-08 12:47,12,Frankfurt(Main) Hbf,Mainz Hbf,S-Bahn,clear,False,False,False,2.3,False
2023-03-08,Wednesday,3,2023-03-08 14:17,14,Munich Hbf,Frankfurt(Main) Hbf,ICE,clear,True,False,False,5.8,True
2023-03-08,Wednesday,3,2023-03-08 16:27,16,Frankfurt(Main) Hbf,Stuttgart Hbf,IC,clear,False,False,False,1.7,False
2023-03-08,Wednesday,3,2023-03-08 16:36,16,Cologne Hbf,Berlin Hbf,ICE,rain,True,False,False,6.5,True
2023-03-08,Wednesday,3,2023-03-08 16:48,16,Cologne Hbf,Berlin Hbf,ICE,clear,False,False,False,5.1,True
2023-03-08,Wednesday,3,2023-03-08 20:52,20,Berlin Hbf,Hamburg Hbf,ICE,rain,False,False,False,4.1,False
2023-03-09,Thursday,3,2023-03-09 08:02,8,Frankfurt(Main) Hbf,Mainz Hbf,S-Bahn,clear,False,True,False,1.1,False
2023-03-09,Thursday,3,2023-03-09 08:46,8,Munich Hbf,Frankfurt(Main) Hbf,ICE,clear,True,True,False,12.6,True
2023-03-09,Thursday,3,2023-03-09 10:31,10,Cologne Hbf,Berlin Hbf,ICE,clear,False,False,False,5.4,True
2023-03-09,Thursday,3,2023-03-09 16:03,16,Hamburg Hbf,Hannover Hbf,IC,clear,False,False,False,2.3,False
2023-03-09,Thursday,3,2023-03-09 19:31,19,Frankfurt(Main) Hbf,Stuttgart Hbf,IC,clear,False,True,False,4.7,False
2023-03-09,Thursday,3,2023-03-09 20:26,20,Frankfurt(Main) Hbf,Stuttgart Hbf,IC,clear,False,False,False,2.3,False
2023-03-09,Thursday,3,2023-03-09 20:55,20,Hamburg Hbf,Hannover Hbf,IC,clear,False,False,False,1.7,False
2023-03-09,Thursday,3,2023-03-09 20:55,20,Cologne Hbf,Berlin Hbf,ICE,clear,False,False,False,2.6,False
2023-03-10,Friday,3,2023-03-10 06:15,6,Hamburg Hbf,Hannover Hbf,IC,clear,False,False,False,4.5,False
2023-03-10,Friday,3,2023-03-10 07:12,7,Frankfurt(Main) Hbf,Mainz Hbf,S-Bahn,clear,False,True,False,2.1,False
2023-03-10,Friday,3,2023-03-10 08:14,8,Munich Hbf,Augsburg Hbf,RE,clear,False,True,False,0.6,False
2023-03-10,Friday,3,2023-03-10 08:46,8,Munich Hbf,Augsburg Hbf,RE,rain,False,True,False,1.0,False
2023-03-10,Friday,3,2023-03-10 09:22,9,Berlin Hbf,Hamburg Hbf,ICE,rain,False,False,False,11.9,True
2023-03-10,Friday,3,2023-03-10 09:24,9,Berlin Hbf,Hamburg Hbf,ICE,rain,False,False,False,4.7,False
2023-03-10,Friday,3,2023-03-10 09:49,9,Berlin Hbf,Hamburg Hbf,ICE,clear,True,False,False,2.9,False
2023-03-10,Friday,3,2023-03-10 13:48,13,Munich Hbf,Frankfurt(Main) Hbf,ICE,clear,False,False,False,2.3,False
2023-03-10,Friday,3,2023-03-10 16:14,16,Hamburg Hbf,Hannover Hbf,IC,clear,False,False,False,3.3,False
2023-03-10,Friday,3,2023-03-10 17:46,17,Munich Hbf,Augsburg Hbf,RE,rain,False,True,False,1.4,False
2023-03-10,Friday,3,2023-03-10 19:41,19,Munich Hbf,Augsburg Hbf,RE,clear,True,True,False,2.3,False
2023-03-10,Friday,3,2023-03-10 19:48,19,Munich Hbf,Frankfurt(Main) Hbf,ICE,rain,False,True,False,8.7,True
2023-03-10,Friday,3,2023-03-10 21:37,21,Frankfurt(Main) Hbf,Stuttgart Hbf,IC,rain,False,False,False,4.9,False
2023-03-11,Saturday,3,2023-03-11 05:22,5,Cologne Hbf,Berlin Hbf,ICE,clear,False,False,True,1.3,False
2023-03-11,Saturday,3,2023-03-11 06:30,6,Leipzig Hbf,Dresden Hbf,RE,snow,True,False,True,6.8,True
2023-03-11,Saturday,3,2023-03-11 07:19,7,Cologne Hbf,Bonn Hbf,RE,snow,False,True,True,0.4,False
2023-03-11,Saturday,3,2023-03-11 07:35,7,Leipzig Hbf,Dresden Hbf,RE,clear,False,True,True,3.3,False
2023-03-11,Saturday,3,2023-03-11 07:48,7,Hamburg Hbf,Hannover Hbf,IC,clear,False,True,True,1.9,False
2023-03-11,Saturday,3,2023-03-11 10:09,10,Berlin Hbf,Potsdam Hbf,S-Bahn,rain,False,False,True,1.6,False
2023-03-11,Saturday,3,2023-03-11 11:55,11,Munich Hbf,Frankfurt(Main) Hbf,ICE,rain,False,False,True,3.2,False
2023-03-11,Saturday,3,2023-03-11 12:59,12,Frankfurt(Main) Hbf,Stuttgart Hbf,IC,clear,False,False,True,4.5,False
2023-03-11,Saturday,3,2023-03-11 16:43,16,Hamburg Hbf,Hannover Hbf,IC,rain,False,False,True,6.7,True
2023-03-12,Sunday,3,2023-03-12 05:47,5,Berlin Hbf,Hamburg Hbf,ICE,clear,False,False,True,1.1,False
2023-03-12,Sunday,3,2023-03-12 07:38,7,Cologne Hbf,Bonn Hbf,RE,clear,False,True,True,4.3,False
2023-03-12,Sunday,3,2023-03-12 10:36,10,Berlin Hbf,Hamburg Hbf,ICE,storm,False,False,True,12.1,True
2023-03-12,Sunday,3,2023-03-12 11:19,11,Cologne Hbf,Berlin Hbf,ICE,clear,False,False,True,0.7,False
2023-03-12,Sunday,3,2023-03-12 11:33,11,Berlin Hbf,Hamburg Hbf,ICE,clear,False,False,True,1.3,False
2023-03-12,Sunday,3,2023-03-12 17:26,17,Frankfurt(Main) Hbf,Mainz Hbf,S-Bahn,clear,False,True,True,1.2,False
2023-03-12,Sunday,3,2023-03-12 19:31,19,Frankfurt(Main) Hbf,Mainz Hbf,S-Bahn,rain,False,True,True,3.8,False
2023-03-13,Monday,3,2023-03-13 08:17,8,Cologne Hbf,Berlin Hbf,ICE,clear,False,True,False,45.3,True
2023-03-13,Monday,3,2023-03-13 09:27,9,Munich Hbf,Frankfurt(Main) Hbf,ICE,snow,False,False,False,11.5,True
2023-03-13,Monday,3,2023-03-13 11:18,11,Munich Hbf,Frankfurt(Main) Hbf,ICE,rain,False,False,False,4.0,False
2023-03-13,Monday,3,2023-03-13 13:07,13,Hamburg Hbf,Hannover Hbf,IC,rain,False,False,False,1.7,False
2023-03-13,Monday,3,2023-03-13 14:50,14,Hamburg Hbf,Hannover Hbf,IC,rain,False,False,False,7.0,True
2023-03-13,Monday,3,2023-03-13 15:56,15,Hamburg Hbf,Hannover Hbf,IC,rain,False,False,False,3.5,False
2023-03-13,Monday,3,2023-03-13 19:48,19,Cologne Hbf,Bonn Hbf,RE,rain,False,True,False,3.0,False
2023-03-13,Monday,3,2023-03-13 22:38,22,Cologne Hbf,Berlin Hbf,ICE,clear,False,False,False,6.8,True
2023-03-14,Tuesday,3,2023-03-14 08:07,8,Frankfurt(Main) Hbf,Mainz Hbf,S-Bahn,rain,False,True,False,0.7,False
2023-03-14,Tuesday,3,2023-03-14 08:11,8,Cologne Hbf,Berlin Hbf,ICE,snow,False,True,False,17.2,True
2023-03-14,Tuesday,3,2023-03-14 08:53,8,Cologne Hbf,Bonn Hbf,RE,rain,False,True,False,1.2,False
2023-03-14,Tuesday,3,2023-03-14 09:05,9,Berlin Hbf,Potsdam Hbf,S-Bahn,rain,False,False,False,2.4,False
2023-03-14,Tuesday,3,2023-03-14 09:58,9,Berlin Hbf,Hamburg Hbf,ICE,snow,False,False,False,7.6,True
2023-03-14,Tuesday,3,2023-03-14 11:31,11,Frankfurt(Main) Hbf,Stuttgart Hbf,IC,clear,False,False,False,30.1,True
2023-03-14,Tuesday,3,2023-03-14 15:39,15,Munich Hbf,Frankfurt(Main) Hbf,ICE,rain,True,False,False,6.6,True
2023-03-14,Tuesday,3,2023-03-14 20:17,20,Cologne Hbf,Berlin Hbf,ICE,rain,False,False,False,72.7,True
2023-03-14,Tuesday,3,2023-03-14 22:12,22,Cologne Hbf,Berlin Hbf,ICE,clear,False,False,False,3.7,False
2023-03-15,Wednesday,3,2023-03-15 05:00,5,Berlin Hbf,Potsdam Hbf,S-Bahn,clear,False,False,False,2.4,False
2023-03-15,Wednesday,3,2023-03-15 05:37,5,Hamburg Hbf,Hannover Hbf,IC,rain,False,False,False,5.4,True
2023-03-15,Wednesday,3,2023-03-15 06:57,6,Hamburg Hbf,Hannover Hbf,IC,clear,False,False,False,3.7,False
2023-03-15,Wednesday,3,2023-03-15 07:10,7,Cologne Hbf,Bonn Hbf,RE,rain,False,True,False,0.6,False
2023-03-15,Wednesday,3,2023-03-15 08:14,8,Cologne Hbf,Bonn Hbf,RE,clear,True,True,False,1.8,False
2023-03-15,Wednesday,3,2023-03-15 08:42,8,Hamburg Hbf,Hannover Hbf,IC,clear,False,True,False,2.3,False
2023-03-15,Wednesday,3,2023-03-15 08:59,8,Berlin Hbf,Potsdam Hbf,S-Bahn,clear,False,True,False,3.8,False
2023-03-15,Wednesday,3,2023-03-15 09:13,9,Berlin Hbf,Hamburg Hbf,ICE,clear,False,False,False,58.0,True
2023-03-15,Wednesday,3,2023-03-15 11:50,11,Berlin Hbf,Potsdam Hbf,S-Bahn,rain,False,False,False,3.8,False
2023-03-15,Wednesday,3,2023-03-15 13:44,13,Frankfurt(Main) Hbf,Stuttgart Hbf,IC,snow,True,False,False,13.5,True
2023-03-15,Wednesday,3,2023-03-15 15:04,15,Berlin Hbf,Potsdam Hbf,S-Bahn,snow,False,False,False,1.4,False
2023-03-16,Thursday,3,2023-03-16 05:30,5,Hamburg Hbf,Hannover Hbf,IC,clear,False,False,False,2.5,False
2023-03-16,Thursday,3,2023-03-16 07:57,7,Cologne Hbf,Bonn Hbf,RE,clear,False,True,False,1.2,False
2023-03-16,Thursday,3,2023-03-16 08:47,8,Hamburg Hbf,Hannover Hbf,IC,clear,False,True,False,2.2,False
2023-03-16,Thursday,3,2023-03-16 08:57,8,Frankfurt(Main) Hbf,Mainz Hbf,S-Bahn,rain,False,True,False,1.6,False
2023-03-16,Thursday,3,2023-03-16 09:29,9,Berlin Hbf,Hamburg Hbf,ICE,clear,False,False,False,12.4,True
2023-03-16,Thursday,3,2023-03-16 10:20,10,Berlin Hbf,Hamburg Hbf,ICE,clear,False,False,False,3.5,False
2023-03-16,Thursday,3,2023-03-16 11:00,11,Berlin Hbf,Hamburg Hbf,ICE,clear,False,False,False,4.9,False
2023-03-16,Thursday,3,2023-03-16 11:07,11,Hamburg Hbf,Hannover Hbf,IC,clear,False,False,False,0.1,False
2023-03-16,Thursday,3,2023-03-16 11:28,11,Cologne Hbf,Bonn Hbf,RE,clear,False,False,False,0.3,False
2023-03-16,Thursday,3,2023-03-16 11:46,11,Leipzig Hbf,Dresden Hbf,RE,clear,False,False,False,2.3,False
2023-03-16,Thursday,3,2023-03-16 11:57,11,Leipzig Hbf,Dresden Hbf,RE,clear,False,False,False,1.1,False
2023-03-16,Thursday,3,2023-03-16 13:56,13,Munich Hbf,Augsburg Hbf,RE,rain,False,False,False,1.0,False
2023-03-16,Thursday,3,2023-03-16 15:02,15,Leipzig Hbf,Dresden Hbf,RE,clear,False,False,False,1.1,False
2023-03-16,Thursday,3,2023-03-16 16:06,16,Frankfurt(Main) Hbf,Mainz Hbf,S-Bahn,rain,False,False,False,46.3,True
2023-03-16,Thursday,3,2023-03-16 16:58,16,Hamburg Hbf,Hannover Hbf,IC,snow,False,False,False,5.0,False
2023-03-16,Thursday,3,2023-03-16 18:42,18,Munich Hbf,Augsburg Hbf,RE,clear,False,True,False,0.8,False
2023-03-16,Thursday,3,2023-03-16 19:34,19,Hamburg Hbf,Hannover Hbf,IC,rain,False,True,False,3.9,False
2023-03-16,Thursday,3,2023-03-16 19:54,19,Munich Hbf,Frankfurt(Main) Hbf,ICE,rain,False,True,False,6.0,True
2023-03-16,Thursday,3,2023-03-16 20:08,20,Frankfurt(Main) Hbf,Mainz Hbf,S-Bahn,clear,False,False,False,6.0,True
2023-03-17,Friday,3,2023-03-17 07:06,7,Cologne Hbf,Bonn Hbf,RE,clear,False,True,False,1.4,False
2023-03-17,Friday,3,2023-03-17 09:17,9,Cologne Hbf,Bonn Hbf,RE,storm,False,False,False,2.3,False
2023-03-17,Friday,3,2023-03-17 09:57,9,Berlin Hbf,Potsdam Hbf,S-Bahn,clear,False,False,False,5.3,True
2023-03-17,Friday,3,2023-03-17 11:39,11,Munich Hbf,Frankfurt(Main) Hbf,ICE,rain,False,False,False,3.3,False
2023-03-17,Friday,3,2023-03-17 13:20,13,Frankfurt(Main) Hbf,Stuttgart Hbf,IC,clear,False,False,False,5.8,True
2023-03-17,Friday,3,2023-03-17 15:58,15,Cologne Hbf,Bonn Hbf,RE,clear,False,False,False,2.4,False
2023-03-17,Friday,3,2023-03-17 17:37,17,Hamburg Hbf,Hannover Hbf,IC,clear,True,True,False,5.7,True
2023-03-17,Friday,3,2023-03-17 18:17,18,Hamburg Hbf,Hannover Hbf,IC,clear,True,True,False,5.4,True
2023-03-17,Friday,3,2023-03-17 19:04,19,Berlin Hbf,Hamburg Hbf,ICE,clear,False,True,False,2.7,False
2023-03-17,Friday,3,2023-03-17 20:01,20,Hamburg Hbf,Hannover Hbf,IC,clear,False,False,False,5.1,True
2023-03-17,Friday,3,2023-03-17 20:35,20,Cologne Hbf,Berlin Hbf,ICE,clear,False,False,False,2.0,False
2023-03-17,Friday,3,2023-03-17 20:53,20,Munich Hbf,Frankfurt(Main) Hbf,ICE,rain,False,False,False,3.7,False
2023-03-18,Saturday,3,2023-03-18 07:28,7,Cologne Hbf,Bonn Hbf,RE,rain,False,True,True,2.3,False
2023-03-18,Saturday,3,2023-03-18 13:06,13,Hamburg Hbf,Hannover Hbf,IC,rain,False,False,True,1.5,False
2023-03-18,Saturday,3,2023-03-18 13:13,13,Berlin Hbf,Potsdam Hbf,S-Bahn,clear,False,False,True,3.1,False
2023-03-18,Saturday,3,2023-03-18 16:38,16,Frankfurt(Main) Hbf,Mainz Hbf,S-Bahn,clear,True,False,True,3.9,False
2023-03-18,Saturday,3,2023-03-18 17:08,17,Munich Hbf,Frankfurt(Main) Hbf,ICE,rain,False,True,True,4.4,False
2023-03-18,Saturday,3,2023-03-18 20:05,20,Berlin Hbf,Potsdam Hbf,S-Bahn,clear,False,False,True,4.2,False
2023-03-18,Saturday,3,2023-03-18 22:07,22,Berlin Hbf,Hamburg Hbf,ICE,clear,False,False,True,0.5,False
2023-03-19,Sunday,3,2023-03-19 05:16,5,Berlin Hbf,Hamburg Hbf,ICE,storm,False,False,True,6.5,True
2023-03-19,Sunday,3,2023-03-19 06:42,6,Munich Hbf,Frankfurt(Main) Hbf,ICE,rain,False,False,True,3.4,False
2023-03-19,Sunday,3,2023-03-19 07:20,7,Cologne Hbf,Bonn Hbf,RE,clear,False,True,True,0.5,False
2023-03-19,Sunday,3,2023-03-19 08:24,8,Cologne Hbf,Bonn Hbf,RE,clear,False,True,True,1.2,False
2023-03-19,Sunday,3,2023-03-19 11:45,11,Cologne Hbf,Berlin Hbf,ICE,rain,False,False,True,3.7,False
2023-03-19,Sunday,3,2023-03-19 15:03,15,Munich Hbf,Frankfurt(Main) Hbf,ICE,snow,False,False,True,5.3,True
2023-03-19,Sunday,3,2023-03-19 16:53,16,Frankfurt(Main) Hbf,Mainz Hbf,S-Bahn,rain,True,False,True,0.8,False
2023-03-19,Sunday,3,2023-03-19 16:59,16,Hamburg Hbf,Hannover Hbf,IC,clear,False,False,True,5.9,True
2023-03-19,Sunday,3,2023-03-19 17:08,17,Cologne Hbf,Berlin Hbf,ICE,clear,False,True,True,5.5,True
2023-03-19,Sunday,3,2023-03-19 18:02,18,Cologne Hbf,Bonn Hbf,RE,clear,False,True,True,2.1,False
2023-03-19,Sunday,3,2023-03-19 20:20,20,Frankfurt(Main) Hbf,Stuttgart Hbf,IC,clear,False,False,True,2.5,False
2023-03-19,Sunday,3,2023-03-19 22:06,22,Cologne Hbf,Bonn Hbf,RE,rain,False,False,True,0.8,False
2023-03-19,Sunday,3,2023-03-19 22:59,22,Berlin Hbf,Potsdam Hbf,S-Bahn,storm,False,False,True,3.8,False
2023-03-20,Monday,3,2023-03-20 07:18,7,Munich Hbf,Augsburg Hbf,RE,rain,False,True,False,2.0,False
2023-03-20,Monday,3,2023-03-20 07:50,7,Leipzig Hbf,Dresden Hbf,RE,clear,False,True,False,0.7,False
2023-03-20,Monday,3,2023-03-20 08:10,8,Frankfurt(Main) Hbf,Mainz Hbf,S-Bahn,rain,True,True,False,0.3,False
2023-03-20,Monday,3,2023-03-20 08:40,8,Berlin Hbf,Hamburg Hbf,ICE,clear,False,True,False,8.3,True
2023-03-20,Monday,3,2023-03-20 12:26,12,Cologne Hbf,Berlin Hbf,ICE,rain,False,False,False,9.4,True
2023-03-20,Monday,3,2023-03-20 13:30,13,Berlin Hbf,Hamburg Hbf,ICE,clear,True,False,False,2.2,False
2023-03-20,Monday,3,2023-03-20 16:36,16,Frankfurt(Main) Hbf,Mainz Hbf,S-Bahn,clear,False,False,False,2.8,False
2023-03-20,Monday,3,2023-03-20 16:47,16,Cologne Hbf,Bonn Hbf,RE,snow,False,False,False,5.6,True
2023-03-20,Monday,3,2023-03-20 17:06,17,Berlin Hbf,Potsdam Hbf,S-Bahn,rain,False,True,False,2.4,False
2023-03-20,Monday,3,2023-03-20 17:53,17,Berlin Hbf,Potsdam Hbf,S-Bahn,rain,True,True,False,1.4,False
2023-03-20,Monday,3,2023-03-20 18:17,18,Hamburg Hbf,Hannover Hbf,IC,rain,False,True,False,4.8,False
2023-03-20,Monday,3,2023-03-20 18:30,18,Leipzig Hbf,Dresden Hbf,RE,clear,False,True,False,4.2,False
2023-03-20,Monday,3,2023-03-20 22:34,22,Cologne Hbf,Berlin Hbf,ICE,snow,False,False,False,8.1,True
2023-03-20,Monday,3,2023-03-20 22:36,22,Berlin Hbf,Hamburg Hbf,ICE,clear,False,False,False,2.6,False
2023-03-21,Tuesday,3,2023-03-21 06:03,6,Berlin Hbf,Hamburg Hbf,ICE,rain,False,False,False,2.0,False
2023-03-21,Tuesday,3,2023-03-21 07:03,7,Munich Hbf,Frankfurt(Main) Hbf,ICE,clear,False,True,False,5.4,True
2023-03-21,Tuesday,3,2023-03-21 08:38,8,Leipzig Hbf,Dresden Hbf,RE,clear,True,True,False,3.1,False
2023-03-21,Tuesday,3,2023-03-21 09:09,9,Frankfurt(Main) Hbf,Stuttgart Hbf,IC,clear,False,False,False,3.0,False
2023-03-21,Tuesday,3,2023-03-21 09:28,9,Munich Hbf,Augsburg Hbf,RE,clear,False,False,False,1.2,False
2023-03-21,Tuesday,3,2023-03-21 09:32,9,Frankfurt(Main) Hbf,Stuttgart Hbf,IC,storm,False,False,False,8.4,True
2023-03-21,Tuesday,3,2023-03-21 10:19,10,Cologne Hbf,Bonn Hbf,RE,clear,False,False,False,0.4,False
2023-03-21,Tuesday,3,2023-03-21 11:27,11,Frankfurt(Main) Hbf,Stuttgart Hbf,IC,rain,False,False,False,5.4,True
2023-03-21,Tuesday,3,2023-03-21 12:27,12,Munich Hbf,Augsburg Hbf,RE,clear,False,False,False,1.1,False
2023-03-21,Tuesday,3,2023-03-21 13:19,13,Berlin Hbf,Potsdam Hbf,S-Bahn,clear,False,False,False,4.6,False
2023-03-21,Tuesday,3,2023-03-21 14:47,14,Munich Hbf,Augsburg Hbf,RE,clear,False,False,False,9.0,True
2023-03-21,Tuesday,3,2023-03-21 15:09,15,Munich Hbf,Augsburg Hbf,RE,clear,True,False,False,0.2,False
2023-03-21,Tuesday,3,2023-03-21 16:52,16,Cologne Hbf,Bonn Hbf,RE,clear,False,False,False,4.2,False
2023-03-21,Tuesday,3,2023-03-21 17:11,17,Cologne Hbf,Bonn Hbf,RE,snow,False,True,False,2.6,False
2023-03-21,Tuesday,3,2023-03-21 19:25,19,Munich Hbf,Frankfurt(Main) Hbf,ICE,clear,False,True,False,2.6,False
2023-03-21,Tuesday,3,2023-03-21 19:43,19,Hamburg Hbf,Hannover Hbf,IC,clear,False,True,False,2.6,False
2023-03-21,Tuesday,3,2023-03-21 21:27,21,Cologne Hbf,Berlin Hbf,ICE,clear,False,False,False,4.4,False
2023-03-21,Tuesday,3,2023-03-21 22:06,22,Berlin Hbf,Potsdam Hbf,S-Bahn,clear,True,False,False,0.7,False
2023-03-22,Wednesday,3,2023-03-22 06:16,6,Berlin Hbf,Hamburg Hbf,ICE,snow,False,False,False,13.1,True
2023-03-22,Wednesday,3,2023-03-22 07:13,7,Cologne Hbf,Bonn Hbf,RE,clear,False,True,False,4.4,False
2023-03-22,Wednesday,3,2023-03-22 07:47,7,Munich Hbf,Augsburg Hbf,RE,clear,True,True,False,0.3,False
2023-03-22,Wednesday,3,2023-03-22 08:04,8,Leipzig Hbf,Dresden Hbf,RE,clear,False,True,False,3.2,False
2023-03-22,Wednesday,3,2023-03-22 08:08,8,Munich Hbf,Frankfurt(Main) Hbf,ICE,clear,False,True,False,1.5,False
2023-03-22,Wednesday,3,2023-03-22 09:39,9,Leipzig Hbf,Dresden Hbf,RE,clear,False,False,False,4.2,False
2023-03-22,Wednesday,3,2023-03-22 10:45,10,Frankfurt(Main) Hbf,Mainz Hbf,S-Bahn,snow,False,False,False,3.9,False
2023-03-22,Wednesday,3,2023-03-22 14:05,14,Berlin Hbf,Potsdam Hbf,S-Bahn,rain,False,False,False,0.9,False
2023-03-22,Wednesday,3,2023-03-22 16:31,16,Leipzig Hbf,Dresden Hbf,RE,rain,False,False,False,5.1,True
2023-03-22,Wednesday,3,2023-03-22 17:16,17,Frankfurt(Main) Hbf,Mainz Hbf,S-Bahn,clear,False,True,False,2.6,False
2023-03-22,Wednesday,3,2023-03-22 19:23,19,Berlin Hbf,Hamburg Hbf,ICE,clear,True,True,False,5.0,False
2023-03-22,Wednesday,3,2023-03-22 19:58,19,Munich Hbf,Augsburg Hbf,RE,clear,True,True,False,1.2,False
2023-03-22,Wednesday,3,2023-03-22 20:18,20,Cologne Hbf,Berlin Hbf,ICE,snow,False,False,False,9.3,True
2023-03-22,Wednesday,3,2023-03-22 20:43,20,Munich Hbf,Frankfurt(Main) Hbf,ICE,rain,False,False,False,8.1,True
2023-03-23,Thursday,3,2023-03-23 08:06,8,Berlin Hbf,Potsdam Hbf,S-Bahn,clear,False,True,False,0.7,False
2023-03-23,Thursday,3,2023-03-23 08:11,8,Leipzig Hbf,Dresden Hbf,RE,clear,False,True,False,3.5,False
2023-03-23,Thursday,3,2023-03-23 08:55,8,Berlin Hbf,Potsdam Hbf,S-Bahn,rain,False,True,False,6.2,True
2023-03-23,Thursday,3,2023-03-23 09:01,9,Cologne Hbf,Bonn Hbf,RE,rain,True,False,False,1.1,False
2023-03-23,Thursday,3,2023-03-23 09:59,9,Frankfurt(Main) Hbf,Mainz Hbf,S-Bahn,clear,False,False,False,5.7,True
2023-03-23,Thursday,3,2023-03-23 10:42,10,Frankfurt(Main) Hbf,Stuttgart Hbf,IC,snow,False,False,False,12.7,True
2023-03-23,Thursday,3,2023-03-23 11:02,11,Munich Hbf,Frankfurt(Main) Hbf,ICE,rain,False,False,False,2.2,False
2023-03-23,Thursday,3,2023-03-23 13:44,13,Munich Hbf,Augsburg Hbf,RE,rain,True,False,False,8.4,True
2023-03-23,Thursday,3,2023-03-23 14:18,14,Frankfurt(Main) Hbf,Stuttgart Hbf,IC,rain,True,False,False,11.8,True
2023-03-23,Thursday,3,2023-03-23 14:36,14,Hamburg Hbf,Hannover Hbf,IC,clear,False,False,False,3.5,False
2023-03-23,Thursday,3,2023-03-23 16:46,16,Munich Hbf,Frankfurt(Main) Hbf,ICE,clear,True,False,False,2.3,False
2023-03-23,Thursday,3,2023-03-23 16:54,16,Berlin Hbf,Potsdam Hbf,S-Bahn,rain,False,False,False,0.4,False
2023-03-23,Thursday,3,2023-03-23 17:17,17,Hamburg Hbf,Hannover Hbf,IC,clear,False,True,False,2.1,False
2023-03-23,Thursday,3,2023-03-23 18:04,18,Berlin Hbf,Potsdam Hbf,S-Bahn,rain,False,True,False,1.2,False
2023-03-23,Thursday,3,2023-03-23 19:44,19,Berlin Hbf,Hamburg Hbf,ICE,storm,False,True,False,9.8,True
2023-03-23,Thursday,3,2023-03-23 20:30,20,Frankfurt(Main) Hbf,Mainz Hbf,S-Bahn,storm,False,False,False,1.9,False
2023-03-23,Thursday,3,2023-03-23 20:58,20,Berlin Hbf,Hamburg Hbf,ICE,clear,False,False,False,1.0,False
2023-03-24,Friday,3,2023-03-24 05:26,5,Munich Hbf,Augsburg Hbf,RE,rain,False,False,False,3.5,False
2023-03-24,Friday,3,2023-03-24 07:48,7,Berlin Hbf,Potsdam Hbf,S-Bahn,clear,False,True,False,3.7,False
2023-03-24,Friday,3,2023-03-24 08:53,8,Cologne Hbf,Berlin Hbf,ICE,clear,False,True,False,8.6,True
2023-03-24,Friday,3,2023-03-24 11:33,11,Leipzig Hbf,Dresden Hbf,RE,rain,False,False,False,75.4,True
2023-03-24,Friday,3,2023-03-24 13:48,13,Munich Hbf,Augsburg Hbf,RE,clear,False,False,False,1.4,False
2023-03-24,Friday,3,2023-03-24 15:49,15,Munich Hbf,Augsburg Hbf,RE,rain,True,False,False,4.0,False
2023-03-24,Friday,3,2023-03-24 16:21,16,Cologne Hbf,Berlin Hbf,ICE,clear,False,False,False,5.6,True
2023-03-24,Friday,3,2023-03-24 19:40,19,Munich Hbf,Augsburg Hbf,RE,clear,False,True,False,0.7,False
2023-03-25,Saturday,3,2023-03-25 05:39,5,Berlin Hbf,Hamburg Hbf,ICE,snow,False,False,True,14.7,True
2023-03-25,Saturday,3,2023-03-25 05:42,5,Leipzig Hbf,Dresden Hbf,RE,rain,False,False,True,3.0,False
2023-03-25,Saturday,3,2023-03-25 06:33,6,Munich Hbf,Augsburg Hbf,RE,clear,False,False,True,1.7,False
2023-03-25,Saturday,3,2023-03-25 07:12,7,Frankfurt(Main) Hbf,Mainz Hbf,S-Bahn,clear,False,True,True,1.6,False
2023-03-25,Saturday,3,2023-03-25 07:53,7,Frankfurt(Main) Hbf,Stuttgart Hbf,IC,snow,False,True,True,6.5,True
2023-03-25,Saturday,3,2023-03-25 08:21,8,Munich Hbf,Frankfurt(Main) Hbf,ICE,clear,False,True,True,10.2,True
2023-03-25,Saturday,3,2023-03-25 09:25,9,Cologne Hbf,Bonn Hbf,RE,clear,False,False,True,3.0,False
2023-03-25,Saturday,3,2023-03-25 09:43,9,Berlin Hbf,Hamburg Hbf,ICE,clear,False,False,True,3.1,False
2023-03-25,Saturday,3,2023-03-25 10:47,10,Berlin Hbf,Potsdam Hbf,S-Bahn,clear,False,False,True,0.2,False
2023-03-25,Saturday,3,2023-03-25 11:16,11,Frankfurt(Main) Hbf,Stuttgart Hbf,IC,rain,False,False,True,5.3,True
2023-03-25,Saturday,3,2023-03-25 15:03,15,Berlin Hbf,Potsdam Hbf,S-Bahn,clear,False,False,True,0.9,False
2023-03-25,Saturday,3,2023-03-25 15:46,15,Leipzig Hbf,Dresden Hbf,RE,rain,False,False,True,1.7,False
2023-03-25,Saturday,3,2023-03-25 17:41,17,Leipzig Hbf,Dresden Hbf,RE,clear,False,True,True,35.4,True
2023-03-26,Sunday,3,2023-03-26 06:30,6,Berlin Hbf,Hamburg Hbf,ICE,clear,False,False,True,1.3,False
2023-03-26,Sunday,3,2023-03-26 08:06,8,Cologne Hbf,Bonn Hbf,RE,rain,True,True,True,7.0,True
2023-03-26,Sunday,3,2023-03-26 08:16,8,Leipzig Hbf,Dresden Hbf,RE,clear,False,True,True,0.7,False
2023-03-26,Sunday,3,2023-03-26 08:43,8,Hamburg Hbf,Hannover Hbf,IC,rain,True,True,True,1.8,False
2023-03-26,Sunday,3,2023-03-26 13:20,13,Berlin Hbf,Potsdam Hbf,S-Bahn,snow,False,False,True,1.5,False
2023-03-26,Sunday,3,2023-03-26 14:20,14,Munich Hbf,Frankfurt(Main) Hbf,ICE,rain,True,False,True,5.3,True
2023-03-26,Sunday,3,2023-03-26 15:34,15,Frankfurt(Main) Hbf,Stuttgart Hbf,IC,clear,False,False,True,0.3,False
2023-03-26,Sunday,3,2023-03-26 16:45,16,Frankfurt(Main) Hbf,Mainz Hbf,S-Bahn,storm,True,False,True,2.5,False
2023-03-26,Sunday,3,2023-03-26 17:55,17,Leipzig Hbf,Dresden Hbf,RE,rain,False,True,True,2.9,False
2023-03-26,Sunday,3,2023-03-26 18:34,18,Berlin Hbf,Potsdam Hbf,S-Bahn,clear,True,True,True,1.9,False
2023-03-26,Sunday,3,2023-03-26 18:36,18,Munich Hbf,Augsburg Hbf,RE,clear,False,True,True,4.2,False
2023-03-26,Sunday,3,2023-03-26 18:42,18,Cologne Hbf,Berlin Hbf,ICE,rain,False,True,True,7.4,True
2023-03-26,Sunday,3,2023-03-26 19:04,19,Cologne Hbf,Berlin Hbf,ICE,rain,False,True,True,13.0,True
2023-03-26,Sunday,3,2023-03-26 21:43,21,Berlin Hbf,Hamburg Hbf,ICE,clear,False,False,True,1.9,False
2023-03-26,Sunday,3,2023-03-26 22:38,22,Hamburg Hbf,Hannover Hbf,IC,snow,False,False,True,8.3,True
2023-03-27,Monday,3,2023-03-27 05:16,5,Munich Hbf,Frankfurt(Main) Hbf,ICE,rain,True,False,False,10.1,True
2023-03-27,Monday,3,2023-03-27 06:27,6,Frankfurt(Main) Hbf,Stuttgart Hbf,IC,rain,False,False,False,4.6,False
2023-03-27,Monday,3,2023-03-27 07:58,7,Berlin Hbf,Potsdam Hbf,S-Bahn,rain,False,True,False,2.0,False
2023-03-27,Monday,3,2023-03-27 12:15,12,Frankfurt(Main) Hbf,Stuttgart Hbf,IC,clear,False,False,False,4.8,False
2023-03-27,Monday,3,2023-03-27 13:08,13,Frankfurt(Main) Hbf,Stuttgart Hbf,IC,storm,False,False,False,4.0,False
2023-03-27,Monday,3,2023-03-27 15:50,15,Cologne Hbf,Berlin Hbf,ICE,clear,False,False,False,1.6,False
2023-03-27,Monday,3,2023-03-27 16:14,16,Frankfurt(Main) Hbf,Mainz Hbf,S-Bahn,clear,True,False,False,3.4,False
2023-03-28,Tuesday,3,2023-03-28 05:56,5,Berlin Hbf,Hamburg Hbf,ICE,clear,False,False,False,1.8,False
2023-03-28,Tuesday,3,2023-03-28 07:06,7,Frankfurt(Main) Hbf,Mainz Hbf,S-Bahn,rain,False,True,False,2.0,False
2023-03-28,Tuesday,3,2023-03-28 08:16,8,Berlin Hbf,Potsdam Hbf,S-Bahn,rain,False,True,False,3.6,False
2023-03-28,Tuesday,3,2023-03-28 08:22,8,Berlin Hbf,Potsdam Hbf,S-Bahn,snow,False,True,False,0.3,False
2023-03-28,Tuesday,3,2023-03-28 11:01,11,Hamburg Hbf,Hannover Hbf,IC,rain,False,False,False,5.4,True
2023-03-28,Tuesday,3,2023-03-28 11:22,11,Leipzig Hbf,Dresden Hbf,RE,clear,False,False,False,1.8,False
2023-03-28,Tuesday,3,2023-03-28 11:35,11,Leipzig Hbf,Dresden Hbf,RE,rain,False,False,False,2.0,False
2023-03-28,Tuesday,3,2023-03-28 12:35,12,Hamburg Hbf,Hannover Hbf,IC,storm,False,False,False,5.7,True
2023-03-28,Tuesday,3,2023-03-28 13:25,13,Frankfurt(Main) Hbf,Stuttgart Hbf,IC,clear,False,False,False,0.6,False
2023-03-28,Tuesday,3,2023-03-28 15:52,15,Frankfurt(Main) Hbf,Stuttgart Hbf,IC,rain,False,False,False,6.5,True
2023-03-28,Tuesday,3,2023-03-28 16:29,16,Munich Hbf,Augsburg Hbf,RE,clear,False,False,False,1.9,False
2023-03-28,Tuesday,3,2023-03-28 17:02,17,Berlin Hbf,Potsdam Hbf,S-Bahn,clear,False,True,False,1.3,False
2023-03-28,Tuesday,3,2023-03-28 19:55,19,Berlin Hbf,Hamburg Hbf,ICE,clear,False,True,False,4.5,False
2023-03-29,Wednesday,3,2023-03-29 08:25,8,Frankfurt(Main) Hbf,Mainz Hbf,S-Bahn,clear,False,True,False,1.0,False
2023-03-29,Wednesday,3,2023-03-29 09:27,9,Leipzig Hbf,Dresden Hbf,RE,rain,False,False,False,0.9,False
2023-03-29,Wednesday,3,2023-03-29 13:43,13,Cologne Hbf,Bonn Hbf,RE,rain,False,False,False,0.7,False
2023-03-29,Wednesday,3,2023-03-29 14:28,14,Frankfurt(Main) Hbf,Mainz Hbf,S-Bahn,clear,True,False,False,6.9,True
2023-03-29,Wednesday,3,2023-03-29 17:18,17,Leipzig Hbf,Dresden Hbf,RE,storm,False,True,False,4.2,False
2023-03-29,Wednesday,3,2023-03-29 19:09,19,Hamburg Hbf,Hannover Hbf,IC,rain,False,True,False,6.5,True
2023-03-29,Wednesday,3,2023-03-29 20:34,20,Frankfurt(Main) Hbf,Mainz Hbf,S-Bahn,clear,False,False,False,2.5,False
2023-03-30,Thursday,3,2023-03-30 05:12,5,Leipzig Hbf,Dresden Hbf,RE,clear,True,False,False,4.2,False
2023-03-30,Thursday,3,2023-03-30 05:29,5,Berlin Hbf,Hamburg Hbf,ICE,clear,False,False,False,2.9,False
2023-03-30,Thursday,3,2023-03-30 11:06,11,Frankfurt(Main) Hbf,Mainz Hbf,S-Bahn,snow,False,False,False,4.1,False
2023-03-30,Thursday,3,2023-03-30 11:18,11,Cologne Hbf,Bonn Hbf,RE,snow,False,False,False,1.9,False
2023-03-30,Thursday,3,2023-03-30 11:57,11,Cologne Hbf,Berlin Hbf,ICE,clear,True,False,False,9.4,True
2023-03-30,Thursday,3,2023-03-30 16:26,16,Cologne Hbf,Bonn Hbf,RE,clear,False,False,False,0.5,False
2023-03-30,Thursday,3,2023-03-30 20:21,20,Berlin Hbf,Hamburg Hbf,ICE,rain,False,False,False,4.0,False
2023-03-30,Thursday,3,2023-03-30 21:27,21,Cologne Hbf,Berlin Hbf,ICE,rain,False,False,False,8.4,True
2023-03-31,Friday,3,2023-03-31 06:30,6,Frankfurt(Main) Hbf,Stuttgart Hbf,IC,clear,False,False,False,4.1,False
2023-03-31,Friday,3,2023-03-31 09:58,9,Frankfurt(Main) Hbf,Stuttgart Hbf,IC,rain,True,False,False,2.3,False
2023-03-31,Friday,3,2023-03-31 10:13,10,Munich Hbf,Frankfurt(Main) Hbf,ICE,clear,False,False,False,2.5,False
2023-03-31,Friday,3,2023-03-31 14:30,14,Frankfurt(Main) Hbf,Mainz Hbf,S-Bahn,rain,False,False,False,3.0,False
2023-03-31,Friday,3,2023-03-31 14:48,14,Hamburg Hbf,Hannover Hbf,IC,storm,False,False,False,5.6,True
2023-03-31,Friday,3,2023-03-31 15:20,15,Hamburg Hbf,Hannover Hbf,IC,clear,True,False,False,3.8,False
2023-03-31,Friday,3,2023-03-31 16:27,16,Munich Hbf,Augsburg Hbf,RE,clear,False,False,False,1.3,False
2023-03-31,Friday,3,2023-03-31 16:57,16,Leipzig Hbf,Dresden Hbf,RE,clear,False,False,False,2.6,False
2023-03-31,Friday,3,2023-03-31 17:58,17,Frankfurt(Main) Hbf,Stuttgart Hbf,IC,snow,False,True,False,8.8,True
2023-03-31,Friday,3,2023-03-31 18:23,18,Frankfurt(Main) Hbf,Stuttgart Hbf,IC,clear,False,True,False,5.1,True
2023-03-31,Friday,3,2023-03-31 19:14,19,Frankfurt(Main) Hbf,Mainz Hbf,S-Bahn,rain,False,True,False,1.9,False
2023-03-31,Friday,3,2023-03-31 22:36,22,Leipzig Hbf,Dresden Hbf,RE,rain,False,False,False,4.6,False
2023-04-01,Saturday,4,2023-04-01 07:01,7,Berlin Hbf,Potsdam Hbf,S-Bahn,clear,False,True,True,1.8,False
2023-04-01,Saturday,4,2023-04-01 08:11,8,Munich Hbf,Frankfurt(Main) Hbf,ICE,rain,False,True,True,1.9,False
2023-04-01,Saturday,4,2023-04-01 08:17,8,Munich Hbf,Augsburg Hbf,RE,storm,False,True,True,3.3,False
2023-04-01,Saturday,4,2023-04-01 08:56,8,Frankfurt(Main) Hbf,Mainz Hbf,S-Bahn,rain,True,True,True,0.6,False
2023-04-01,Saturday,4,2023-04-01 09:43,9,Berlin Hbf,Hamburg Hbf,ICE,rain,True,False,True,7.8,True
2023-04-01,Saturday,4,2023-04-01 09:52,9,Berlin Hbf,Potsdam Hbf,S-Bahn,clear,False,False,True,5.2,True
2023-04-01,Saturday,4,2023-04-01 11:23,11,Frankfurt(Main) Hbf,Stuttgart Hbf,IC,storm,True,False,True,8.7,True
2023-04-01,Saturday,4,2023-04-01 12:13,12,Hamburg Hbf,Hannover Hbf,IC,clear,True,False,True,3.7,False
2023-04-01,Saturday,4,2023-04-01 15:34,15,Berlin Hbf,Potsdam Hbf,S-Bahn,clear,False,False,True,0.2,False
2023-04-01,Saturday,4,2023-04-01 15:38,15,Berlin Hbf,Potsdam Hbf,S-Bahn,storm,False,False,True,3.3,False
2023-04-01,Saturday,4,2023-04-01 17:03,17,Frankfurt(Main) Hbf,Mainz Hbf,S-Bahn,clear,False,True,True,1.3,False
2023-04-01,Saturday,4,2023-04-01 18:37,18,Hamburg Hbf,Hannover Hbf,IC,clear,False,True,True,0.7,False
2023-04-01,Saturday,4,2023-04-01 21:24,21,Leipzig Hbf,Dresden Hbf,RE,clear,True,False,True,2.3,False
2023-04-02,Sunday,4,2023-04-02 05:55,5,Cologne Hbf,Berlin Hbf,ICE,storm,False,False,True,7.1,True
2023-04-02,Sunday,4,2023-04-02 08:24,8,Berlin Hbf,Potsdam Hbf,S-Bahn,clear,False,True,True,0.4,False
2023-04-02,Sunday,4,2023-04-02 08:28,8,Berlin Hbf,Hamburg Hbf,ICE,clear,False,True,True,3.4,False
2023-04-02,Sunday,4,2023-04-02 08:51,8,Frankfurt(Main) Hbf,Mainz Hbf,S-Bahn,storm,True,True,True,0.3,False
2023-04-02,Sunday,4,2023-04-02 11:34,11,Hamburg Hbf,Hannover Hbf,IC,rain,False,False,True,2.1,False
2023-04-02,Sunday,4,2023-04-02 13:25,13,Leipzig Hbf,Dresden Hbf,RE,rain,False,False,True,1.9,False
2023-04-02,Sunday,4,2023-04-02 15:46,15,Cologne Hbf,Berlin Hbf,ICE,rain,False,False,True,6.7,True
2023-04-02,Sunday,4,2023-04-02 16:05,16,Munich Hbf,Augsburg Hbf,RE,clear,False,False,True,7.5,True
2023-04-02,Sunday,4,2023-04-02 16:28,16,Berlin Hbf,Potsdam Hbf,S-Bahn,clear,True,False,True,8.2,True
2023-04-02,Sunday,4,2023-04-02 17:31,17,Frankfurt(Main) Hbf,Mainz Hbf,S-Bahn,clear,False,True,True,1.6,False
2023-04-02,Sunday,4,2023-04-02 17:37,17,Cologne Hbf,Berlin Hbf,ICE,clear,False,True,True,3.5,False
2023-04-02,Sunday,4,2023-04-02 18:44,18,Munich Hbf,Augsburg Hbf,RE,rain,False,True,True,2.8,False
2023-04-03,Monday,4,2023-04-03 08:03,8,Berlin Hbf,Potsdam Hbf,S-Bahn,clear,False,True,False,1.5,False
2023-04-03,Monday,4,2023-04-03 08:26,8,Leipzig Hbf,Dresden Hbf,RE,rain,False,True,False,3.2,False
2023-04-03,Monday,4,2023-04-03 10:08,10,Berlin Hbf,Potsdam Hbf,S-Bahn,rain,False,False,False,2.6,False
2023-04-03,Monday,4,2023-04-03 16:03,16,Leipzig Hbf,Dresden Hbf,RE,storm,False,False,False,2.9,False
2023-04-03,Monday,4,2023-04-03 17:45,17,Hamburg Hbf,Hannover Hbf,IC,clear,False,True,False,0.6,False
2023-04-03,Monday,4,2023-04-03 18:17,18,Frankfurt(Main) Hbf,Stuttgart Hbf,IC,clear,False,True,False,10.9,True
2023-04-03,Monday,4,2023-04-03 19:31,19,Munich Hbf,Augsburg Hbf,RE,clear,False,True,False,2.7,False
2023-04-03,Monday,4,2023-04-03 19:42,19,Leipzig Hbf,Dresden Hbf,RE,rain,False,True,False,3.1,False
2023-04-03,Monday,4,2023-04-03 20:03,20,Hamburg Hbf,Hannover Hbf,IC,clear,False,False,False,1.5,False
2023-04-03,Monday,4,2023-04-03 20:52,20,Berlin Hbf,Potsdam Hbf,S-Bahn,storm,False,False,False,0.5,False
2023-04-04,Tuesday,4,2023-04-04 05:38,5,Berlin Hbf,Potsdam Hbf,S-Bahn,clear,False,False,False,4.3,False
2023-04-04,Tuesday,4,2023-04-04 07:02,7,Munich Hbf,Augsburg Hbf,RE,clear,False,True,False,0.9,False
2023-04-04,Tuesday,4,2023-04-04 07:17,7,Frankfurt(Main) Hbf,Mainz Hbf,S-Bahn,clear,False,True,False,4.6,False
2023-04-04,Tuesday,4,2023-04-04 08:12,8,Frankfurt(Main) Hbf,Stuttgart Hbf,IC,rain,False,True,False,7.0,True
2023-04-04,Tuesday,4,2023-04-04 08:18,8,Berlin Hbf,Potsdam Hbf,S-Bahn,clear,False,True,False,2.1,False
2023-04-04,Tuesday,4,2023-04-04 08:25,8,Leipzig Hbf,Dresden Hbf,RE,rain,False,True,False,3.1,False
2023-04-04,Tuesday,4,2023-04-04 11:24,11,Berlin Hbf,Potsdam Hbf,S-Bahn,clear,False,False,False,0.3,False
2023-04-04,Tuesday,4,2023-04-04 11:55,11,Berlin Hbf,Hamburg Hbf,ICE,rain,False,False,False,10.8,True
2023-04-04,Tuesday,4,2023-04-04 12:13,12,Cologne Hbf,Bonn Hbf,RE,storm,False,False,False,2.6,False
2023-04-04,Tuesday,4,2023-04-04 15:41,15,Munich Hbf,Augsburg Hbf,RE,rain,False,False,False,1.1,False
2023-04-04,Tuesday,4,2023-04-04 16:26,16,Berlin Hbf,Potsdam Hbf,S-Bahn,clear,True,False,False,1.1,False
2023-04-04,Tuesday,4,2023-04-04 16:47,16,Leipzig Hbf,Dresden Hbf,RE,rain,False,False,False,3.0,False
2023-04-04,Tuesday,4,2023-04-04 17:36,17,Cologne Hbf,Berlin Hbf,ICE,rain,False,True,False,16.0,True
2023-04-04,Tuesday,4,2023-04-04 17:37,17,Cologne Hbf,Bonn Hbf,RE,clear,False,True,False,1.8,False
2023-04-04,Tuesday,4,2023-04-04 17:46,17,Cologne Hbf,Bonn Hbf,RE,rain,False,True,False,0.2,False
2023-04-05,Wednesday,4,2023-04-05 06:46,6,Cologne Hbf,Berlin Hbf,ICE,rain,False,False,False,5.5,True
2023-04-05,Wednesday,4,2023-04-05 13:24,13,Berlin Hbf,Hamburg Hbf,ICE,rain,False,False,False,2.6,False
2023-04-05,Wednesday,4,2023-04-05 15:18,15,Munich Hbf,Augsburg Hbf,RE,rain,False,False,False,1.9,False
2023-04-05,Wednesday,4,2023-04-05 15:48,15,Berlin Hbf,Potsdam Hbf,S-Bahn,clear,False,False,False,3.6,False
2023-04-05,Wednesday,4,2023-04-05 16:10,16,Leipzig Hbf,Dresden Hbf,RE,clear,False,False,False,1.0,False
2023-04-05,Wednesday,4,2023-04-05 16:40,16,Munich Hbf,Frankfurt(Main) Hbf,ICE,clear,True,False,False,6.8,True
2023-04-05,Wednesday,4,2023-04-05 17:10,17,Hamburg Hbf,Hannover Hbf,IC,clear,False,True,False,8.4,True
2023-04-05,Wednesday,4,2023-04-05 17:27,17,Munich Hbf,Frankfurt(Main) Hbf,ICE,clear,False,True,False,7.7,True
2023-04-05,Wednesday,4,2023-04-05 17:45,17,Cologne Hbf,Berlin Hbf,ICE,storm,False,True,False,11.9,True
2023-04-05,Wednesday,4,2023-04-05 21:52,21,Berlin Hbf,Hamburg Hbf,ICE,clear,False,False,False,1.7,False
2023-04-06,Thursday,4,2023-04-06 06:00,6,Frankfurt(Main) Hbf,Stuttgart Hbf,IC,rain,True,False,False,4.3,False
2023-04-06,Thursday,4,2023-04-06 10:29,10,Berlin Hbf,Potsdam Hbf,S-Bahn,snow,False,False,False,1.5,False
2023-04-06,Thursday,4,2023-04-06 11:16,11,Munich Hbf,Augsburg Hbf,RE,rain,False,False,False,0.7,False
2023-04-06,Thursday,4,2023-04-06 15:16,15,Frankfurt(Main) Hbf,Mainz Hbf,S-Bahn,clear,False,False,False,0.2,False
2023-04-06,Thursday,4,2023-04-06 16:41,16,Frankfurt(Main) Hbf,Stuttgart Hbf,IC,clear,False,False,False,2.2,False
2023-04-06,Thursday,4,2023-04-06 16:59,16,Cologne Hbf,Bonn Hbf,RE,clear,True,False,False,0.3,False
2023-04-06,Thursday,4,2023-04-06 17:01,17,Berlin Hbf,Potsdam Hbf,S-Bahn,clear,False,True,False,3.6,False
2023-04-06,Thursday,4,2023-04-06 17:17,17,Munich Hbf,Augsburg Hbf,RE,rain,False,True,False,1.4,False
2023-04-06,Thursday,4,2023-04-06 17:48,17,Cologne Hbf,Berlin Hbf,ICE,clear,False,True,False,6.3,True
2023-04-06,Thursday,4,2023-04-06 22:14,22,Berlin Hbf,Hamburg Hbf,ICE,clear,False,False,False,2.4,False
2023-04-06,Thursday,4,2023-04-06 22:46,22,Cologne Hbf,Berlin Hbf,ICE,clear,True,False,False,5.4,True
2023-04-07,Friday,4,2023-04-07 20:03,20,Cologne Hbf,Berlin Hbf,ICE,clear,False,False,False,2.6,False
2023-04-07,Friday,4,2023-04-07 21:06,21,Cologne Hbf,Bonn Hbf,RE,storm,True,False,False,2.0,False
2023-04-07,Friday,4,2023-04-07 22:41,22,Frankfurt(Main) Hbf,Stuttgart Hbf,IC,clear,False,False,False,3.8,False
2023-04-08,Saturday,4,2023-04-08 06:06,6,Frankfurt(Main) Hbf,Stuttgart Hbf,IC,clear,False,False,True,3.2,False
2023-04-08,Saturday,4,2023-04-08 08:56,8,Cologne Hbf,Bonn Hbf,RE,rain,False,True,True,3.3,False
2023-04-08,Saturday,4,2023-04-08 08:59,8,Berlin Hbf,Hamburg Hbf,ICE,clear,False,True,True,4.2,False
2023-04-08,Saturday,4,2023-04-08 09:04,9,Munich Hbf,Frankfurt(Main) Hbf,ICE,storm,False,False,True,6.0,True
2023-04-08,Saturday,4,2023-04-08 09:35,9,Cologne Hbf,Berlin Hbf,ICE,storm,False,False,True,12.6,True
2023-04-08,Saturday,4,2023-04-08 10:26,10,Berlin Hbf,Potsdam Hbf,S-Bahn,clear,False,False,True,12.4,True
2023-04-08,Saturday,4,2023-04-08 10:34,10,Cologne Hbf,Bonn Hbf,RE,clear,False,False,True,1.5,False
2023-04-08,Saturday,4,2023-04-08 11:24,11,Cologne Hbf,Bonn Hbf,RE,clear,False,False,True,0.5,False
2023-04-08,Saturday,4,2023-04-08 11:43,11,Munich Hbf,Frankfurt(Main) Hbf,ICE,storm,False,False,True,3.8,False
2023-04-08,Saturday,4,2023-04-08 12:26,12,Hamburg Hbf,Hannover Hbf,IC,clear,False,False,True,1.0,False
2023-04-08,Saturday,4,2023-04-08 12:59,12,Cologne Hbf,Berlin Hbf,ICE,clear,False,False,True,1.8,False
2023-04-08,Saturday,4,2023-04-08 16:34,16,Frankfurt(Main) Hbf,Mainz Hbf,S-Bahn,clear,False,False,True,6.1,True
2023-04-08,Saturday,4,2023-04-08 18:12,18,Frankfurt(Main) Hbf,Stuttgart Hbf,IC,clear,False,True,True,8.0,True
2023-04-08,Saturday,4,2023-04-08 18:54,18,Frankfurt(Main) Hbf,Mainz Hbf,S-Bahn,rain,False,True,True,0.6,False
2023-04-08,Saturday,4,2023-04-08 19:57,19,Cologne Hbf,Berlin Hbf,ICE,rain,False,True,True,5.1,True
2023-04-09,Sunday,4,2023-04-09 05:35,5,Berlin Hbf,Hamburg Hbf,ICE,clear,False,False,True,4.9,False
2023-04-09,Sunday,4,2023-04-09 06:11,6,Cologne Hbf,Bonn Hbf,RE,clear,False,False,True,3.2,False
2023-04-09,Sunday,4,2023-04-09 09:23,9,Cologne Hbf,Berlin Hbf,ICE,clear,True,False,True,5.6,True
2023-04-09,Sunday,4,2023-04-09 10:38,10,Cologne Hbf,Bonn Hbf,RE,clear,False,False,True,1.7,False
2023-04-09,Sunday,4,2023-04-09 12:26,12,Berlin Hbf,Hamburg Hbf,ICE,clear,False,False,True,12.5,True
2023-04-09,Sunday,4,2023-04-09 15:18,15,Cologne Hbf,Bonn Hbf,RE,storm,False,False,True,0.9,False
2023-04-09,Sunday,4,2023-04-09 21:53,21,Munich Hbf,Frankfurt(Main) Hbf,ICE,clear,False,False,True,3.0,False
2023-04-09,Sunday,4,2023-04-09 22:30,22,Leipzig Hbf,Dresden Hbf,RE,clear,False,False,True,2.7,False
2023-04-10,Monday,4,2023-04-10 05:33,5,Munich Hbf,Frankfurt(Main) Hbf,ICE,clear,False,False,False,1.2,False
2023-04-10,Monday,4,2023-04-10 05:56,5,Cologne Hbf,Berlin Hbf,ICE,clear,False,False,False,2.5,False
2023-04-10,Monday,4,2023-04-10 12:52,12,Cologne Hbf,Berlin Hbf,ICE,clear,False,False,False,4.1,False
2023-04-10,Monday,4,2023-04-10 14:25,14,Munich Hbf,Augsburg Hbf,RE,rain,False,False,False,0.8,False
2023-04-10,Monday,4,2023-04-10 16:49,16,Cologne Hbf,Bonn Hbf,RE,clear,True,False,False,5.6,True
2023-04-10,Monday,4,2023-04-10 17:05,17,Leipzig Hbf,Dresden Hbf,RE,rain,False,True,False,3.1,False
2023-04-10,Monday,4,2023-04-10 19:31,19,Cologne Hbf,Berlin Hbf,ICE,clear,True,True,False,8.0,True
2023-04-10,Monday,4,2023-04-10 19:43,19,Berlin Hbf,Hamburg Hbf,ICE,rain,False,True,False,2.8,False
2023-04-10,Monday,4,2023-04-10 20:05,20,Frankfurt(Main) Hbf,Mainz Hbf,S-Bahn,clear,False,False,False,1.4,False
2023-04-11,Tuesday,4,2023-04-11 06:17,6,Cologne Hbf,Bonn Hbf,RE,clear,False,False,False,1.7,False
2023-04-11,Tuesday,4,2023-04-11 06:30,6,Frankfurt(Main) Hbf,Stuttgart Hbf,IC,clear,True,False,False,1.4,False
2023-04-11,Tuesday,4,2023-04-11 06:55,6,Frankfurt(Main) Hbf,Mainz Hbf,S-Bahn,clear,False,False,False,0.3,False
2023-04-11,Tuesday,4,2023-04-11 07:27,7,Berlin Hbf,Hamburg Hbf,ICE,rain,False,True,False,4.6,False
2023-04-11,Tuesday,4,2023-04-11 12:08,12,Cologne Hbf,Bonn Hbf,RE,clear,False,False,False,0.3,False
2023-04-11,Tuesday,4,2023-04-11 14:46,14,Cologne Hbf,Bonn Hbf,RE,rain,True,False,False,5.2,True
2023-04-11,Tuesday,4,2023-04-11 15:46,15,Cologne Hbf,Berlin Hbf,ICE,storm,False,False,False,7.3,True
2023-04-11,Tuesday,4,2023-04-11 16:39,16,Cologne Hbf,Bonn Hbf,RE,clear,False,False,False,0.7,False
2023-04-11,Tuesday,4,2023-04-11 17:42,17,Berlin Hbf,Potsdam Hbf,S-Bahn,clear,False,True,False,0.4,False
2023-04-12,Wednesday,4,2023-04-12 06:02,6,Berlin Hbf,Potsdam Hbf,S-Bahn,rain,False,False,False,2.7,False
2023-04-12,Wednesday,4,2023-04-12 06:57,6,Cologne Hbf,Bonn Hbf,RE,rain,False,False,False,1.2,False
2023-04-12,Wednesday,4,2023-04-12 07:32,7,Berlin Hbf,Potsdam Hbf,S-Bahn,clear,True,True,False,0.5,False
2023-04-12,Wednesday,4,2023-04-12 09:24,9,Berlin Hbf,Hamburg Hbf,ICE,rain,False,False,False,6.4,True
2023-04-12,Wednesday,4,2023-04-12 09:57,9,Munich Hbf,Augsburg Hbf,RE,rain,False,False,False,7.3,True
2023-04-12,Wednesday,4,2023-04-12 10:04,10,Munich Hbf,Frankfurt(Main) Hbf,ICE,rain,False,False,False,3.3,False
2023-04-12,Wednesday,4,2023-04-12 15:42,15,Berlin Hbf,Potsdam Hbf,S-Bahn,clear,False,False,False,0.4,False
2023-04-12,Wednesday,4,2023-04-12 17:13,17,Frankfurt(Main) Hbf,Mainz Hbf,S-Bahn,clear,False,True,False,0.7,False
2023-04-13,Thursday,4,2023-04-13 05:28,5,Frankfurt(Main) Hbf,Stuttgart Hbf,IC,clear,True,False,False,5.6,True
2023-04-13,Thursday,4,2023-04-13 12:21,12,Hamburg Hbf,Hannover Hbf,IC,storm,False,False,False,3.5,False
2023-04-13,Thursday,4,2023-04-13 13:10,13,Berlin Hbf,Hamburg Hbf,ICE,clear,True,False,False,4.5,False
2023-04-13,Thursday,4,2023-04-13 14:15,14,Berlin Hbf,Hamburg Hbf,ICE,clear,False,False,False,4.1,False
2023-04-13,Thursday,4,2023-04-13 14:21,14,Frankfurt(Main) Hbf,Mainz Hbf,S-Bahn,clear,False,False,False,1.6,False
2023-04-13,Thursday,4,2023-04-13 15:38,15,Munich Hbf,Frankfurt(Main) Hbf,ICE,rain,False,False,False,8.1,True
2023-04-13,Thursday,4,2023-04-13 16:47,16,Cologne Hbf,Berlin Hbf,ICE,rain,False,False,False,5.1,True
2023-04-13,Thursday,4,2023-04-13 17:02,17,Munich Hbf,Augsburg Hbf,RE,clear,False,True,False,1.1,False
2023-04-13,Thursday,4,2023-04-13 20:52,20,Berlin Hbf,Hamburg Hbf,ICE,clear,False,False,False,2.8,False
2023-04-13,Thursday,4,2023-04-13 20:53,20,Munich Hbf,Augsburg Hbf,RE,clear,False,False,False,1.5,False
2023-04-13,Thursday,4,2023-04-13 21:32,21,Frankfurt(Main) Hbf,Stuttgart Hbf,IC,rain,False,False,False,3.1,False
2023-04-14,Friday,4,2023-04-14 12:30,12,Cologne Hbf,Berlin Hbf,ICE,clear,False,False,False,6.5,True
2023-04-14,Friday,4,2023-04-14 16:03,16,Munich Hbf,Augsburg Hbf,RE,clear,False,False,False,1.6,False
2023-04-14,Friday,4,2023-04-14 16:25,16,Cologne Hbf,Berlin Hbf,ICE,clear,False,False,False,11.3,True
2023-04-14,Friday,4,2023-04-14 18:18,18,Frankfurt(Main) Hbf,Stuttgart Hbf,IC,snow,False,True,False,14.6,True
2023-04-14,Friday,4,2023-04-14 19:51,19,Cologne Hbf,Bonn Hbf,RE,clear,False,True,False,0.6,False
2023-04-14,Friday,4,2023-04-14 19:55,19,Munich Hbf,Frankfurt(Main) Hbf,ICE,rain,True,True,False,15.5,True
2023-04-14,Friday,4,2023-04-14 21:56,21,Munich Hbf,Frankfurt(Main) Hbf,ICE,rain,False,False,False,4.4,False
2023-04-15,Saturday,4,2023-04-15 05:29,5,Cologne Hbf,Berlin Hbf,ICE,clear,True,False,True,10.6,True
2023-04-15,Saturday,4,2023-04-15 06:24,6,Berlin Hbf,Hamburg Hbf,ICE,storm,False,False,True,7.6,True
2023-04-15,Saturday,4,2023-04-15 08:06,8,Munich Hbf,Frankfurt(Main) Hbf,ICE,storm,False,True,True,9.9,True
2023-04-15,Saturday,4,2023-04-15 10:15,10,Frankfurt(Main) Hbf,Stuttgart Hbf,IC,rain,False,False,True,2.3,False
2023-04-15,Saturday,4,2023-04-15 12:23,12,Munich Hbf,Frankfurt(Main) Hbf,ICE,clear,False,False,True,2.7,False
2023-04-15,Saturday,4,2023-04-15 12:47,12,Cologne Hbf,Berlin Hbf,ICE,storm,False,False,True,7.2,True
2023-04-15,Saturday,4,2023-04-15 12:51,12,Munich Hbf,Augsburg Hbf,RE,rain,False,False,True,5.7,True
2023-04-15,Saturday,4,2023-04-15 13:05,13,Leipzig Hbf,Dresden Hbf,RE,clear,False,False,True,9.4,True
2023-04-15,Saturday,4,2023-04-15 13:21,13,Frankfurt(Main) Hbf,Mainz Hbf,S-Bahn,rain,False,False,True,6.3,True
2023-04-15,Saturday,4,2023-04-15 13:22,13,Leipzig Hbf,Dresden Hbf,RE,snow,True,False,True,5.8,True
2023-04-15,Saturday,4,2023-04-15 14:04,14,Cologne Hbf,Bonn Hbf,RE,clear,False,False,True,0.1,False
2023-04-15,Saturday,4,2023-04-15 15:30,15,Munich Hbf,Augsburg Hbf,RE,clear,False,False,True,2.4,False
2023-04-15,Saturday,4,2023-04-15 15:47,15,Cologne Hbf,Bonn Hbf,RE,clear,False,False,True,1.4,False
2023-04-15,Saturday,4,2023-04-15 16:10,16,Hamburg Hbf,Hannover Hbf,IC,rain,False,False,True,2.1,False
2023-04-15,Saturday,4,2023-04-15 17:32,17,Frankfurt(Main) Hbf,Stuttgart Hbf,IC,rain,False,True,True,19.2,True
2023-04-15,Saturday,4,2023-04-15 19:22,19,Leipzig Hbf,Dresden Hbf,RE,clear,False,True,True,0.7,False
2023-04-15,Saturday,4,2023-04-15 20:03,20,Munich Hbf,Frankfurt(Main) Hbf,ICE,clear,False,False,True,1.6,False
2023-04-15,Saturday,4,2023-04-15 21:59,21,Frankfurt(Main) Hbf,Stuttgart Hbf,IC,storm,False,False,True,6.0,True
2023-04-16,Sunday,4,2023-04-16 08:10,8,Hamburg Hbf,Hannover Hbf,IC,storm,False,True,True,6.7,True
2023-04-16,Sunday,4,2023-04-16 09:05,9,Munich Hbf,Augsburg Hbf,RE,clear,False,False,True,3.0,False
2023-04-16,Sunday,4,2023-04-16 11:42,11,Munich Hbf,Augsburg Hbf,RE,clear,False,False,True,0.7,False
2023-04-16,Sunday,4,2023-04-16 12:54,12,Hamburg Hbf,Hannover Hbf,IC,clear,False,False,True,4.1,False
2023-04-16,Sunday,4,2023-04-16 13:04,13,Hamburg Hbf,Hannover Hbf,IC,clear,False,False,True,5.4,True
2023-04-16,Sunday,4,2023-04-16 13:09,13,Berlin Hbf,Hamburg Hbf,ICE,clear,False,False,True,1.4,False
2023-04-16,Sunday,4,2023-04-16 15:40,15,Frankfurt(Main) Hbf,Stuttgart Hbf,IC,clear,False,False,True,0.3,False
2023-04-16,Sunday,4,2023-04-16 16:10,16,Frankfurt(Main) Hbf,Mainz Hbf,S-Bahn,clear,False,False,True,1.4,False
2023-04-16,Sunday,4,2023-04-16 19:10,19,Frankfurt(Main) Hbf,Stuttgart Hbf,IC,rain,False,True,True,16.2,True
2023-04-16,Sunday,4,2023-04-16 19:32,19,Berlin Hbf,Hamburg Hbf,ICE,rain,False,True,True,5.0,False
2023-04-16,Sunday,4,2023-04-16 22:33,22,Berlin Hbf,Hamburg Hbf,ICE,clear,False,False,True,1.0,False
2023-04-17,Monday,4,2023-04-17 05:04,5,Munich Hbf,Augsburg Hbf,RE,rain,False,False,False,1.7,False
2023-04-17,Monday,4,2023-04-17 07:56,7,Munich Hbf,Frankfurt(Main) Hbf,ICE,clear,False,True,False,2.2,False
2023-04-17,Monday,4,2023-04-17 08:24,8,Cologne Hbf,Berlin Hbf,ICE,clear,False,True,False,4.5,False
2023-04-17,Monday,4,2023-04-17 09:17,9,Leipzig Hbf,Dresden Hbf,RE,clear,False,False,False,1.7,False
2023-04-17,Monday,4,2023-04-17 12:35,12,Hamburg Hbf,Hannover Hbf,IC,clear,False,False,False,2.0,False
2023-04-17,Monday,4,2023-04-17 17:16,17,Frankfurt(Main) Hbf,Mainz Hbf,S-Bahn,rain,False,True,False,2.2,False
2023-04-17,Monday,4,2023-04-17 17:17,17,Leipzig Hbf,Dresden Hbf,RE,clear,False,True,False,4.1,False
2023-04-17,Monday,4,2023-04-17 17:24,17,Cologne Hbf,Berlin Hbf,ICE,clear,False,True,False,4.8,False
2023-04-17,Monday,4,2023-04-17 17:49,17,Cologne Hbf,Bonn Hbf,RE,rain,False,True,False,4.0,False
2023-04-17,Monday,4,2023-04-17 18:16,18,Cologne Hbf,Berlin Hbf,ICE,clear,False,True,False,6.5,True
2023-04-17,Monday,4,2023-04-17 20:06,20,Frankfurt(Main) Hbf,Mainz Hbf,S-Bahn,clear,False,False,False,2.6,False
2023-04-17,Monday,4,2023-04-17 20:24,20,Munich Hbf,Frankfurt(Main) Hbf,ICE,rain,False,False,False,11.1,True
2023-04-17,Monday,4,2023-04-17 21:42,21,Hamburg Hbf,Hannover Hbf,IC,rain,False,False,False,1.3,False
2023-04-17,Monday,4,2023-04-17 22:18,22,Frankfurt(Main) Hbf,Stuttgart Hbf,IC,rain,True,False,False,3.5,False
2023-04-18,Tuesday,4,2023-04-18 05:00,5,Frankfurt(Main) Hbf,Mainz Hbf,S-Bahn,storm,False,False,False,0.4,False
2023-04-18,Tuesday,4,2023-04-18 06:53,6,Cologne Hbf,Bonn Hbf,RE,clear,False,False,False,2.0,False
2023-04-18,Tuesday,4,2023-04-18 07:41,7,Berlin Hbf,Potsdam Hbf,S-Bahn,rain,False,True,False,1.6,False
2023-04-18,Tuesday,4,2023-04-18 07:47,7,Munich Hbf,Augsburg Hbf,RE,rain,False,True,False,2.6,False
2023-04-18,Tuesday,4,2023-04-18 08:20,8,Frankfurt(Main) Hbf,Mainz Hbf,S-Bahn,rain,False,True,False,4.0,False
2023-04-18,Tuesday,4,2023-04-18 09:02,9,Leipzig Hbf,Dresden Hbf,RE,rain,False,False,False,0.5,False
2023-04-18,Tuesday,4,2023-04-18 10:33,10,Frankfurt(Main) Hbf,Stuttgart Hbf,IC,rain,False,False,False,22.7,True
2023-04-18,Tuesday,4,2023-04-18 13:27,13,Leipzig Hbf,Dresden Hbf,RE,clear,False,False,False,2.4,False
2023-04-18,Tuesday,4,2023-04-18 14:15,14,Cologne Hbf,Bonn Hbf,RE,clear,False,False,False,0.1,False
2023-04-18,Tuesday,4,2023-04-18 14:44,14,Frankfurt(Main) Hbf,Stuttgart Hbf,IC,rain,False,False,False,2.4,False
2023-04-18,Tuesday,4,2023-04-18 16:22,16,Leipzig Hbf,Dresden Hbf,RE,clear,False,False,False,3.3,False
2023-04-19,Wednesday,4,2023-04-19 05:02,5,Cologne Hbf,Berlin Hbf,ICE,rain,False,False,False,3.4,False
2023-04-19,Wednesday,4,2023-04-19 05:23,5,Hamburg Hbf,Hannover Hbf,IC,rain,False,False,False,2.4,False
2023-04-19,Wednesday,4,2023-04-19 05:43,5,Frankfurt(Main) Hbf,Stuttgart Hbf,IC,rain,False,False,False,1.4,False
2023-04-19,Wednesday,4,2023-04-19 06:45,6,Munich Hbf,Frankfurt(Main) Hbf,ICE,clear,False,False,False,2.7,False
2023-04-19,Wednesday,4,2023-04-19 07:30,7,Cologne Hbf,Bonn Hbf,RE,snow,False,True,False,2.7,False
2023-04-19,Wednesday,4,2023-04-19 09:18,9,Frankfurt(Main) Hbf,Stuttgart Hbf,IC,clear,False,False,False,1.7,False
2023-04-19,Wednesday,4,2023-04-19 10:18,10,Frankfurt(Main) Hbf,Mainz Hbf,S-Bahn,clear,False,False,False,1.7,False
2023-04-19,Wednesday,4,2023-04-19 10:20,10,Munich Hbf,Augsburg Hbf,RE,rain,False,False,False,1.8,False
2023-04-19,Wednesday,4,2023-04-19 16:28,16,Munich Hbf,Frankfurt(Main) Hbf,ICE,clear,True,False,False,6.9,True
2023-04-19,Wednesday,4,2023-04-19 17:04,17,Cologne Hbf,Bonn Hbf,RE,rain,False,True,False,3.3,False
2023-04-20,Thursday,4,2023-04-20 07:41,7,Frankfurt(Main) Hbf,Mainz Hbf,S-Bahn,rain,False,True,False,1.9,False
2023-04-20,Thursday,4,2023-04-20 08:04,8,Frankfurt(Main) Hbf,Mainz Hbf,S-Bahn,clear,False,True,False,0.9,False
2023-04-20,Thursday,4,2023-04-20 08:31,8,Berlin Hbf,Potsdam Hbf,S-Bahn,rain,False,True,False,0.9,False
2023-04-20,Thursday,4,2023-04-20 08:41,8,Cologne Hbf,Bonn Hbf,RE,clear,False,True,False,1.4,False
2023-04-20,Thursday,4,2023-04-20 08:41,8,Hamburg Hbf,Hannover Hbf,IC,clear,False,True,False,3.0,False
2023-04-20,Thursday,4,2023-04-20 15:43,15,Frankfurt(Main) Hbf,Stuttgart Hbf,IC,rain,False,False,False,4.9,False
2023-04-20,Thursday,4,2023-04-20 19:29,19,Munich Hbf,Augsburg Hbf,RE,rain,False,True,False,0.5,False
2023-04-21,Friday,4,2023-04-21 06:00,6,Hamburg Hbf,Hannover Hbf,IC,clear,True,False,False,5.9,True
2023-04-21,Friday,4,2023-04-21 16:06,16,Frankfurt(Main) Hbf,Mainz Hbf,S-Bahn,rain,False,False,False,0.8,False
2023-04-21,Friday,4,2023-04-21 16:16,16,Cologne Hbf,Bonn Hbf,RE,clear,False,False,False,1.0,False
2023-04-21,Friday,4,2023-04-21 17:19,17,Berlin Hbf,Potsdam Hbf,S-Bahn,rain,False,True,False,1.6,False
2023-04-22,Saturday,4,2023-04-22 07:42,7,Munich Hbf,Frankfurt(Main) Hbf,ICE,rain,False,True,True,8.0,True
2023-04-22,Saturday,4,2023-04-22 12:21,12,Frankfurt(Main) Hbf,Stuttgart Hbf,IC,clear,False,False,True,3.3,False
2023-04-22,Saturday,4,2023-04-22 12:21,12,Cologne Hbf,Berlin Hbf,ICE,clear,False,False,True,1.7,False
2023-04-22,Saturday,4,2023-04-22 14:24,14,Munich Hbf,Augsburg Hbf,RE,clear,True,False,True,6.0,True
2023-04-22,Saturday,4,2023-04-22 15:55,15,Munich Hbf,Augsburg Hbf,RE,rain,False,False,True,1.6,False
2023-04-22,Saturday,4,2023-04-22 17:06,17,Cologne Hbf,Bonn Hbf,RE,rain,False,True,True,1.7,False
2023-04-22,Saturday,4,2023-04-22 18:37,18,Munich Hbf,Augsburg Hbf,RE,rain,False,True,True,1.6,False
2023-04-22,Saturday,4,2023-04-22 21:14,21,Hamburg Hbf,Hannover Hbf,IC,clear,False,False,True,2.4,False
2023-04-23,Sunday,4,2023-04-23 05:09,5,Munich Hbf,Augsburg Hbf,RE,clear,False,False,True,0.9,False
2023-04-23,Sunday,4,2023-04-23 05:56,5,Munich Hbf,Augsburg Hbf,RE,clear,False,False,True,1.7,False
2023-04-23,Sunday,4,2023-04-23 10:16,10,Frankfurt(Main) Hbf,Mainz Hbf,S-Bahn,clear,False,False,True,2.8,False
2023-04-23,Sunday,4,2023-04-23 10:16,10,Frankfurt(Main) Hbf,Stuttgart Hbf,IC,rain,True,False,True,4.9,False
2023-04-23,Sunday,4,2023-04-23 12:16,12,Hamburg Hbf,Hannover Hbf,IC,clear,False,False,True,2.3,False
2023-04-23,Sunday,4,2023-04-23 12:34,12,Frankfurt(Main) Hbf,Stuttgart Hbf,IC,rain,False,False,True,3.1,False
2023-04-23,Sunday,4,2023-04-23 12:49,12,Cologne Hbf,Berlin Hbf,ICE,clear,False,False,True,2.8,False
2023-04-23,Sunday,4,2023-04-23 14:13,14,Berlin Hbf,Hamburg Hbf,ICE,storm,False,False,True,4.9,False
2023-04-23,Sunday,4,2023-04-23 16:28,16,Berlin Hbf,Hamburg Hbf,ICE,clear,False,False,True,0.6,False
2023-04-23,Sunday,4,2023-04-23 17:08,17,Cologne Hbf,Bonn Hbf,RE,clear,False,True,True,1.2,False
2023-04-23,Sunday,4,2023-04-23 18:07,18,Berlin Hbf,Potsdam Hbf,S-Bahn,clear,True,True,True,0.2,False
2023-04-23,Sunday,4,2023-04-23 20:47,20,Berlin Hbf,Hamburg Hbf,ICE,clear,False,False,True,2.5,False
2023-04-23,Sunday,4,2023-04-23 21:23,21,Frankfurt(Main) Hbf,Stuttgart Hbf,IC,rain,False,False,True,3.5,False
2023-04-24,Monday,4,2023-04-24 05:08,5,Berlin Hbf,Potsdam Hbf,S-Bahn,clear,False,False,False,4.7,False
2023-04-24,Monday,4,2023-04-24 06:26,6,Berlin Hbf,Potsdam Hbf,S-Bahn,clear,False,False,False,1.0,False
2023-04-24,Monday,4,2023-04-24 06:41,6,Munich Hbf,Augsburg Hbf,RE,clear,False,False,False,1.5,False
2023-04-24,Monday,4,2023-04-24 08:32,8,Leipzig Hbf,Dresden Hbf,RE,clear,False,True,False,3.1,False
2023-04-24,Monday,4,2023-04-24 08:42,8,Frankfurt(Main) Hbf,Mainz Hbf,S-Bahn,clear,True,True,False,0.7,False
2023-04-24,Monday,4,2023-04-24 08:50,8,Leipzig Hbf,Dresden Hbf,RE,rain,False,True,False,2.1,False
2023-04-24,Monday,4,2023-04-24 09:27,9,Frankfurt(Main) Hbf,Stuttgart Hbf,IC,clear,False,False,False,1.0,False
2023-04-24,Monday,4,2023-04-24 09:30,9,Munich Hbf,Frankfurt(Main) Hbf,ICE,storm,False,False,False,6.7,True
2023-04-24,Monday,4,2023-04-24 10:50,10,Munich Hbf,Frankfurt(Main) Hbf,ICE,clear,False,False,False,2.1,False
2023-04-24,Monday,4,2023-04-24 11:44,11,Berlin Hbf,Potsdam Hbf,S-Bahn,rain,False,False,False,5.4,True
2023-04-24,Monday,4,2023-04-24 11:47,11,Berlin Hbf,Potsdam Hbf,S-Bahn,rain,False,False,False,4.4,False
2023-04-24,Monday,4,2023-04-24 13:14,13,Frankfurt(Main) Hbf,Mainz Hbf,S-Bahn,rain,False,False,False,6.4,True
2023-04-24,Monday,4,2023-04-24 13:26,13,Munich Hbf,Augsburg Hbf,RE,storm,False,False,False,1.7,False
2023-04-24,Monday,4,2023-04-24 16:56,16,Frankfurt(Main) Hbf,Mainz Hbf,S-Bahn,rain,False,False,False,2.2,False
2023-04-24,Monday,4,2023-04-24 17:32,17,Munich Hbf,Augsburg Hbf,RE,clear,False,True,False,0.7,False
2023-04-24,Monday,4,2023-04-24 18:22,18,Frankfurt(Main) Hbf,Stuttgart Hbf,IC,clear,True,True,False,5.4,True
2023-04-24,Monday,4,2023-04-24 20:31,20,Hamburg Hbf,Hannover Hbf,IC,rain,False,False,False,2.0,False
2023-04-24,Monday,4,2023-04-24 21:56,21,Hamburg Hbf,Hannover Hbf,IC,clear,False,False,False,3.1,False
2023-04-25,Tuesday,4,2023-04-25 07:47,7,Leipzig Hbf,Dresden Hbf,RE,storm,False,True,False,4.4,False
2023-04-25,Tuesday,4,2023-04-25 08:13,8,Berlin Hbf,Hamburg Hbf,ICE,storm,False,True,False,9.3,True
2023-04-25,Tuesday,4,2023-04-25 08:14,8,Cologne Hbf,Bonn Hbf,RE,rain,False,True,False,5.9,True
2023-04-25,Tuesday,4,2023-04-25 08:54,8,Munich Hbf,Augsburg Hbf,RE,clear,False,True,False,1.8,False
2023-04-25,Tuesday,4,2023-04-25 09:43,9,Leipzig Hbf,Dresden Hbf,RE,rain,False,False,False,0.6,False
2023-04-25,Tuesday,4,2023-04-25 11:14,11,Munich Hbf,Frankfurt(Main) Hbf,ICE,clear,False,False,False,7.2,True
2023-04-25,Tuesday,4,2023-04-25 14:52,14,Hamburg Hbf,Hannover Hbf,IC,clear,False,False,False,3.5,False
2023-04-25,Tuesday,4,2023-04-25 16:13,16,Leipzig Hbf,Dresden Hbf,RE,clear,True,False,False,4.1,False
2023-04-25,Tuesday,4,2023-04-25 16:38,16,Hamburg Hbf,Hannover Hbf,IC,rain,False,False,False,2.3,False
2023-04-25,Tuesday,4,2023-04-25 18:56,18,Frankfurt(Main) Hbf,Stuttgart Hbf,IC,storm,False,True,False,6.6,True
2023-04-25,Tuesday,4,2023-04-25 21:30,21,Hamburg Hbf,Hannover Hbf,IC,clear,False,False,False,1.0,False
2023-04-25,Tuesday,4,2023-04-25 21:52,21,Munich Hbf,Augsburg Hbf,RE,snow,False,False,False,1.6,False
2023-04-26,Wednesday,4,2023-04-26 05:32,5,Munich Hbf,Frankfurt(Main) Hbf,ICE,storm,False,False,False,6.5,True
2023-04-26,Wednesday,4,2023-04-26 06:15,6,Cologne Hbf,Berlin Hbf,ICE,storm,True,False,False,11.0,True
2023-04-26,Wednesday,4,2023-04-26 06:19,6,Frankfurt(Main) Hbf,Stuttgart Hbf,IC,storm,False,False,False,3.0,False
2023-04-26,Wednesday,4,2023-04-26 07:01,7,Cologne Hbf,Berlin Hbf,ICE,rain,False,True,False,8.6,True
2023-04-26,Wednesday,4,2023-04-26 07:48,7,Munich Hbf,Augsburg Hbf,RE,clear,False,True,False,13.1,True
2023-04-26,Wednesday,4,2023-04-26 09:44,9,Munich Hbf,Augsburg Hbf,RE,rain,False,False,False,1.8,False
2023-04-26,Wednesday,4,2023-04-26 15:42,15,Berlin Hbf,Hamburg Hbf,ICE,storm,False,False,False,8.3,True
2023-04-26,Wednesday,4,2023-04-26 22:26,22,Munich Hbf,Frankfurt(Main) Hbf,ICE,clear,False,False,False,1.7,False
2023-04-27,Thursday,4,2023-04-27 07:48,7,Munich Hbf,Frankfurt(Main) Hbf,ICE,clear,True,True,False,4.4,False
2023-04-27,Thursday,4,2023-04-27 09:00,9,Berlin Hbf,Potsdam Hbf,S-Bahn,rain,False,False,False,1.8,False
2023-04-27,Thursday,4,2023-04-27 10:40,10,Munich Hbf,Augsburg Hbf,RE,clear,False,False,False,3.9,False
2023-04-27,Thursday,4,2023-04-27 11:33,11,Cologne Hbf,Berlin Hbf,ICE,rain,False,False,False,11.0,True
2023-04-27,Thursday,4,2023-04-27 12:34,12,Cologne Hbf,Berlin Hbf,ICE,storm,False,False,False,12.2,True
2023-04-27,Thursday,4,2023-04-27 14:42,14,Frankfurt(Main) Hbf,Mainz Hbf,S-Bahn,storm,False,False,False,2.0,False
2023-04-27,Thursday,4,2023-04-27 15:40,15,Hamburg Hbf,Hannover Hbf,IC,storm,False,False,False,7.8,True
2023-04-27,Thursday,4,2023-04-27 20:00,20,Frankfurt(Main) Hbf,Stuttgart Hbf,IC,rain,False,False,False,3.1,False
2023-04-28,Friday,4,2023-04-28 07:25,7,Frankfurt(Main) Hbf,Stuttgart Hbf,IC,rain,False,True,False,8.6,True
2023-04-28,Friday,4,2023-04-28 10:33,10,Munich Hbf,Frankfurt(Main) Hbf,ICE,storm,False,False,False,3.7,False
2023-04-28,Friday,4,2023-04-28 10:40,10,Berlin Hbf,Potsdam Hbf,S-Bahn,clear,False,False,False,2.7,False
2023-04-28,Friday,4,2023-04-28 10:42,10,Berlin Hbf,Hamburg Hbf,ICE,clear,False,False,False,5.0,False
2023-04-28,Friday,4,2023-04-28 12:33,12,Berlin Hbf,Hamburg Hbf,ICE,clear,False,False,False,1.7,False
2023-04-28,Friday,4,2023-04-28 12:51,12,Hamburg Hbf,Hannover Hbf,IC,rain,False,False,False,6.0,True
2023-04-28,Friday,4,2023-04-28 13:00,13,Munich Hbf,Augsburg Hbf,RE,clear,True,False,False,7.1,True
2023-04-28,Friday,4,2023-04-28 13:18,13,Hamburg Hbf,Hannover Hbf,IC,clear,False,False,False,5.2,True
2023-04-28,Friday,4,2023-04-28 14:24,14,Frankfurt(Main) Hbf,Mainz Hbf,S-Bahn,rain,False,False,False,1.5,False
2023-04-28,Friday,4,2023-04-28 15:40,15,Cologne Hbf,Berlin Hbf,ICE,clear,False,False,False,5.0,False
2023-04-28,Friday,4,2023-04-28 16:01,16,Leipzig Hbf,Dresden Hbf,RE,clear,False,False,False,2.8,False
2023-04-28,Friday,4,2023-04-28 16:19,16,Berlin Hbf,Hamburg Hbf,ICE,clear,True,False,False,5.1,True
2023-04-28,Friday,4,2023-04-28 16:38,16,Berlin Hbf,Potsdam Hbf,S-Bahn,clear,False,False,False,1.8,False
2023-04-29,Saturday,4,2023-04-29 06:15,6,Munich Hbf,Augsburg Hbf,RE,clear,False,False,True,1.4,False
2023-04-29,Saturday,4,2023-04-29 08:08,8,Leipzig Hbf,Dresden Hbf,RE,clear,False,True,True,1.4,False
2023-04-29,Saturday,4,2023-04-29 08:30,8,Berlin Hbf,Hamburg Hbf,ICE,rain,False,True,True,7.0,True
2023-04-29,Saturday,4,2023-04-29 11:25,11,Leipzig Hbf,Dresden Hbf,RE,clear,False,False,True,0.8,False
2023-04-29,Saturday,4,2023-04-29 13:37,13,Leipzig Hbf,Dresden Hbf,RE,clear,False,False,True,2.1,False
2023-04-29,Saturday,4,2023-04-29 15:38,15,Cologne Hbf,Bonn Hbf,RE,rain,False,False,True,0.7,False
2023-04-29,Saturday,4,2023-04-29 16:04,16,Munich Hbf,Augsburg Hbf,RE,clear,False,False,True,2.7,False
2023-04-29,Saturday,4,2023-04-29 16:13,16,Berlin Hbf,Hamburg Hbf,ICE,clear,False,False,True,3.0,False
2023-04-29,Saturday,4,2023-04-29 16:17,16,Hamburg Hbf,Hannover Hbf,IC,clear,False,False,True,4.2,False
2023-04-29,Saturday,4,2023-04-29 17:57,17,Leipzig Hbf,Dresden Hbf,RE,clear,False,True,True,2.3,False
2023-04-29,Saturday,4,2023-04-29 21:00,21,Frankfurt(Main) Hbf,Mainz Hbf,S-Bahn,rain,False,False,True,0.5,False
2023-04-30,Sunday,4,2023-04-30 07:50,7,Berlin Hbf,Potsdam Hbf,S-Bahn,snow,False,True,True,1.7,False
2023-04-30,Sunday,4,2023-04-30 08:42,8,Munich Hbf,Augsburg Hbf,RE,clear,False,True,True,5.1,True
2023-04-30,Sunday,4,2023-04-30 11:12,11,Cologne Hbf,Bonn Hbf,RE,storm,False,False,True,2.4,False
2023-04-30,Sunday,4,2023-04-30 12:52,12,Berlin Hbf,Hamburg Hbf,ICE,clear,False,False,True,4.1,False
2023-04-30,Sunday,4,2023-04-30 17:31,17,Munich Hbf,Frankfurt(Main) Hbf,ICE,clear,False,True,True,63.3,True
2023-04-30,Sunday,4,2023-04-30 17:36,17,Leipzig Hbf,Dresden Hbf,RE,rain,False,True,True,9.5,True
2023-04-30,Sunday,4,2023-04-30 21:58,21,Cologne Hbf,Bonn Hbf,RE,clear,False,False,True,2.6,False
2023-05-01,Monday,5,2023-05-01 06:11,6,Berlin Hbf,Hamburg Hbf,ICE,clear,False,False,False,1.3,False
2023-05-01,Monday,5,2023-05-01 07:58,7,Berlin Hbf,Potsdam Hbf,S-Bahn,clear,True,True,False,0.1,False
2023-05-01,Monday,5,2023-05-01 08:16,8,Berlin Hbf,Potsdam Hbf,S-Bahn,clear,False,True,False,0.3,False
2023-05-01,Monday,5,2023-05-01 09:10,9,Berlin Hbf,Potsdam Hbf,S-Bahn,rain,False,False,False,0.8,False
2023-05-01,Monday,5,2023-05-01 09:13,9,Cologne Hbf,Bonn Hbf,RE,storm,True,False,False,12.7,True
2023-05-01,Monday,5,2023-05-01 12:37,12,Leipzig Hbf,Dresden Hbf,RE,clear,False,False,False,1.0,False
2023-05-01,Monday,5,2023-05-01 14:10,14,Cologne Hbf,Bonn Hbf,RE,rain,False,False,False,2.0,False
2023-05-01,Monday,5,2023-05-01 15:13,15,Hamburg Hbf,Hannover Hbf,IC,clear,False,False,False,1.7,False
2023-05-01,Monday,5,2023-05-01 15:14,15,Munich Hbf,Frankfurt(Main) Hbf,ICE,clear,False,False,False,4.6,False
2023-05-01,Monday,5,2023-05-01 17:43,17,Berlin Hbf,Potsdam Hbf,S-Bahn,clear,True,True,False,3.4,False
2023-05-01,Monday,5,2023-05-01 18:02,18,Berlin Hbf,Hamburg Hbf,ICE,clear,False,True,False,11.0,True
2023-05-01,Monday,5,2023-05-01 22:14,22,Berlin Hbf,Potsdam Hbf,S-Bahn,rain,False,False,False,2.8,False
2023-05-02,Tuesday,5,2023-05-02 05:24,5,Frankfurt(Main) Hbf,Stuttgart Hbf,IC,rain,False,False,False,23.2,True
2023-05-02,Tuesday,5,2023-05-02 08:28,8,Hamburg Hbf,Hannover Hbf,IC,clear,False,True,False,4.3,False
2023-05-02,Tuesday,5,2023-05-02 09:50,9,Cologne Hbf,Berlin Hbf,ICE,clear,False,False,False,3.2,False
2023-05-02,Tuesday,5,2023-05-02 12:08,12,Munich Hbf,Augsburg Hbf,RE,clear,True,False,False,2.1,False
2023-05-02,Tuesday,5,2023-05-02 15:51,15,Frankfurt(Main) Hbf,Stuttgart Hbf,IC,clear,False,False,False,0.6,False
2023-05-02,Tuesday,5,2023-05-02 17:20,17,Frankfurt(Main) Hbf,Mainz Hbf,S-Bahn,clear,False,True,False,0.4,False
2023-05-02,Tuesday,5,2023-05-02 17:51,17,Frankfurt(Main) Hbf,Stuttgart Hbf,IC,storm,False,True,False,1.2,False
2023-05-02,Tuesday,5,2023-05-02 22:29,22,Berlin Hbf,Hamburg Hbf,ICE,clear,False,False,False,4.4,False
2023-05-03,Wednesday,5,2023-05-03 06:37,6,Munich Hbf,Frankfurt(Main) Hbf,ICE,clear,True,False,False,7.6,True
2023-05-03,Wednesday,5,2023-05-03 07:21,7,Leipzig Hbf,Dresden Hbf,RE,clear,False,True,False,63.6,True
2023-05-03,Wednesday,5,2023-05-03 08:30,8,Berlin Hbf,Potsdam Hbf,S-Bahn,rain,False,True,False,3.9,False
2023-05-03,Wednesday,5,2023-05-03 08:45,8,Hamburg Hbf,Hannover Hbf,IC,clear,False,True,False,5.7,True
2023-05-03,Wednesday,5,2023-05-03 11:14,11,Munich Hbf,Frankfurt(Main) Hbf,ICE,clear,False,False,False,7.7,True
2023-05-03,Wednesday,5,2023-05-03 11:58,11,Frankfurt(Main) Hbf,Mainz Hbf,S-Bahn,storm,False,False,False,3.4,False
2023-05-03,Wednesday,5,2023-05-03 13:43,13,Berlin Hbf,Hamburg Hbf,ICE,clear,False,False,False,2.6,False
2023-05-03,Wednesday,5,2023-05-03 14:17,14,Munich Hbf,Frankfurt(Main) Hbf,ICE,clear,False,False,False,1.9,False
2023-05-03,Wednesday,5,2023-05-03 14:51,14,Cologne Hbf,Berlin Hbf,ICE,rain,True,False,False,11.6,True
2023-05-03,Wednesday,5,2023-05-03 15:28,15,Cologne Hbf,Bonn Hbf,RE,clear,False,False,False,2.3,False
2023-05-03,Wednesday,5,2023-05-03 16:42,16,Berlin Hbf,Potsdam Hbf,S-Bahn,clear,False,False,False,1.8,False
2023-05-03,Wednesday,5,2023-05-03 17:34,17,Cologne Hbf,Bonn Hbf,RE,storm,False,True,False,2.8,False
2023-05-03,Wednesday,5,2023-05-03 19:22,19,Hamburg Hbf,Hannover Hbf,IC,clear,False,True,False,1.9,False
2023-05-04,Thursday,5,2023-05-04 07:44,7,Cologne Hbf,Berlin Hbf,ICE,clear,False,True,False,1.6,False
2023-05-04,Thursday,5,2023-05-04 09:44,9,Munich Hbf,Augsburg Hbf,RE,clear,False,False,False,5.3,True
2023-05-04,Thursday,5,2023-05-04 10:37,10,Cologne Hbf,Bonn Hbf,RE,clear,False,False,False,3.5,False
2023-05-04,Thursday,5,2023-05-04 11:16,11,Leipzig Hbf,Dresden Hbf,RE,rain,False,False,False,0.1,False
2023-05-04,Thursday,5,2023-05-04 13:02,13,Munich Hbf,Augsburg Hbf,RE,rain,True,False,False,2.8,False
2023-05-04,Thursday,5,2023-05-04 14:58,14,Frankfurt(Main) Hbf,Stuttgart Hbf,IC,clear,False,False,False,2.0,False
2023-05-04,Thursday,5,2023-05-04 16:19,16,Munich Hbf,Augsburg Hbf,RE,rain,True,False,False,3.5,False
2023-05-04,Thursday,5,2023-05-04 16:24,16,Leipzig Hbf,Dresden Hbf,RE,clear,False,False,False,0.4,False
2023-05-04,Thursday,5,2023-05-04 17:04,17,Munich Hbf,Augsburg Hbf,RE,storm,False,True,False,1.3,False
2023-05-04,Thursday,5,2023-05-04 21:50,21,Berlin Hbf,Hamburg Hbf,ICE,storm,True,False,False,6.6,True
2023-05-05,Friday,5,2023-05-05 05:40,5,Cologne Hbf,Berlin Hbf,ICE,clear,False,False,False,4.4,False
2023-05-05,Friday,5,2023-05-05 06:28,6,Frankfurt(Main) Hbf,Mainz Hbf,S-Bahn,clear,False,False,False,0.9,False
2023-05-05,Friday,5,2023-05-05 07:04,7,Munich Hbf,Frankfurt(Main) Hbf,ICE,clear,False,True,False,9.0,True
2023-05-05,Friday,5,2023-05-05 08:24,8,Cologne Hbf,Berlin Hbf,ICE,clear,False,True,False,4.5,False
2023-05-05,Friday,5,2023-05-05 08:59,8,Berlin Hbf,Potsdam Hbf,S-Bahn,clear,False,True,False,2.9,False
2023-05-05,Friday,5,2023-05-05 11:49,11,Cologne Hbf,Berlin Hbf,ICE,clear,False,False,False,4.7,False
2023-05-05,Friday,5,2023-05-05 16:42,16,Berlin Hbf,Potsdam Hbf,S-Bahn,clear,False,False,False,1.4,False
2023-05-05,Friday,5,2023-05-05 17:05,17,Munich Hbf,Augsburg Hbf,RE,clear,False,True,False,5.9,True
2023-05-05,Friday,5,2023-05-05 20:21,20,Berlin Hbf,Potsdam Hbf,S-Bahn,rain,False,False,False,0.7,False
2023-05-05,Friday,5,2023-05-05 21:43,21,Hamburg Hbf,Hannover Hbf,IC,clear,True,False,False,47.6,True
2023-05-05,Friday,5,2023-05-05 21:48,21,Berlin Hbf,Hamburg Hbf,ICE,rain,False,False,False,3.8,False
2023-05-05,Friday,5,2023-05-05 22:36,22,Frankfurt(Main) Hbf,Stuttgart Hbf,IC,clear,True,False,False,1.8,False
2023-05-05,Friday,5,2023-05-05 22:42,22,Cologne Hbf,Bonn Hbf,RE,clear,True,False,False,0.6,False
2023-05-06,Saturday,5,2023-05-06 05:20,5,Munich Hbf,Frankfurt(Main) Hbf,ICE,clear,False,False,True,2.6,False
2023-05-06,Saturday,5,2023-05-06 08:47,8,Frankfurt(Main) Hbf,Mainz Hbf,S-Bahn,rain,True,True,True,0.5,False
2023-05-06,Saturday,5,2023-05-06 10:31,10,Berlin Hbf,Potsdam Hbf,S-Bahn,clear,False,False,True,1.0,False
2023-05-06,Saturday,5,2023-05-06 11:00,11,Frankfurt(Main) Hbf,Stuttgart Hbf,IC,rain,False,False,True,23.5,True
2023-05-06,Saturday,5,2023-05-06 16:30,16,Frankfurt(Main) Hbf,Stuttgart Hbf,IC,rain,False,False,True,7.8,True
2023-05-06,Saturday,5,2023-05-06 16:36,16,Frankfurt(Main) Hbf,Stuttgart Hbf,IC,clear,False,False,True,1.2,False
2023-05-06,Saturday,5,2023-05-06 17:21,17,Cologne Hbf,Berlin Hbf,ICE,rain,True,True,True,8.6,True
2023-05-06,Saturday,5,2023-05-06 19:27,19,Frankfurt(Main) Hbf,Stuttgart Hbf,IC,clear,True,True,True,6.4,True
2023-05-06,Saturday,5,2023-05-06 20:56,20,Berlin Hbf,Hamburg Hbf,ICE,rain,False,False,True,2.7,False
2023-05-07,Sunday,5,2023-05-07 06:20,6,Munich Hbf,Augsburg Hbf,RE,clear,False,False,True,1.3,False
2023-05-07,Sunday,5,2023-05-07 07:32,7,Hamburg Hbf,Hannover Hbf,IC,clear,True,True,True,10.1,True
2023-05-07,Sunday,5,2023-05-07 08:43,8,Frankfurt(Main) Hbf,Mainz Hbf,S-Bahn,clear,True,True,True,4.2,False
2023-05-07,Sunday,5,2023-05-07 08:46,8,Leipzig Hbf,Dresden Hbf,RE,rain,True,True,True,2.6,False
2023-05-07,Sunday,5,2023-05-07 08:48,8,Munich Hbf,Augsburg Hbf,RE,rain,False,True,True,2.2,False
2023-05-07,Sunday,5,2023-05-07 09:13,9,Cologne Hbf,Bonn Hbf,RE,clear,False,False,True,1.1,False
2023-05-07,Sunday,5,2023-05-07 10:14,10,Berlin Hbf,Hamburg Hbf,ICE,clear,False,False,True,1.5,False
2023-05-07,Sunday,5,2023-05-07 15:37,15,Berlin Hbf,Hamburg Hbf,ICE,rain,False,False,True,7.6,True
2023-05-07,Sunday,5,2023-05-07 16:03,16,Leipzig Hbf,Dresden Hbf,RE,clear,False,False,True,1.1,False
2023-05-07,Sunday,5,2023-05-07 16:52,16,Cologne Hbf,Bonn Hbf,RE,clear,False,False,True,1.0,False
2023-05-07,Sunday,5,2023-05-07 17:27,17,Frankfurt(Main) Hbf,Mainz Hbf,S-Bahn,rain,False,True,True,1.8,False
2023-05-07,Sunday,5,2023-05-07 18:21,18,Berlin Hbf,Hamburg Hbf,ICE,clear,True,True,True,4.9,False
2023-05-07,Sunday,5,2023-05-07 19:41,19,Munich Hbf,Frankfurt(Main) Hbf,ICE,clear,False,True,True,4.6,False
2023-05-08,Monday,5,2023-05-08 06:21,6,Berlin Hbf,Hamburg Hbf,ICE,rain,False,False,False,11.6,True
2023-05-08,Monday,5,2023-05-08 06:37,6,Munich Hbf,Augsburg Hbf,RE,rain,True,False,False,4.1,False
2023-05-08,Monday,5,2023-05-08 09:17,9,Frankfurt(Main) Hbf,Mainz Hbf,S-Bahn,clear,False,False,False,2.5,False
2023-05-08,Monday,5,2023-05-08 12:44,12,Berlin Hbf,Hamburg Hbf,ICE,clear,True,False,False,1.3,False
2023-05-08,Monday,5,2023-05-08 15:31,15,Hamburg Hbf,Hannover Hbf,IC,clear,False,False,False,2.9,False
2023-05-08,Monday,5,2023-05-08 16:42,16,Frankfurt(Main) Hbf,Mainz Hbf,S-Bahn,clear,False,False,False,1.0,False
2023-05-08,Monday,5,2023-05-08 16:53,16,Cologne Hbf,Berlin Hbf,ICE,clear,False,False,False,7.1,True
2023-05-08,Monday,5,2023-05-08 17:09,17,Munich Hbf,Augsburg Hbf,RE,rain,False,True,False,3.4,False
2023-05-08,Monday,5,2023-05-08 17:59,17,Hamburg Hbf,Hannover Hbf,IC,clear,True,True,False,4.6,False
2023-05-08,Monday,5,2023-05-08 21:05,21,Berlin Hbf,Potsdam Hbf,S-Bahn,clear,False,False,False,3.1,False
2023-05-09,Tuesday,5,2023-05-09 06:01,6,Frankfurt(Main) Hbf,Stuttgart Hbf,IC,clear,False,False,False,2.5,False
2023-05-09,Tuesday,5,2023-05-09 08:48,8,Cologne Hbf,Bonn Hbf,RE,clear,False,True,False,2.0,False
2023-05-09,Tuesday,5,2023-05-09 09:32,9,Cologne Hbf,Berlin Hbf,ICE,clear,False,False,False,6.7,True
2023-05-09,Tuesday,5,2023-05-09 09:34,9,Frankfurt(Main) Hbf,Stuttgart Hbf,IC,rain,True,False,False,7.0,True
2023-05-09,Tuesday,5,2023-05-09 14:34,14,Hamburg Hbf,Hannover Hbf,IC,clear,False,False,False,2.2,False
2023-05-09,Tuesday,5,2023-05-09 15:00,15,Cologne Hbf,Bonn Hbf,RE,clear,False,False,False,3.0,False
2023-05-09,Tuesday,5,2023-05-09 15:34,15,Berlin Hbf,Potsdam Hbf,S-Bahn,clear,True,False,False,0.7,False
2023-05-09,Tuesday,5,2023-05-09 18:24,18,Hamburg Hbf,Hannover Hbf,IC,rain,False,True,False,3.2,False
2023-05-09,Tuesday,5,2023-05-09 20:44,20,Leipzig Hbf,Dresden Hbf,RE,rain,False,False,False,2.3,False
2023-05-09,Tuesday,5,2023-05-09 21:12,21,Munich Hbf,Frankfurt(Main) Hbf,ICE,clear,False,False,False,1.8,False
2023-05-09,Tuesday,5,2023-05-09 21:31,21,Munich Hbf,Augsburg Hbf,RE,rain,True,False,False,5.3,True
2023-05-09,Tuesday,5,2023-05-09 22:36,22,Berlin Hbf,Hamburg Hbf,ICE,clear,False,False,False,7.0,True
2023-05-10,Wednesday,5,2023-05-10 06:18,6,Munich Hbf,Frankfurt(Main) Hbf,ICE,rain,False,False,False,5.9,True
2023-05-10,Wednesday,5,2023-05-10 09:48,9,Hamburg Hbf,Hannover Hbf,IC,rain,False,False,False,6.9,True
2023-05-10,Wednesday,5,2023-05-10 12:20,12,Munich Hbf,Frankfurt(Main) Hbf,ICE,rain,False,False,False,11.2,True
2023-05-10,Wednesday,5,2023-05-10 15:31,15,Berlin Hbf,Hamburg Hbf,ICE,clear,False,False,False,2.9,False
2023-05-10,Wednesday,5,2023-05-10 16:16,16,Cologne Hbf,Berlin Hbf,ICE,clear,False,False,False,3.9,False
2023-05-10,Wednesday,5,2023-05-10 17:15,17,Frankfurt(Main) Hbf,Mainz Hbf,S-Bahn,rain,False,True,False,2.2,False
2023-05-10,Wednesday,5,2023-05-10 18:31,18,Berlin Hbf,Potsdam Hbf,S-Bahn,clear,False,True,False,0.5,False
2023-05-11,Thursday,5,2023-05-11 08:55,8,Frankfurt(Main) Hbf,Mainz Hbf,S-Bahn,rain,False,True,False,1.9,False
2023-05-11,Thursday,5,2023-05-11 10:59,10,Munich Hbf,Frankfurt(Main) Hbf,ICE,rain,False,False,False,10.9,True
2023-05-11,Thursday,5,2023-05-11 12:05,12,Hamburg Hbf,Hannover Hbf,IC,clear,False,False,False,3.7,False
2023-05-11,Thursday,5,2023-05-11 12:36,12,Munich Hbf,Frankfurt(Main) Hbf,ICE,storm,False,False,False,2.8,False
2023-05-11,Thursday,5,2023-05-11 15:04,15,Cologne Hbf,Bonn Hbf,RE,clear,False,False,False,6.6,True
2023-05-11,Thursday,5,2023-05-11 15:51,15,Berlin Hbf,Potsdam Hbf,S-Bahn,clear,False,False,False,3.9,False
2023-05-11,Thursday,5,2023-05-11 16:12,16,Munich Hbf,Augsburg Hbf,RE,clear,False,False,False,0.6,False
2023-05-11,Thursday,5,2023-05-11 16:51,16,Leipzig Hbf,Dresden Hbf,RE,rain,False,False,False,1.9,False
2023-05-11,Thursday,5,2023-05-11 18:29,18,Leipzig Hbf,Dresden Hbf,RE,clear,False,True,False,5.0,False
2023-05-11,Thursday,5,2023-05-11 20:50,20,Berlin Hbf,Potsdam Hbf,S-Bahn,rain,True,False,False,1.0,False
2023-05-11,Thursday,5,2023-05-11 22:03,22,Frankfurt(Main) Hbf,Stuttgart Hbf,IC,rain,False,False,False,3.7,False
2023-05-11,Thursday,5,2023-05-11 22:27,22,Frankfurt(Main) Hbf,Stuttgart Hbf,IC,clear,False,False,False,1.6,False
2023-05-12,Friday,5,2023-05-12 05:19,5,Cologne Hbf,Berlin Hbf,ICE,rain,False,False,False,10.4,True
2023-05-12,Friday,5,2023-05-12 06:22,6,Cologne Hbf,Bonn Hbf,RE,rain,False,False,False,0.0,False
2023-05-12,Friday,5,2023-05-12 07:34,7,Hamburg Hbf,Hannover Hbf,IC,clear,False,True,False,7.9,True
2023-05-12,Friday,5,2023-05-12 08:08,8,Leipzig Hbf,Dresden Hbf,RE,clear,False,True,False,2.6,False
2023-05-12,Friday,5,2023-05-12 08:21,8,Leipzig Hbf,Dresden Hbf,RE,clear,True,True,False,4.1,False
2023-05-12,Friday,5,2023-05-12 08:50,8,Cologne Hbf,Bonn Hbf,RE,clear,False,True,False,4.3,False
2023-05-12,Friday,5,2023-05-12 09:52,9,Leipzig Hbf,Dresden Hbf,RE,clear,False,False,False,0.2,False
2023-05-12,Friday,5,2023-05-12 10:48,10,Hamburg Hbf,Hannover Hbf,IC,rain,False,False,False,1.7,False
2023-05-12,Friday,5,2023-05-12 11:00,11,Berlin Hbf,Hamburg Hbf,ICE,clear,False,False,False,3.5,False
2023-05-12,Friday,5,2023-05-12 12:27,12,Berlin Hbf,Hamburg Hbf,ICE,rain,False,False,False,4.8,False
2023-05-12,Friday,5,2023-05-12 12:38,12,Leipzig Hbf,Dresden Hbf,RE,rain,False,False,False,2.4,False
2023-05-12,Friday,5,2023-05-12 14:58,14,Leipzig Hbf,Dresden Hbf,RE,clear,True,False,False,7.7,True
2023-05-12,Friday,5,2023-05-12 19:44,19,Munich Hbf,Frankfurt(Main) Hbf,ICE,rain,False,True,False,9.6,True
2023-05-12,Friday,5,2023-05-12 22:45,22,Hamburg Hbf,Hannover Hbf,IC,clear,True,False,False,6.9,True
2023-05-12,Friday,5,2023-05-12 22:45,22,Munich Hbf,Frankfurt(Main) Hbf,ICE,rain,False,False,False,9.5,True
2023-05-13,Saturday,5,2023-05-13 06:59,6,Frankfurt(Main) Hbf,Mainz Hbf,S-Bahn,rain,False,False,True,0.1,False
2023-05-13,Saturday,5,2023-05-13 07:32,7,Frankfurt(Main) Hbf,Mainz Hbf,S-Bahn,clear,False,True,True,1.4,False
2023-05-13,Saturday,5,2023-05-13 07:40,7,Berlin Hbf,Hamburg Hbf,ICE,storm,False,True,True,5.0,False
2023-05-13,Saturday,5,2023-05-13 08:09,8,Munich Hbf,Augsburg Hbf,RE,rain,False,True,True,0.7,False
2023-05-13,Saturday,5,2023-05-13 09:41,9,Berlin Hbf,Potsdam Hbf,S-Bahn,clear,True,False,True,0.8,False
2023-05-13,Saturday,5,2023-05-13 14:03,14,Munich Hbf,Augsburg Hbf,RE,rain,False,False,True,2.7,False
2023-05-13,Saturday,5,2023-05-13 15:44,15,Frankfurt(Main) Hbf,Stuttgart Hbf,IC,clear,False,False,True,2.9,False
2023-05-13,Saturday,5,2023-05-13 16:16,16,Berlin Hbf,Hamburg Hbf,ICE,rain,True,False,True,5.5,True
2023-05-13,Saturday,5,2023-05-13 17:03,17,Frankfurt(Main) Hbf,Stuttgart Hbf,IC,clear,False,True,True,4.0,False
2023-05-13,Saturday,5,2023-05-13 19:14,19,Cologne Hbf,Berlin Hbf,ICE,clear,False,True,True,3.4,False
2023-05-13,Saturday,5,2023-05-13 20:00,20,Munich Hbf,Augsburg Hbf,RE,clear,False,False,True,2.2,False
2023-05-13,Saturday,5,2023-05-13 20:51,20,Munich Hbf,Augsburg Hbf,RE,clear,False,False,True,1.1,False
2023-05-13,Saturday,5,2023-05-13 20:53,20,Munich Hbf,Frankfurt(Main) Hbf,ICE,clear,False,False,True,9.4,True
2023-05-13,Saturday,5,2023-05-13 21:54,21,Frankfurt(Main) Hbf,Stuttgart Hbf,IC,clear,False,False,True,2.5,False
2023-05-14,Sunday,5,2023-05-14 08:34,8,Munich Hbf,Frankfurt(Main) Hbf,ICE,rain,True,True,True,2.5,False
2023-05-14,Sunday,5,2023-05-14 08:47,8,Leipzig Hbf,Dresden Hbf,RE,rain,False,True,True,0.7,False
2023-05-14,Sunday,5,2023-05-14 12:51,12,Cologne Hbf,Bonn Hbf,RE,rain,False,False,True,3.0,False
2023-05-14,Sunday,5,2023-05-14 13:00,13,Munich Hbf,Frankfurt(Main) Hbf,ICE,clear,False,False,True,3.9,False
2023-05-14,Sunday,5,2023-05-14 13:00,13,Berlin Hbf,Hamburg Hbf,ICE,rain,False,False,True,2.3,False
2023-05-14,Sunday,5,2023-05-14 14:23,14,Munich Hbf,Frankfurt(Main) Hbf,ICE,rain,False,False,True,2.3,False
2023-05-14,Sunday,5,2023-05-14 15:57,15,Frankfurt(Main) Hbf,Mainz Hbf,S-Bahn,rain,True,False,True,1.0,False
2023-05-14,Sunday,5,2023-05-14 17:39,17,Munich Hbf,Frankfurt(Main) Hbf,ICE,clear,False,True,True,2.3,False
2023-05-14,Sunday,5,2023-05-14 18:53,18,Hamburg Hbf,Hannover Hbf,IC,clear,False,True,True,3.9,False
2023-05-14,Sunday,5,2023-05-14 19:01,19,Leipzig Hbf,Dresden Hbf,RE,clear,True,True,True,4.4,False
2023-05-15,Monday,5,2023-05-15 05:16,5,Cologne Hbf,Berlin Hbf,ICE,storm,False,False,False,7.6,True
2023-05-15,Monday,5,2023-05-15 07:07,7,Berlin Hbf,Hamburg Hbf,ICE,clear,False,True,False,3.4,False
2023-05-15,Monday,5,2023-05-15 16:37,16,Frankfurt(Main) Hbf,Mainz Hbf,S-Bahn,clear,True,False,False,2.2,False
2023-05-15,Monday,5,2023-05-15 16:39,16,Munich Hbf,Augsburg Hbf,RE,clear,False,False,False,0.7,False
2023-05-15,Monday,5,2023-05-15 18:23,18,Berlin Hbf,Potsdam Hbf,S-Bahn,clear,True,True,False,3.1,False
2023-05-15,Monday,5,2023-05-15 20:39,20,Cologne Hbf,Bonn Hbf,RE,clear,False,False,False,0.9,False
2023-05-15,Monday,5,2023-05-15 22:08,22,Hamburg Hbf,Hannover Hbf,IC,clear,False,False,False,0.2,False
2023-05-16,Tuesday,5,2023-05-16 07:56,7,Munich Hbf,Augsburg Hbf,RE,rain,True,True,False,6.4,True
2023-05-16,Tuesday,5,2023-05-16 08:32,8,Berlin Hbf,Hamburg Hbf,ICE,clear,False,True,False,1.1,False
2023-05-16,Tuesday,5,2023-05-16 09:28,9,Berlin Hbf,Hamburg Hbf,ICE,clear,True,False,False,6.1,True
2023-05-16,Tuesday,5,2023-05-16 10:10,10,Berlin Hbf,Potsdam Hbf,S-Bahn,clear,False,False,False,45.5,True
2023-05-16,Tuesday,5,2023-05-16 11:45,11,Leipzig Hbf,Dresden Hbf,RE,rain,False,False,False,1.8,False
2023-05-16,Tuesday,5,2023-05-16 15:41,15,Cologne Hbf,Bonn Hbf,RE,rain,True,False,False,0.4,False
2023-05-16,Tuesday,5,2023-05-16 16:08,16,Leipzig Hbf,Dresden Hbf,RE,rain,False,False,False,4.0,False
2023-05-16,Tuesday,5,2023-05-16 16:34,16,Frankfurt(Main) Hbf,Mainz Hbf,S-Bahn,clear,False,False,False,2.0,False
2023-05-16,Tuesday,5,2023-05-16 16:50,16,Frankfurt(Main) Hbf,Mainz Hbf,S-Bahn,rain,False,False,False,4.4,False
2023-05-16,Tuesday,5,2023-05-16 17:17,17,Frankfurt(Main) Hbf,Stuttgart Hbf,IC,clear,False,True,False,1.9,False
2023-05-16,Tuesday,5,2023-05-16 17:38,17,Hamburg Hbf,Hannover Hbf,IC,clear,False,True,False,1.8,False
2023-05-16,Tuesday,5,2023-05-16 21:51,21,Cologne Hbf,Bonn Hbf,RE,storm,False,False,False,1.0,False
2023-05-17,Wednesday,5,2023-05-17 06:34,6,Munich Hbf,Frankfurt(Main) Hbf,ICE,rain,False,False,False,8.4,True
2023-05-17,Wednesday,5,2023-05-17 08:08,8,Berlin Hbf,Potsdam Hbf,S-Bahn,clear,True,True,False,1.3,False
2023-05-17,Wednesday,5,2023-05-17 08:23,8,Berlin Hbf,Potsdam Hbf,S-Bahn,clear,False,True,False,0.1,False
2023-05-17,Wednesday,5,2023-05-17 11:36,11,Munich Hbf,Frankfurt(Main) Hbf,ICE,rain,False,False,False,2.5,False
2023-05-17,Wednesday,5,2023-05-17 12:01,12,Hamburg Hbf,Hannover Hbf,IC,clear,False,False,False,59.3,True
2023-05-17,Wednesday,5,2023-05-17 15:00,15,Berlin Hbf,Hamburg Hbf,ICE,clear,False,False,False,5.5,True
2023-05-17,Wednesday,5,2023-05-17 16:56,16,Leipzig Hbf,Dresden Hbf,RE,clear,False,False,False,2.0,False
2023-05-17,Wednesday,5,2023-05-17 17:58,17,Leipzig Hbf,Dresden Hbf,RE,clear,False,True,False,0.6,False
2023-05-17,Wednesday,5,2023-05-17 18:51,18,Frankfurt(Main) Hbf,Stuttgart Hbf,IC,rain,False,True,False,3.4,False
2023-05-17,Wednesday,5,2023-05-17 20:04,20,Leipzig Hbf,Dresden Hbf,RE,clear,False,False,False,2.6,False
2023-05-18,Thursday,5,2023-05-18 05:55,5,Munich Hbf,Frankfurt(Main) Hbf,ICE,clear,False,False,False,0.3,False
2023-05-18,Thursday,5,2023-05-18 08:09,8,Munich Hbf,Augsburg Hbf,RE,clear,False,True,False,2.6,False
2023-05-18,Thursday,5,2023-05-18 09:21,9,Hamburg Hbf,Hannover Hbf,IC,rain,False,False,False,4.2,False
2023-05-18,Thursday,5,2023-05-18 11:56,11,Munich Hbf,Augsburg Hbf,RE,rain,True,False,False,1.4,False
2023-05-18,Thursday,5,2023-05-18 14:41,14,Hamburg Hbf,Hannover Hbf,IC,clear,False,False,False,26.1,True
2023-05-18,Thursday,5,2023-05-18 17:24,17,Hamburg Hbf,Hannover Hbf,IC,rain,False,True,False,6.2,True
2023-05-18,Thursday,5,2023-05-18 18:28,18,Hamburg Hbf,Hannover Hbf,IC,clear,False,True,False,3.3,False
2023-05-18,Thursday,5,2023-05-18 18:46,18,Berlin Hbf,Hamburg Hbf,ICE,rain,False,True,False,6.3,True
2023-05-18,Thursday,5,2023-05-18 22:41,22,Berlin Hbf,Potsdam Hbf,S-Bahn,clear,False,False,False,2.2,False
2023-05-19,Friday,5,2023-05-19 05:52,5,Hamburg Hbf,Hannover Hbf,IC,rain,True,False,False,6.2,True
2023-05-19,Friday,5,2023-05-19 06:59,6,Leipzig Hbf,Dresden Hbf,RE,clear,True,False,False,1.6,False
2023-05-19,Friday,5,2023-05-19 08:26,8,Munich Hbf,Frankfurt(Main) Hbf,ICE,clear,False,True,False,1.3,False
2023-05-19,Friday,5,2023-05-19 09:37,9,Frankfurt(Main) Hbf,Stuttgart Hbf,IC,clear,False,False,False,5.0,False
2023-05-19,Friday,5,2023-05-19 10:41,10,Munich Hbf,Augsburg Hbf,RE,clear,True,False,False,2.5,False
2023-05-19,Friday,5,2023-05-19 14:48,14,Berlin Hbf,Potsdam Hbf,S-Bahn,clear,False,False,False,2.6,False
2023-05-19,Friday,5,2023-05-19 16:20,16,Munich Hbf,Frankfurt(Main) Hbf,ICE,clear,False,False,False,6.8,True
2023-05-19,Friday,5,2023-05-19 16:49,16,Munich Hbf,Frankfurt(Main) Hbf,ICE,clear,False,False,False,3.0,False
2023-05-19,Friday,5,2023-05-19 17:00,17,Munich Hbf,Augsburg Hbf,RE,clear,True,True,False,6.2,True
2023-05-19,Friday,5,2023-05-19 18:35,18,Berlin Hbf,Potsdam Hbf,S-Bahn,storm,False,True,False,2.6,False
2023-05-19,Friday,5,2023-05-19 18:43,18,Frankfurt(Main) Hbf,Stuttgart Hbf,IC,rain,False,True,False,7.3,True
2023-05-19,Friday,5,2023-05-19 19:02,19,Munich Hbf,Frankfurt(Main) Hbf,ICE,clear,True,True,False,14.5,True
2023-05-19,Friday,5,2023-05-19 20:14,20,Cologne Hbf,Berlin Hbf,ICE,rain,False,False,False,4.2,False
2023-05-19,Friday,5,2023-05-19 22:00,22,Munich Hbf,Frankfurt(Main) Hbf,ICE,storm,False,False,False,6.3,True
2023-05-19,Friday,5,2023-05-19 22:55,22,Cologne Hbf,Berlin Hbf,ICE,rain,False,False,False,7.9,True
2023-05-20,Saturday,5,2023-05-20 07:38,7,Berlin Hbf,Potsdam Hbf,S-Bahn,rain,True,True,True,2.6,False
2023-05-20,Saturday,5,2023-05-20 08:39,8,Munich Hbf,Augsburg Hbf,RE,clear,False,True,True,2.7,False
2023-05-20,Saturday,5,2023-05-20 08:55,8,Munich Hbf,Augsburg Hbf,RE,rain,False,True,True,2.7,False
2023-05-20,Saturday,5,2023-05-20 09:59,9,Cologne Hbf,Berlin Hbf,ICE,clear,False,False,True,4.3,False
2023-05-20,Saturday,5,2023-05-20 15:32,15,Munich Hbf,Augsburg Hbf,RE,rain,False,False,True,1.0,False
2023-05-20,Saturday,5,2023-05-20 16:29,16,Berlin Hbf,Hamburg Hbf,ICE,clear,True,False,True,6.9,True
2023-05-20,Saturday,5,2023-05-20 17:40,17,Munich Hbf,Frankfurt(Main) Hbf,ICE,clear,False,True,True,6.4,True
2023-05-20,Saturday,5,2023-05-20 21:36,21,Munich Hbf,Frankfurt(Main) Hbf,ICE,rain,False,False,True,6.2,True
2023-05-20,Saturday,5,2023-05-20 22:44,22,Cologne Hbf,Berlin Hbf,ICE,clear,False,False,True,0.6,False
2023-05-21,Sunday,5,2023-05-21 05:23,5,Berlin Hbf,Potsdam Hbf,S-Bahn,clear,False,False,True,4.4,False
2023-05-21,Sunday,5,2023-05-21 05:24,5,Berlin Hbf,Hamburg Hbf,ICE,rain,False,False,True,5.4,True
2023-05-21,Sunday,5,2023-05-21 09:17,9,Berlin Hbf,Hamburg Hbf,ICE,storm,False,False,True,8.0,True
2023-05-21,Sunday,5,2023-05-21 09:56,9,Leipzig Hbf,Dresden Hbf,RE,clear,False,False,True,1.1,False
2023-05-21,Sunday,5,2023-05-21 14:22,14,Cologne Hbf,Bonn Hbf,RE,clear,False,False,True,0.4,False
2023-05-21,Sunday,5,2023-05-21 15:09,15,Cologne Hbf,Berlin Hbf,ICE,clear,False,False,True,3.1,False
2023-05-21,Sunday,5,2023-05-21 16:33,16,Munich Hbf,Augsburg Hbf,RE,clear,False,False,True,8.3,True
2023-05-21,Sunday,5,2023-05-21 17:01,17,Berlin Hbf,Potsdam Hbf,S-Bahn,clear,False,True,True,0.2,False
2023-05-21,Sunday,5,2023-05-21 17:54,17,Cologne Hbf,Bonn Hbf,RE,clear,True,True,True,2.2,False
2023-05-22,Monday,5,2023-05-22 06:49,6,Munich Hbf,Frankfurt(Main) Hbf,ICE,clear,False,False,False,3.0,False
2023-05-22,Monday,5,2023-05-22 07:01,7,Frankfurt(Main) Hbf,Stuttgart Hbf,IC,clear,False,True,False,7.5,True
2023-05-22,Monday,5,2023-05-22 07:05,7,Frankfurt(Main) Hbf,Stuttgart Hbf,IC,clear,False,True,False,3.3,False
2023-05-22,Monday,5,2023-05-22 07:51,7,Frankfurt(Main) Hbf,Mainz Hbf,S-Bahn,clear,True,True,False,4.4,False
2023-05-22,Monday,5,2023-05-22 08:18,8,Cologne Hbf,Bonn Hbf,RE,rain,False,True,False,1.6,False
2023-05-22,Monday,5,2023-05-22 08:24,8,Berlin Hbf,Hamburg Hbf,ICE,clear,False,True,False,2.8,False
2023-05-22,Monday,5,2023-05-22 08:32,8,Leipzig Hbf,Dresden Hbf,RE,clear,False,True,False,4.4,False
2023-05-22,Monday,5,2023-05-22 11:24,11,Hamburg Hbf,Hannover Hbf,IC,clear,False,False,False,6.4,True
2023-05-22,Monday,5,2023-05-22 12:09,12,Munich Hbf,Frankfurt(Main) Hbf,ICE,rain,True,False,False,9.3,True
2023-05-22,Monday,5,2023-05-22 14:07,14,Munich Hbf,Frankfurt(Main) Hbf,ICE,rain,False,False,False,4.0,False
2023-05-22,Monday,5,2023-05-22 15:32,15,Hamburg Hbf,Hannover Hbf,IC,storm,True,False,False,6.6,True
2023-05-22,Monday,5,2023-05-22 17:10,17,Munich Hbf,Augsburg Hbf,RE,rain,True,True,False,7.8,True
2023-05-22,Monday,5,2023-05-22 17:35,17,Cologne Hbf,Bonn Hbf,RE,clear,False,True,False,1.0,False
2023-05-22,Monday,5,2023-05-22 18:45,18,Leipzig Hbf,Dresden Hbf,RE,clear,False,True,False,0.3,False
2023-05-22,Monday,5,2023-05-22 19:07,19,Munich Hbf,Frankfurt(Main) Hbf,ICE,clear,False,True,False,2.8,False
2023-05-22,Monday,5,2023-05-22 19:27,19,Cologne Hbf,Berlin Hbf,ICE,clear,False,True,False,4.8,False
2023-05-22,Monday,5,2023-05-22 20:01,20,Cologne Hbf,Berlin Hbf,ICE,clear,False,False,False,5.9,True
2023-05-22,Monday,5,2023-05-22 22:28,22,Berlin Hbf,Hamburg Hbf,ICE,rain,False,False,False,3.7,False
2023-05-23,Tuesday,5,2023-05-23 11:05,11,Hamburg Hbf,Hannover Hbf,IC,clear,False,False,False,0.7,False
2023-05-23,Tuesday,5,2023-05-23 11:22,11,Cologne Hbf,Bonn Hbf,RE,rain,False,False,False,3.1,False
2023-05-23,Tuesday,5,2023-05-23 12:26,12,Berlin Hbf,Hamburg Hbf,ICE,rain,False,False,False,4.4,False
2023-05-23,Tuesday,5,2023-05-23 13:04,13,Leipzig Hbf,Dresden Hbf,RE,clear,False,False,False,4.3,False
2023-05-23,Tuesday,5,2023-05-23 15:51,15,Cologne Hbf,Berlin Hbf,ICE,rain,False,False,False,7.0,True
2023-05-23,Tuesday,5,2023-05-23 18:32,18,Frankfurt(Main) Hbf,Mainz Hbf,S-Bahn,rain,False,True,False,0.9,False
2023-05-23,Tuesday,5,2023-05-23 18:49,18,Berlin Hbf,Hamburg Hbf,ICE,clear,False,True,False,2.0,False
2023-05-23,Tuesday,5,2023-05-23 18:55,18,Cologne Hbf,Bonn Hbf,RE,rain,True,True,False,5.1,True
2023-05-23,Tuesday,5,2023-05-23 22:27,22,Cologne Hbf,Bonn Hbf,RE,clear,False,False,False,2.9,False
2023-05-24,Wednesday,5,2023-05-24 06:26,6,Cologne Hbf,Berlin Hbf,ICE,rain,False,False,False,5.8,True
2023-05-24,Wednesday,5,2023-05-24 08:55,8,Cologne Hbf,Berlin Hbf,ICE,clear,False,True,False,3.8,False
2023-05-24,Wednesday,5,2023-05-24 09:16,9,Cologne Hbf,Bonn Hbf,RE,rain,False,False,False,0.8,False
2023-05-24,Wednesday,5,2023-05-24 13:53,13,Munich Hbf,Augsburg Hbf,RE,clear,True,False,False,1.6,False
2023-05-24,Wednesday,5,2023-05-24 18:41,18,Frankfurt(Main) Hbf,Mainz Hbf,S-Bahn,clear,False,True,False,2.9,False
2023-05-24,Wednesday,5,2023-05-24 19:52,19,Munich Hbf,Frankfurt(Main) Hbf,ICE,clear,False,True,False,4.3,False
2023-05-24,Wednesday,5,2023-05-24 22:56,22,Frankfurt(Main) Hbf,Stuttgart Hbf,IC,rain,False,False,False,3.1,False
2023-05-25,Thursday,5,2023-05-25 07:09,7,Hamburg Hbf,Hannover Hbf,IC,clear,True,True,False,2.6,False
2023-05-25,Thursday,5,2023-05-25 07:22,7,Leipzig Hbf,Dresden Hbf,RE,clear,False,True,False,0.4,False
2023-05-25,Thursday,5,2023-05-25 08:58,8,Frankfurt(Main) Hbf,Mainz Hbf,S-Bahn,rain,False,True,False,1.4,False
2023-05-25,Thursday,5,2023-05-25 13:56,13,Berlin Hbf,Hamburg Hbf,ICE,clear,False,False,False,4.9,False
2023-05-25,Thursday,5,2023-05-25 16:02,16,Munich Hbf,Augsburg Hbf,RE,clear,True,False,False,1.1,False
2023-05-25,Thursday,5,2023-05-25 17:27,17,Frankfurt(Main) Hbf,Mainz Hbf,S-Bahn,clear,False,True,False,1.3,False
2023-05-25,Thursday,5,2023-05-25 19:44,19,Cologne Hbf,Bonn Hbf,RE,clear,False,True,False,1.6,False
2023-05-25,Thursday,5,2023-05-25 19:52,19,Berlin Hbf,Hamburg Hbf,ICE,clear,False,True,False,4.1,False
2023-05-26,Friday,5,2023-05-26 06:41,6,Berlin Hbf,Hamburg Hbf,ICE,storm,False,False,False,6.6,True
2023-05-26,Friday,5,2023-05-26 08:34,8,Berlin Hbf,Potsdam Hbf,S-Bahn,storm,False,True,False,4.4,False
2023-05-26,Friday,5,2023-05-26 08:35,8,Frankfurt(Main) Hbf,Mainz Hbf,S-Bahn,rain,False,True,False,1.2,False
2023-05-26,Friday,5,2023-05-26 14:25,14,Hamburg Hbf,Hannover Hbf,IC,rain,False,False,False,2.7,False
2023-05-26,Friday,5,2023-05-26 16:57,16,Cologne Hbf,Berlin Hbf,ICE,clear,False,False,False,5.2,True
2023-05-26,Friday,5,2023-05-26 17:33,17,Munich Hbf,Augsburg Hbf,RE,clear,False,True,False,3.7,False
2023-05-26,Friday,5,2023-05-26 17:56,17,Berlin Hbf,Potsdam Hbf,S-Bahn,rain,False,True,False,0.9,False
2023-05-26,Friday,5,2023-05-26 19:18,19,Hamburg Hbf,Hannover Hbf,IC,clear,False,True,False,6.7,True
2023-05-26,Friday,5,2023-05-26 20:16,20,Cologne Hbf,Bonn Hbf,RE,rain,True,False,False,3.6,False
2023-05-26,Friday,5,2023-05-26 22:56,22,Frankfurt(Main) Hbf,Stuttgart Hbf,IC,rain,True,False,False,10.1,True
2023-05-27,Saturday,5,2023-05-27 05:08,5,Hamburg Hbf,Hannover Hbf,IC,rain,False,False,True,4.1,False
2023-05-27,Saturday,5,2023-05-27 07:13,7,Cologne Hbf,Bonn Hbf,RE,clear,False,True,True,0.9,False
2023-05-27,Saturday,5,2023-05-27 08:45,8,Frankfurt(Main) Hbf,Mainz Hbf,S-Bahn,rain,False,True,True,2.4,False
2023-05-27,Saturday,5,2023-05-27 09:47,9,Leipzig Hbf,Dresden Hbf,RE,clear,False,False,True,0.7,False
2023-05-27,Saturday,5,2023-05-27 11:36,11,Berlin Hbf,Potsdam Hbf,S-Bahn,clear,False,False,True,4.0,False
2023-05-27,Saturday,5,2023-05-27 13:56,13,Cologne Hbf,Berlin Hbf,ICE,clear,False,False,True,1.3,False
2023-05-27,Saturday,5,2023-05-27 14:54,14,Hamburg Hbf,Hannover Hbf,IC,clear,False,False,True,1.3,False
2023-05-27,Saturday,5,2023-05-27 16:55,16,Munich Hbf,Frankfurt(Main) Hbf,ICE,clear,True,False,True,5.6,True
2023-05-27,Saturday,5,2023-05-27 17:36,17,Cologne Hbf,Bonn Hbf,RE,rain,False,True,True,0.1,False
2023-05-28,Sunday,5,2023-05-28 06:06,6,Berlin Hbf,Hamburg Hbf,ICE,clear,False,False,True,3.7,False
2023-05-28,Sunday,5,2023-05-28 06:39,6,Hamburg Hbf,Hannover Hbf,IC,clear,False,False,True,1.4,False
2023-05-28,Sunday,5,2023-05-28 07:56,7,Frankfurt(Main) Hbf,Mainz Hbf,S-Bahn,rain,True,True,True,3.8,False
2023-05-28,Sunday,5,2023-05-28 12:14,12,Berlin Hbf,Hamburg Hbf,ICE,clear,False,False,True,0.6,False
2023-05-28,Sunday,5,2023-05-28 12:25,12,Frankfurt(Main) Hbf,Stuttgart Hbf,IC,rain,False,False,True,4.0,False
2023-05-28,Sunday,5,2023-05-28 12:28,12,Cologne Hbf,Berlin Hbf,ICE,clear,False,False,True,3.0,False
2023-05-28,Sunday,5,2023-05-28 13:33,13,Cologne Hbf,Bonn Hbf,RE,clear,True,False,True,0.3,False
2023-05-28,Sunday,5,2023-05-28 15:52,15,Munich Hbf,Augsburg Hbf,RE,rain,False,False,True,2.8,False
2023-05-28,Sunday,5,2023-05-28 17:42,17,Leipzig Hbf,Dresden Hbf,RE,clear,True,True,True,1.6,False
2023-05-28,Sunday,5,2023-05-28 17:57,17,Berlin Hbf,Hamburg Hbf,ICE,clear,False,True,True,7.1,True
2023-05-28,Sunday,5,2023-05-28 18:06,18,Cologne Hbf,Berlin Hbf,ICE,clear,False,True,True,3.2,False
2023-05-28,Sunday,5,2023-05-28 18:19,18,Cologne Hbf,Bonn Hbf,RE,rain,False,True,True,1.3,False
2023-05-28,Sunday,5,2023-05-28 18:40,18,Frankfurt(Main) Hbf,Mainz Hbf,S-Bahn,clear,False,True,True,4.6,False
2023-05-28,Sunday,5,2023-05-28 18:54,18,Frankfurt(Main) Hbf,Stuttgart Hbf,IC,clear,False,True,True,6.1,True
2023-05-28,Sunday,5,2023-05-28 19:27,19,Cologne Hbf,Berlin Hbf,ICE,clear,False,True,True,6.5,True
2023-05-28,Sunday,5,2023-05-28 20:01,20,Munich Hbf,Frankfurt(Main) Hbf,ICE,clear,False,False,True,4.4,False
2023-05-28,Sunday,5,2023-05-28 22:30,22,Berlin Hbf,Potsdam Hbf,S-Bahn,clear,True,False,True,1.1,False
2023-05-29,Monday,5,2023-05-29 05:48,5,Munich Hbf,Frankfurt(Main) Hbf,ICE,rain,False,False,False,7.6,True
2023-05-29,Monday,5,2023-05-29 08:06,8,Cologne Hbf,Berlin Hbf,ICE,rain,False,True,False,17.4,True
2023-05-29,Monday,5,2023-05-29 11:36,11,Cologne Hbf,Bonn Hbf,RE,storm,True,False,False,2.5,False
2023-05-29,Monday,5,2023-05-29 11:39,11,Cologne Hbf,Berlin Hbf,ICE,rain,False,False,False,6.0,True
2023-05-29,Monday,5,2023-05-29 12:25,12,Munich Hbf,Frankfurt(Main) Hbf,ICE,clear,False,False,False,1.4,False
2023-05-29,Monday,5,2023-05-29 12:57,12,Hamburg Hbf,Hannover Hbf,IC,clear,False,False,False,4.6,False
2023-05-29,Monday,5,2023-05-29 13:00,13,Frankfurt(Main) Hbf,Mainz Hbf,S-Bahn,clear,False,False,False,3.3,False
2023-05-29,Monday,5,2023-05-29 13:04,13,Frankfurt(Main) Hbf,Mainz Hbf,S-Bahn,clear,False,False,False,4.2,False
2023-05-29,Monday,5,2023-05-29 18:22,18,Leipzig Hbf,Dresden Hbf,RE,clear,False,True,False,0.8,False
2023-05-29,Monday,5,2023-05-29 20:28,20,Munich Hbf,Frankfurt(Main) Hbf,ICE,clear,False,False,False,5.1,True
2023-05-29,Monday,5,2023-05-29 21:59,21,Hamburg Hbf,Hannover Hbf,IC,rain,False,False,False,1.5,False
2023-05-30,Tuesday,5,2023-05-30 05:48,5,Cologne Hbf,Berlin Hbf,ICE,clear,True,False,False,7.2,True
2023-05-30,Tuesday,5,2023-05-30 05:52,5,Cologne Hbf,Berlin Hbf,ICE,clear,False,False,False,1.6,False
2023-05-30,Tuesday,5,2023-05-30 08:57,8,Berlin Hbf,Potsdam Hbf,S-Bahn,clear,False,True,False,9.4,True
2023-05-30,Tuesday,5,2023-05-30 09:11,9,Munich Hbf,Frankfurt(Main) Hbf,ICE,storm,False,False,False,12.1,True
2023-05-30,Tuesday,5,2023-05-30 11:54,11,Frankfurt(Main) Hbf,Stuttgart Hbf,IC,clear,False,False,False,2.0,False
2023-05-30,Tuesday,5,2023-05-30 12:10,12,Frankfurt(Main) Hbf,Stuttgart Hbf,IC,clear,False,False,False,0.7,False
2023-05-30,Tuesday,5,2023-05-30 13:28,13,Munich Hbf,Frankfurt(Main) Hbf,ICE,rain,False,False,False,3.1,False
2023-05-30,Tuesday,5,2023-05-30 14:39,14,Munich Hbf,Frankfurt(Main) Hbf,ICE,clear,True,False,False,10.9,True
2023-05-30,Tuesday,5,2023-05-30 16:15,16,Cologne Hbf,Bonn Hbf,RE,clear,False,False,False,1.0,False
2023-05-30,Tuesday,5,2023-05-30 17:00,17,Leipzig Hbf,Dresden Hbf,RE,rain,False,True,False,1.2,False
2023-05-30,Tuesday,5,2023-05-30 19:50,19,Cologne Hbf,Bonn Hbf,RE,clear,True,True,False,10.2,True
2023-05-30,Tuesday,5,2023-05-30 22:22,22,Frankfurt(Main) Hbf,Stuttgart Hbf,IC,rain,False,False,False,8.3,True
2023-05-31,Wednesday,5,2023-05-31 06:13,6,Munich Hbf,Augsburg Hbf,RE,rain,False,False,False,4.7,False
2023-05-31,Wednesday,5,2023-05-31 07:00,7,Berlin Hbf,Potsdam Hbf,S-Bahn,rain,False,True,False,5.5,True
2023-05-31,Wednesday,5,2023-05-31 07:03,7,Frankfurt(Main) Hbf,Mainz Hbf,S-Bahn,storm,True,True,False,2.4,False
2023-05-31,Wednesday,5,2023-05-31 07:50,7,Berlin Hbf,Hamburg Hbf,ICE,rain,False,True,False,6.3,True
2023-05-31,Wednesday,5,2023-05-31 08:39,8,Hamburg Hbf,Hannover Hbf,IC,clear,False,True,False,1.5,False
2023-05-31,Wednesday,5,2023-05-31 11:54,11,Munich Hbf,Augsburg Hbf,RE,storm,True,False,False,5.0,False
2023-05-31,Wednesday,5,2023-05-31 16:18,16,Berlin Hbf,Potsdam Hbf,S-Bahn,clear,False,False,False,0.6,False
2023-05-31,Wednesday,5,2023-05-31 17:48,17,Frankfurt(Main) Hbf,Stuttgart Hbf,IC,clear,False,True,False,2.8,False
2023-05-31,Wednesday,5,2023-05-31 18:24,18,Cologne Hbf,Bonn Hbf,RE,rain,False,True,False,1.9,False
2023-05-31,Wednesday,5,2023-05-31 19:08,19,Cologne Hbf,Berlin Hbf,ICE,clear,False,True,False,7.6,True
2023-05-31,Wednesday,5,2023-05-31 19:26,19,Frankfurt(Main) Hbf,Stuttgart Hbf,IC,clear,False,True,False,25.9,True
2023-05-31,Wednesday,5,2023-05-31 19:55,19,Berlin Hbf,Potsdam Hbf,S-Bahn,rain,False,True,False,3.0,False
2023-05-31,Wednesday,5,2023-05-31 20:17,20,Munich Hbf,Augsburg Hbf,RE,clear,False,False,False,1.1,False
2023-05-31,Wednesday,5,2023-05-31 20:37,20,Munich Hbf,Frankfurt(Main) Hbf,ICE,clear,False,False,False,2.4,False
2023-05-31,Wednesday,5,2023-05-31 20:55,20,Cologne Hbf,Bonn Hbf,RE,clear,True,False,False,0.3,False
2023-05-31,Wednesday,5,2023-05-31 21:22,21,Cologne Hbf,Bonn Hbf,RE,rain,False,False,False,1.4,False
2023-05-31,Wednesday,5,2023-05-31 22:44,22,Cologne Hbf,Berlin Hbf,ICE,rain,False,False,False,7.4,True
2023-06-01,Thursday,6,2023-06-01 05:33,5,Frankfurt(Main) Hbf,Stuttgart Hbf,IC,clear,False,False,False,26.9,True
2023-06-01,Thursday,6,2023-06-01 07:09,7,Munich Hbf,Augsburg Hbf,RE,rain,False,True,False,1.8,False
2023-06-01,Thursday,6,2023-06-01 11:14,11,Munich Hbf,Frankfurt(Main) Hbf,ICE,clear,False,False,False,1.3,False
2023-06-01,Thursday,6,2023-06-01 11:59,11,Cologne Hbf,Bonn Hbf,RE,rain,False,False,False,1.1,False
2023-06-01,Thursday,6,2023-06-01 12:50,12,Cologne Hbf,Berlin Hbf,ICE,clear,False,False,False,5.4,True
2023-06-01,Thursday,6,2023-06-01 14:57,14,Frankfurt(Main) Hbf,Stuttgart Hbf,IC,clear,False,False,False,3.1,False
2023-06-01,Thursday,6,2023-06-01 15:42,15,Frankfurt(Main) Hbf,Mainz Hbf,S-Bahn,rain,False,False,False,1.0,False
2023-06-01,Thursday,6,2023-06-01 17:40,17,Munich Hbf,Frankfurt(Main) Hbf,ICE,clear,False,True,False,7.4,True
2023-06-01,Thursday,6,2023-06-01 18:17,18,Cologne Hbf,Berlin Hbf,ICE,clear,False,True,False,2.7,False
2023-06-01,Thursday,6,2023-06-01 18:18,18,Cologne Hbf,Berlin Hbf,ICE,clear,False,True,False,4.0,False
2023-06-01,Thursday,6,2023-06-01 18:26,18,Berlin Hbf,Hamburg Hbf,ICE,clear,False,True,False,5.0,False
2023-06-01,Thursday,6,2023-06-01 18:31,18,Berlin Hbf,Potsdam Hbf,S-Bahn,storm,True,True,False,1.8,False
2023-06-01,Thursday,6,2023-06-01 19:14,19,Hamburg Hbf,Hannover Hbf,IC,clear,False,True,False,2.7,False
2023-06-02,Friday,6,2023-06-02 07:05,7,Munich Hbf,Augsburg Hbf,RE,storm,False,True,False,4.5,False
2023-06-02,Friday,6,2023-06-02 07:05,7,Cologne Hbf,Berlin Hbf,ICE,rain,True,True,False,15.4,True
2023-06-02,Friday,6,2023-06-02 08:33,8,Berlin Hbf,Hamburg Hbf,ICE,clear,True,True,False,6.9,True
2023-06-02,Friday,6,2023-06-02 09:14,9,Frankfurt(Main) Hbf,Stuttgart Hbf,IC,clear,False,False,False,1.1,False
2023-06-02,Friday,6,2023-06-02 10:30,10,Frankfurt(Main) Hbf,Stuttgart Hbf,IC,rain,False,False,False,1.7,False
2023-06-02,Friday,6,2023-06-02 11:55,11,Hamburg Hbf,Hannover Hbf,IC,clear,False,False,False,7.1,True
2023-06-02,Friday,6,2023-06-02 12:49,12,Cologne Hbf,Berlin Hbf,ICE,rain,True,False,False,7.5,True
2023-06-02,Friday,6,2023-06-02 13:56,13,Munich Hbf,Augsburg Hbf,RE,clear,False,False,False,2.0,False
2023-06-02,Friday,6,2023-06-02 14:46,14,Hamburg Hbf,Hannover Hbf,IC,clear,True,False,False,2.0,False
2023-06-02,Friday,6,2023-06-02 15:55,15,Leipzig Hbf,Dresden Hbf,RE,clear,False,False,False,0.8,False
2023-06-02,Friday,6,2023-06-02 19:18,19,Hamburg Hbf,Hannover Hbf,IC,rain,False,True,False,9.6,True
2023-06-02,Friday,6,2023-06-02 19:40,19,Munich Hbf,Frankfurt(Main) Hbf,ICE,clear,False,True,False,1.3,False
2023-06-02,Friday,6,2023-06-02 21:28,21,Hamburg Hbf,Hannover Hbf,IC,storm,False,False,False,7.1,True
2023-06-03,Saturday,6,2023-06-03 06:10,6,Munich Hbf,Augsburg Hbf,RE,rain,False,False,True,1.2,False
2023-06-03,Saturday,6,2023-06-03 06:19,6,Hamburg Hbf,Hannover Hbf,IC,storm,False,False,True,5.5,True
2023-06-03,Saturday,6,2023-06-03 07:16,7,Berlin Hbf,Potsdam Hbf,S-Bahn,clear,False,True,True,0.9,False
2023-06-03,Saturday,6,2023-06-03 08:51,8,Cologne Hbf,Bonn Hbf,RE,clear,False,True,True,0.1,False
2023-06-03,Saturday,6,2023-06-03 15:05,15,Munich Hbf,Augsburg Hbf,RE,rain,False,False,True,2.0,False
2023-06-03,Saturday,6,2023-06-03 15:34,15,Berlin Hbf,Hamburg Hbf,ICE,rain,False,False,True,1.0,False
2023-06-03,Saturday,6,2023-06-03 16:08,16,Frankfurt(Main) Hbf,Mainz Hbf,S-Bahn,clear,False,False,True,1.3,False
2023-06-04,Sunday,6,2023-06-04 05:41,5,Hamburg Hbf,Hannover Hbf,IC,storm,False,False,True,60.2,True
2023-06-04,Sunday,6,2023-06-04 06:26,6,Munich Hbf,Frankfurt(Main) Hbf,ICE,clear,False,False,True,1.6,False
2023-06-04,Sunday,6,2023-06-04 07:43,7,Cologne Hbf,Bonn Hbf,RE,rain,False,True,True,2.4,False
2023-06-04,Sunday,6,2023-06-04 09:46,9,Munich Hbf,Frankfurt(Main) Hbf,ICE,rain,False,False,True,6.7,True
2023-06-04,Sunday,6,2023-06-04 10:52,10,Cologne Hbf,Berlin Hbf,ICE,clear,True,False,True,4.9,False
2023-06-04,Sunday,6,2023-06-04 12:23,12,Hamburg Hbf,Hannover Hbf,IC,clear,False,False,True,3.8,False
2023-06-04,Sunday,6,2023-06-04 12:51,12,Frankfurt(Main) Hbf,Stuttgart Hbf,IC,clear,False,False,True,5.0,False
2023-06-04,Sunday,6,2023-06-04 13:28,13,Frankfurt(Main) Hbf,Mainz Hbf,S-Bahn,clear,False,False,True,38.7,True
2023-06-04,Sunday,6,2023-06-04 14:17,14,Cologne Hbf,Bonn Hbf,RE,clear,False,False,True,3.2,False
2023-06-04,Sunday,6,2023-06-04 16:29,16,Leipzig Hbf,Dresden Hbf,RE,rain,False,False,True,8.1,True
2023-06-04,Sunday,6,2023-06-04 16:35,16,Frankfurt(Main) Hbf,Stuttgart Hbf,IC,clear,False,False,True,0.7,False
2023-06-04,Sunday,6,2023-06-04 16:52,16,Frankfurt(Main) Hbf,Mainz Hbf,S-Bahn,clear,False,False,True,0.2,False
2023-06-04,Sunday,6,2023-06-04 18:14,18,Munich Hbf,Augsburg Hbf,RE,rain,False,True,True,0.6,False
2023-06-04,Sunday,6,2023-06-04 19:28,19,Hamburg Hbf,Hannover Hbf,IC,rain,False,True,True,4.0,False
2023-06-05,Monday,6,2023-06-05 07:10,7,Cologne Hbf,Berlin Hbf,ICE,clear,False,True,False,2.0,False
2023-06-05,Monday,6,2023-06-05 07:51,7,Cologne Hbf,Bonn Hbf,RE,rain,True,True,False,6.7,True
2023-06-05,Monday,6,2023-06-05 08:06,8,Berlin Hbf,Potsdam Hbf,S-Bahn,clear,False,True,False,1.7,False
2023-06-05,Monday,6,2023-06-05 08:20,8,Frankfurt(Main) Hbf,Stuttgart Hbf,IC,clear,False,True,False,9.9,True
2023-06-05,Monday,6,2023-06-05 08:32,8,Frankfurt(Main) Hbf,Mainz Hbf,S-Bahn,clear,False,True,False,2.8,False
2023-06-05,Monday,6,2023-06-05 08:47,8,Cologne Hbf,Bonn Hbf,RE,clear,True,True,False,2.5,False
2023-06-05,Monday,6,2023-06-05 09:46,9,Munich Hbf,Frankfurt(Main) Hbf,ICE,clear,False,False,False,4.0,False
2023-06-05,Monday,6,2023-06-05 13:24,13,Cologne Hbf,Berlin Hbf,ICE,rain,False,False,False,7.8,True
2023-06-05,Monday,6,2023-06-05 14:23,14,Berlin Hbf,Hamburg Hbf,ICE,clear,True,False,False,8.6,True
2023-06-05,Monday,6,2023-06-05 18:46,18,Hamburg Hbf,Hannover Hbf,IC,rain,True,True,False,7.6,True
2023-06-05,Monday,6,2023-06-05 19:26,19,Cologne Hbf,Berlin Hbf,ICE,storm,True,True,False,24.0,True
2023-06-06,Tuesday,6,2023-06-06 05:05,5,Munich Hbf,Frankfurt(Main) Hbf,ICE,storm,False,False,False,8.9,True
2023-06-06,Tuesday,6,2023-06-06 06:04,6,Munich Hbf,Augsburg Hbf,RE,clear,False,False,False,6.2,True
2023-06-06,Tuesday,6,2023-06-06 06:10,6,Cologne Hbf,Bonn Hbf,RE,clear,False,False,False,59.9,True
2023-06-06,Tuesday,6,2023-06-06 06:55,6,Frankfurt(Main) Hbf,Stuttgart Hbf,IC,clear,False,False,False,1.9,False
2023-06-06,Tuesday,6,2023-06-06 07:00,7,Cologne Hbf,Bonn Hbf,RE,clear,True,True,False,1.9,False
2023-06-06,Tuesday,6,2023-06-06 09:01,9,Berlin Hbf,Potsdam Hbf,S-Bahn,clear,False,False,False,2.7,False
2023-06-06,Tuesday,6,2023-06-06 09:47,9,Berlin Hbf,Hamburg Hbf,ICE,clear,False,False,False,3.6,False
2023-06-06,Tuesday,6,2023-06-06 09:51,9,Munich Hbf,Augsburg Hbf,RE,clear,True,False,False,8.6,True
2023-06-06,Tuesday,6,2023-06-06 10:52,10,Frankfurt(Main) Hbf,Mainz Hbf,S-Bahn,storm,True,False,False,3.4,False
2023-06-06,Tuesday,6,2023-06-06 11:48,11,Frankfurt(Main) Hbf,Mainz Hbf,S-Bahn,clear,False,False,False,1.3,False
2023-06-06,Tuesday,6,2023-06-06 16:45,16,Munich Hbf,Frankfurt(Main) Hbf,ICE,storm,False,False,False,7.3,True
2023-06-06,Tuesday,6,2023-06-06 18:21,18,Berlin Hbf,Hamburg Hbf,ICE,clear,True,True,False,3.2,False
2023-06-06,Tuesday,6,2023-06-06 18:45,18,Berlin Hbf,Hamburg Hbf,ICE,clear,False,True,False,3.0,False
2023-06-07,Wednesday,6,2023-06-07 05:42,5,Frankfurt(Main) Hbf,Stuttgart Hbf,IC,rain,False,False,False,9.3,True
2023-06-07,Wednesday,6,2023-06-07 08:24,8,Cologne Hbf,Berlin Hbf,ICE,clear,False,True,False,6.9,True
2023-06-07,Wednesday,6,2023-06-07 08:42,8,Berlin Hbf,Potsdam Hbf,S-Bahn,clear,False,True,False,1.6,False
2023-06-07,Wednesday,6,2023-06-07 09:59,9,Berlin Hbf,Hamburg Hbf,ICE,clear,False,False,False,7.5,True
2023-06-07,Wednesday,6,2023-06-07 10:56,10,Berlin Hbf,Hamburg Hbf,ICE,clear,False,False,False,2.5,False
2023-06-07,Wednesday,6,2023-06-07 11:04,11,Frankfurt(Main) Hbf,Stuttgart Hbf,IC,clear,True,False,False,81.1,True
2023-06-07,Wednesday,6,2023-06-07 11:17,11,Leipzig Hbf,Dresden Hbf,RE,clear,False,False,False,1.2,False
2023-06-07,Wednesday,6,2023-06-07 11:44,11,Munich Hbf,Frankfurt(Main) Hbf,ICE,clear,False,False,False,6.7,True
2023-06-07,Wednesday,6,2023-06-07 15:28,15,Frankfurt(Main) Hbf,Stuttgart Hbf,IC,clear,False,False,False,3.0,False
2023-06-07,Wednesday,6,2023-06-07 17:02,17,Frankfurt(Main) Hbf,Stuttgart Hbf,IC,clear,False,True,False,3.1,False
2023-06-07,Wednesday,6,2023-06-07 19:28,19,Munich Hbf,Frankfurt(Main) Hbf,ICE,storm,False,True,False,7.0,True
2023-06-08,Thursday,6,2023-06-08 09:01,9,Frankfurt(Main) Hbf,Mainz Hbf,S-Bahn,clear,True,False,False,6.0,True
2023-06-08,Thursday,6,2023-06-08 10:29,10,Cologne Hbf,Berlin Hbf,ICE,clear,False,False,False,4.8,False
2023-06-08,Thursday,6,2023-06-08 16:59,16,Munich Hbf,Frankfurt(Main) Hbf,ICE,clear,True,False,False,5.8,True
2023-06-08,Thursday,6,2023-06-08 17:01,17,Berlin Hbf,Hamburg Hbf,ICE,storm,True,True,False,15.4,True
2023-06-08,Thursday,6,2023-06-08 17:43,17,Berlin Hbf,Hamburg Hbf,ICE,clear,False,True,False,6.2,True
2023-06-08,Thursday,6,2023-06-08 17:56,17,Munich Hbf,Frankfurt(Main) Hbf,ICE,rain,False,True,False,6.4,True
2023-06-08,Thursday,6,2023-06-08 19:43,19,Munich Hbf,Frankfurt(Main) Hbf,ICE,clear,True,True,False,3.0,False
2023-06-08,Thursday,6,2023-06-08 19:50,19,Munich Hbf,Frankfurt(Main) Hbf,ICE,clear,False,True,False,2.2,False
2023-06-08,Thursday,6,2023-06-08 22:39,22,Munich Hbf,Frankfurt(Main) Hbf,ICE,clear,True,False,False,6.8,True
2023-06-09,Friday,6,2023-06-09 07:26,7,Hamburg Hbf,Hannover Hbf,IC,clear,False,True,False,5.3,True
2023-06-09,Friday,6,2023-06-09 10:19,10,Berlin Hbf,Potsdam Hbf,S-Bahn,clear,False,False,False,6.6,True
2023-06-09,Friday,6,2023-06-09 12:13,12,Berlin Hbf,Hamburg Hbf,ICE,clear,False,False,False,3.9,False
2023-06-09,Friday,6,2023-06-09 15:20,15,Hamburg Hbf,Hannover Hbf,IC,clear,True,False,False,4.4,False
2023-06-09,Friday,6,2023-06-09 17:00,17,Munich Hbf,Frankfurt(Main) Hbf,ICE,clear,False,True,False,3.5,False
2023-06-09,Friday,6,2023-06-09 18:28,18,Cologne Hbf,Bonn Hbf,RE,clear,False,True,False,0.7,False
2023-06-09,Friday,6,2023-06-09 19:08,19,Hamburg Hbf,Hannover Hbf,IC,clear,False,True,False,1.6,False
2023-06-09,Friday,6,2023-06-09 19:15,19,Cologne Hbf,Berlin Hbf,ICE,clear,False,True,False,2.2,False
2023-06-09,Friday,6,2023-06-09 19:42,19,Berlin Hbf,Potsdam Hbf,S-Bahn,rain,False,True,False,1.1,False
2023-06-09,Friday,6,2023-06-09 19:48,19,Cologne Hbf,Bonn Hbf,RE,rain,True,True,False,1.7,False
2023-06-09,Friday,6,2023-06-09 21:22,21,Munich Hbf,Augsburg Hbf,RE,rain,False,False,False,1.3,False
2023-06-09,Friday,6,2023-06-09 21:35,21,Munich Hbf,Frankfurt(Main) Hbf,ICE,clear,False,False,False,7.0,True
2023-06-09,Friday,6,2023-06-09 22:51,22,Berlin Hbf,Hamburg Hbf,ICE,clear,False,False,False,3.7,False
2023-06-10,Saturday,6,2023-06-10 06:25,6,Frankfurt(Main) Hbf,Mainz Hbf,S-Bahn,clear,True,False,True,1.7,False
2023-06-10,Saturday,6,2023-06-10 07:28,7,Cologne Hbf,Berlin Hbf,ICE,storm,True,True,True,11.5,True
2023-06-10,Saturday,6,2023-06-10 10:55,10,Cologne Hbf,Bonn Hbf,RE,rain,False,False,True,2.3,False
2023-06-10,Saturday,6,2023-06-10 11:49,11,Munich Hbf,Frankfurt(Main) Hbf,ICE,clear,False,False,True,2.9,False
2023-06-10,Saturday,6,2023-06-10 11:59,11,Frankfurt(Main) Hbf,Mainz Hbf,S-Bahn,clear,False,False,True,1.6,False
2023-06-10,Saturday,6,2023-06-10 12:10,12,Berlin Hbf,Potsdam Hbf,S-Bahn,clear,True,False,True,4.2,False
2023-06-10,Saturday,6,2023-06-10 13:49,13,Hamburg Hbf,Hannover Hbf,IC,clear,False,False,True,1.3,False
2023-06-10,Saturday,6,2023-06-10 15:10,15,Cologne Hbf,Bonn Hbf,RE,rain,False,False,True,3.8,False
2023-06-10,Saturday,6,2023-06-10 16:32,16,Frankfurt(Main) Hbf,Stuttgart Hbf,IC,rain,False,False,True,1.2,False
2023-06-10,Saturday,6,2023-06-10 16:54,16,Leipzig Hbf,Dresden Hbf,RE,clear,False,False,True,2.3,False
2023-06-10,Saturday,6,2023-06-10 18:16,18,Munich Hbf,Augsburg Hbf,RE,clear,False,True,True,2.4,False
2023-06-10,Saturday,6,2023-06-10 18:45,18,Frankfurt(Main) Hbf,Mainz Hbf,S-Bahn,rain,False,True,True,0.3,False
2023-06-10,Saturday,6,2023-06-10 21:31,21,Berlin Hbf,Hamburg Hbf,ICE,clear,True,False,True,9.7,True
2023-06-11,Sunday,6,2023-06-11 07:41,7,Cologne Hbf,Bonn Hbf,RE,clear,False,True,True,5.2,True
2023-06-11,Sunday,6,2023-06-11 07:50,7,Frankfurt(Main) Hbf,Mainz Hbf,S-Bahn,clear,False,True,True,0.3,False
2023-06-11,Sunday,6,2023-06-11 08:44,8,Frankfurt(Main) Hbf,Stuttgart Hbf,IC,rain,False,True,True,2.9,False
2023-06-11,Sunday,6,2023-06-11 09:27,9,Berlin Hbf,Hamburg Hbf,ICE,clear,False,False,True,5.0,False
2023-06-11,Sunday,6,2023-06-11 11:41,11,Cologne Hbf,Bonn Hbf,RE,storm,False,False,True,3.1,False
2023-06-11,Sunday,6,2023-06-11 16:35,16,Frankfurt(Main) Hbf,Stuttgart Hbf,IC,rain,False,False,True,4.9,False
2023-06-11,Sunday,6,2023-06-11 16:46,16,Cologne Hbf,Bonn Hbf,RE,clear,False,False,True,1.4,False
2023-06-11,Sunday,6,2023-06-11 17:49,17,Cologne Hbf,Berlin Hbf,ICE,storm,False,True,True,7.0,True
2023-06-11,Sunday,6,2023-06-11 18:01,18,Cologne Hbf,Berlin Hbf,ICE,storm,True,True,True,18.7,True
2023-06-11,Sunday,6,2023-06-11 20:21,20,Cologne Hbf,Bonn Hbf,RE,storm,False,False,True,2.0,False
2023-06-12,Monday,6,2023-06-12 05:05,5,Hamburg Hbf,Hannover Hbf,IC,clear,False,False,False,4.4,False
2023-06-12,Monday,6,2023-06-12 07:08,7,Cologne Hbf,Berlin Hbf,ICE,rain,False,True,False,11.2,True
2023-06-12,Monday,6,2023-06-12 07:46,7,Cologne Hbf,Bonn Hbf,RE,clear,False,True,False,4.5,False
2023-06-12,Monday,6,2023-06-12 07:48,7,Leipzig Hbf,Dresden Hbf,RE,clear,False,True,False,1.2,False
2023-06-12,Monday,6,2023-06-12 08:33,8,Frankfurt(Main) Hbf,Stuttgart Hbf,IC,clear,True,True,False,4.8,False
2023-06-12,Monday,6,2023-06-12 10:33,10,Cologne Hbf,Berlin Hbf,ICE,rain,False,False,False,6.7,True
2023-06-12,Monday,6,2023-06-12 13:14,13,Berlin Hbf,Potsdam Hbf,S-Bahn,storm,False,False,False,1.5,False
2023-06-12,Monday,6,2023-06-12 15:31,15,Cologne Hbf,Bonn Hbf,RE,clear,False,False,False,1.6,False
2023-06-12,Monday,6,2023-06-12 17:14,17,Cologne Hbf,Bonn Hbf,RE,clear,True,True,False,4.2,False
2023-06-12,Monday,6,2023-06-12 19:08,19,Hamburg Hbf,Hannover Hbf,IC,rain,False,True,False,3.1,False
2023-06-12,Monday,6,2023-06-12 22:23,22,Frankfurt(Main) Hbf,Stuttgart Hbf,IC,clear,False,False,False,4.8,False
2023-06-12,Monday,6,2023-06-12 22:27,22,Munich Hbf,Frankfurt(Main) Hbf,ICE,clear,False,False,False,2.3,False
2023-06-13,Tuesday,6,2023-06-13 07:08,7,Cologne Hbf,Bonn Hbf,RE,rain,False,True,False,1.0,False
2023-06-13,Tuesday,6,2023-06-13 07:58,7,Frankfurt(Main) Hbf,Mainz Hbf,S-Bahn,clear,False,True,False,2.2,False
2023-06-13,Tuesday,6,2023-06-13 08:33,8,Frankfurt(Main) Hbf,Mainz Hbf,S-Bahn,storm,True,True,False,6.9,True
2023-06-13,Tuesday,6,2023-06-13 09:32,9,Munich Hbf,Frankfurt(Main) Hbf,ICE,clear,False,False,False,9.5,True
2023-06-13,Tuesday,6,2023-06-13 09:45,9,Hamburg Hbf,Hannover Hbf,IC,clear,False,False,False,5.3,True
2023-06-13,Tuesday,6,2023-06-13 11:24,11,Berlin Hbf,Potsdam Hbf,S-Bahn,clear,False,False,False,1.1,False
2023-06-13,Tuesday,6,2023-06-13 12:37,12,Frankfurt(Main) Hbf,Stuttgart Hbf,IC,clear,False,False,False,4.3,False
2023-06-13,Tuesday,6,2023-06-13 14:07,14,Cologne Hbf,Berlin Hbf,ICE,clear,True,False,False,2.6,False
2023-06-13,Tuesday,6,2023-06-13 15:26,15,Hamburg Hbf,Hannover Hbf,IC,clear,False,False,False,1.3,False
2023-06-13,Tuesday,6,2023-06-13 19:47,19,Cologne Hbf,Bonn Hbf,RE,clear,False,True,False,29.4,True
2023-06-14,Wednesday,6,2023-06-14 05:48,5,Frankfurt(Main) Hbf,Stuttgart Hbf,IC,clear,False,False,False,1.2,False
2023-06-14,Wednesday,6,2023-06-14 08:49,8,Frankfurt(Main) Hbf,Mainz Hbf,S-Bahn,clear,False,True,False,0.8,False
2023-06-14,Wednesday,6,2023-06-14 10:07,10,Munich Hbf,Frankfurt(Main) Hbf,ICE,clear,False,False,False,3.2,False
2023-06-14,Wednesday,6,2023-06-14 10:45,10,Cologne Hbf,Berlin Hbf,ICE,storm,False,False,False,8.1,True
2023-06-14,Wednesday,6,2023-06-14 15:10,15,Leipzig Hbf,Dresden Hbf,RE,clear,False,False,False,2.2,False
2023-06-14,Wednesday,6,2023-06-14 15:28,15,Frankfurt(Main) Hbf,Mainz Hbf,S-Bahn,clear,False,False,False,3.3,False
2023-06-14,Wednesday,6,2023-06-14 15:45,15,Munich Hbf,Frankfurt(Main) Hbf,ICE,clear,False,False,False,2.6,False
2023-06-14,Wednesday,6,2023-06-14 17:35,17,Cologne Hbf,Bonn Hbf,RE,clear,False,True,False,1.3,False
2023-06-14,Wednesday,6,2023-06-14 19:00,19,Frankfurt(Main) Hbf,Mainz Hbf,S-Bahn,rain,False,True,False,0.5,False
2023-06-14,Wednesday,6,2023-06-14 19:39,19,Frankfurt(Main) Hbf,Stuttgart Hbf,IC,rain,False,True,False,1.4,False
2023-06-14,Wednesday,6,2023-06-14 20:10,20,Berlin Hbf,Hamburg Hbf,ICE,clear,False,False,False,0.6,False
2023-06-14,Wednesday,6,2023-06-14 20:56,20,Frankfurt(Main) Hbf,Mainz Hbf,S-Bahn,clear,False,False,False,1.4,False
2023-06-15,Thursday,6,2023-06-15 06:38,6,Berlin Hbf,Potsdam Hbf,S-Bahn,clear,False,False,False,3.0,False
2023-06-15,Thursday,6,2023-06-15 10:32,10,Cologne Hbf,Berlin Hbf,ICE,clear,True,False,False,5.2,True
2023-06-15,Thursday,6,2023-06-15 13:30,13,Cologne Hbf,Berlin Hbf,ICE,clear,False,False,False,6.6,True
2023-06-15,Thursday,6,2023-06-15 14:38,14,Hamburg Hbf,Hannover Hbf,IC,clear,True,False,False,3.0,False
2023-06-15,Thursday,6,2023-06-15 16:51,16,Cologne Hbf,Bonn Hbf,RE,clear,True,False,False,2.9,False
2023-06-15,Thursday,6,2023-06-15 17:06,17,Frankfurt(Main) Hbf,Mainz Hbf,S-Bahn,clear,False,True,False,0.2,False
2023-06-15,Thursday,6,2023-06-15 17:13,17,Berlin Hbf,Potsdam Hbf,S-Bahn,clear,True,True,False,1.2,False
2023-06-16,Friday,6,2023-06-16 08:45,8,Leipzig Hbf,Dresden Hbf,RE,clear,False,True,False,2.2,False
2023-06-16,Friday,6,2023-06-16 08:51,8,Frankfurt(Main) Hbf,Mainz Hbf,S-Bahn,clear,False,True,False,0.2,False
2023-06-16,Friday,6,2023-06-16 08:53,8,Leipzig Hbf,Dresden Hbf,RE,clear,False,True,False,2.7,False
2023-06-16,Friday,6,2023-06-16 11:02,11,Cologne Hbf,Berlin Hbf,ICE,clear,False,False,False,6.9,True
2023-06-16,Friday,6,2023-06-16 14:52,14,Cologne Hbf,Berlin Hbf,ICE,rain,False,False,False,8.0,True
2023-06-16,Friday,6,2023-06-16 15:07,15,Frankfurt(Main) Hbf,Stuttgart Hbf,IC,rain,True,False,False,7.0,True
2023-06-16,Friday,6,2023-06-16 15:47,15,Munich Hbf,Augsburg Hbf,RE,rain,True,False,False,3.0,False
2023-06-16,Friday,6,2023-06-16 15:51,15,Cologne Hbf,Bonn Hbf,RE,clear,True,False,False,0.1,False
2023-06-16,Friday,6,2023-06-16 17:14,17,Munich Hbf,Frankfurt(Main) Hbf,ICE,clear,False,True,False,3.0,False
2023-06-16,Friday,6,2023-06-16 18:02,18,Berlin Hbf,Potsdam Hbf,S-Bahn,storm,False,True,False,0.8,False
2023-06-17,Saturday,6,2023-06-17 05:20,5,Cologne Hbf,Berlin Hbf,ICE,rain,False,False,True,9.2,True
2023-06-17,Saturday,6,2023-06-17 05:41,5,Cologne Hbf,Berlin Hbf,ICE,clear,True,False,True,4.3,False
2023-06-17,Saturday,6,2023-06-17 07:47,7,Munich Hbf,Augsburg Hbf,RE,storm,False,True,True,1.2,False
2023-06-17,Saturday,6,2023-06-17 14:15,14,Frankfurt(Main) Hbf,Stuttgart Hbf,IC,storm,False,False,True,2.4,False
2023-06-17,Saturday,6,2023-06-17 18:19,18,Frankfurt(Main) Hbf,Stuttgart Hbf,IC,clear,True,True,True,4.7,False
2023-06-17,Saturday,6,2023-06-17 19:20,19,Hamburg Hbf,Hannover Hbf,IC,clear,False,True,True,4.3,False
2023-06-17,Saturday,6,2023-06-17 19:50,19,Berlin Hbf,Hamburg Hbf,ICE,rain,False,True,True,8.6,True
2023-06-17,Saturday,6,2023-06-17 20:49,20,Berlin Hbf,Hamburg Hbf,ICE,clear,False,False,True,0.7,False
2023-06-18,Sunday,6,2023-06-18 08:50,8,Hamburg Hbf,Hannover Hbf,IC,rain,False,True,True,3.9,False
2023-06-18,Sunday,6,2023-06-18 09:00,9,Leipzig Hbf,Dresden Hbf,RE,storm,False,False,True,2.4,False
2023-06-18,Sunday,6,2023-06-18 10:00,10,Frankfurt(Main) Hbf,Stuttgart Hbf,IC,storm,True,False,True,6.8,True
2023-06-18,Sunday,6,2023-06-18 11:24,11,Berlin Hbf,Potsdam Hbf,S-Bahn,rain,False,False,True,2.5,False
2023-06-18,Sunday,6,2023-06-18 13:12,13,Frankfurt(Main) Hbf,Stuttgart Hbf,IC,clear,True,False,True,2.4,False
2023-06-18,Sunday,6,2023-06-18 14:59,14,Frankfurt(Main) Hbf,Mainz Hbf,S-Bahn,clear,True,False,True,0.7,False
2023-06-18,Sunday,6,2023-06-18 16:14,16,Leipzig Hbf,Dresden Hbf,RE,rain,True,False,True,3.4,False
2023-06-18,Sunday,6,2023-06-18 17:15,17,Cologne Hbf,Bonn Hbf,RE,clear,True,True,True,2.8,False
2023-06-18,Sunday,6,2023-06-18 17:36,17,Munich Hbf,Augsburg Hbf,RE,clear,False,True,True,0.4,False
2023-06-18,Sunday,6,2023-06-18 19:09,19,Munich Hbf,Frankfurt(Main) Hbf,ICE,clear,False,True,True,1.6,False
2023-06-18,Sunday,6,2023-06-18 19:55,19,Cologne Hbf,Bonn Hbf,RE,rain,False,True,True,1.3,False
2023-06-18,Sunday,6,2023-06-18 20:19,20,Berlin Hbf,Hamburg Hbf,ICE,clear,False,False,True,3.4,False
2023-06-18,Sunday,6,2023-06-18 20:54,20,Cologne Hbf,Berlin Hbf,ICE,clear,False,False,True,5.4,True
2023-06-18,Sunday,6,2023-06-18 20:55,20,Hamburg Hbf,Hannover Hbf,IC,rain,True,False,True,5.5,True
2023-06-19,Monday,6,2023-06-19 07:26,7,Frankfurt(Main) Hbf,Stuttgart Hbf,IC,clear,True,True,False,3.8,False
2023-06-19,Monday,6,2023-06-19 09:06,9,Cologne Hbf,Berlin Hbf,ICE,clear,False,False,False,9.5,True
2023-06-19,Monday,6,2023-06-19 09:32,9,Leipzig Hbf,Dresden Hbf,RE,rain,True,False,False,4.0,False
2023-06-19,Monday,6,2023-06-19 11:02,11,Munich Hbf,Frankfurt(Main) Hbf,ICE,clear,False,False,False,6.1,True
2023-06-19,Monday,6,2023-06-19 13:07,13,Leipzig Hbf,Dresden Hbf,RE,clear,False,False,False,2.9,False
2023-06-19,Monday,6,2023-06-19 13:17,13,Frankfurt(Main) Hbf,Mainz Hbf,S-Bahn,rain,False,False,False,1.9,False
2023-06-19,Monday,6,2023-06-19 14:40,14,Munich Hbf,Frankfurt(Main) Hbf,ICE,rain,True,False,False,9.8,True
2023-06-19,Monday,6,2023-06-19 18:04,18,Frankfurt(Main) Hbf,Mainz Hbf,S-Bahn,clear,False,True,False,2.1,False
2023-06-20,Tuesday,6,2023-06-20 07:07,7,Munich Hbf,Frankfurt(Main) Hbf,ICE,rain,False,True,False,5.6,True
2023-06-20,Tuesday,6,2023-06-20 07:11,7,Hamburg Hbf,Hannover Hbf,IC,rain,False,True,False,6.7,True
2023-06-20,Tuesday,6,2023-06-20 08:10,8,Berlin Hbf,Hamburg Hbf,ICE,clear,False,True,False,4.9,False
2023-06-20,Tuesday,6,2023-06-20 08:46,8,Frankfurt(Main) Hbf,Mainz Hbf,S-Bahn,clear,False,True,False,1.0,False
2023-06-20,Tuesday,6,2023-06-20 10:26,10,Berlin Hbf,Potsdam Hbf,S-Bahn,storm,False,False,False,0.5,False
2023-06-20,Tuesday,6,2023-06-20 11:44,11,Frankfurt(Main) Hbf,Stuttgart Hbf,IC,clear,False,False,False,2.3,False
2023-06-20,Tuesday,6,2023-06-20 12:53,12,Munich Hbf,Frankfurt(Main) Hbf,ICE,clear,False,False,False,2.9,False
2023-06-20,Tuesday,6,2023-06-20 13:37,13,Berlin Hbf,Potsdam Hbf,S-Bahn,clear,False,False,False,2.5,False
2023-06-20,Tuesday,6,2023-06-20 16:07,16,Berlin Hbf,Hamburg Hbf,ICE,rain,False,False,False,1.9,False
2023-06-20,Tuesday,6,2023-06-20 16:33,16,Cologne Hbf,Bonn Hbf,RE,rain,False,False,False,3.0,False
2023-06-20,Tuesday,6,2023-06-20 18:41,18,Leipzig Hbf,Dresden Hbf,RE,rain,False,True,False,1.7,False
2023-06-21,Wednesday,6,2023-06-21 05:07,5,Hamburg Hbf,Hannover Hbf,IC,clear,False,False,False,2.9,False
2023-06-21,Wednesday,6,2023-06-21 05:39,5,Munich Hbf,Frankfurt(Main) Hbf,ICE,clear,False,False,False,4.9,False
2023-06-21,Wednesday,6,2023-06-21 06:55,6,Cologne Hbf,Bonn Hbf,RE,clear,False,False,False,5.9,True
2023-06-21,Wednesday,6,2023-06-21 08:07,8,Hamburg Hbf,Hannover Hbf,IC,clear,False,True,False,6.7,True
2023-06-21,Wednesday,6,2023-06-21 08:47,8,Cologne Hbf,Bonn Hbf,RE,storm,True,True,False,3.2,False
2023-06-21,Wednesday,6,2023-06-21 19:56,19,Cologne Hbf,Berlin Hbf,ICE,storm,False,True,False,15.9,True
2023-06-22,Thursday,6,2023-06-22 07:59,7,Munich Hbf,Frankfurt(Main) Hbf,ICE,clear,True,True,False,4.6,False
2023-06-22,Thursday,6,2023-06-22 08:41,8,Cologne Hbf,Bonn Hbf,RE,storm,False,True,False,3.6,False
2023-06-22,Thursday,6,2023-06-22 09:03,9,Berlin Hbf,Hamburg Hbf,ICE,clear,False,False,False,5.9,True
2023-06-22,Thursday,6,2023-06-22 09:49,9,Frankfurt(Main) Hbf,Stuttgart Hbf,IC,clear,False,False,False,3.3,False
2023-06-22,Thursday,6,2023-06-22 11:21,11,Munich Hbf,Frankfurt(Main) Hbf,ICE,clear,False,False,False,1.4,False
2023-06-22,Thursday,6,2023-06-22 13:09,13,Munich Hbf,Frankfurt(Main) Hbf,ICE,storm,False,False,False,8.5,True
2023-06-22,Thursday,6,2023-06-22 16:37,16,Frankfurt(Main) Hbf,Mainz Hbf,S-Bahn,clear,False,False,False,2.3,False
2023-06-22,Thursday,6,2023-06-22 16:40,16,Cologne Hbf,Berlin Hbf,ICE,clear,False,False,False,3.8,False
2023-06-22,Thursday,6,2023-06-22 16:48,16,Cologne Hbf,Bonn Hbf,RE,rain,True,False,False,5.0,False
2023-06-22,Thursday,6,2023-06-22 16:55,16,Frankfurt(Main) Hbf,Mainz Hbf,S-Bahn,rain,False,False,False,3.7,False
2023-06-23,Friday,6,2023-06-23 05:08,5,Berlin Hbf,Hamburg Hbf,ICE,rain,False,False,False,1.7,False
2023-06-23,Friday,6,2023-06-23 05:20,5,Cologne Hbf,Berlin Hbf,ICE,clear,False,False,False,53.5,True
2023-06-23,Friday,6,2023-06-23 06:00,6,Frankfurt(Main) Hbf,Mainz Hbf,S-Bahn,clear,True,False,False,0.9,False
2023-06-23,Friday,6,2023-06-23 06:27,6,Cologne Hbf,Berlin Hbf,ICE,rain,False,False,False,5.0,False
2023-06-23,Friday,6,2023-06-23 11:36,11,Frankfurt(Main) Hbf,Mainz Hbf,S-Bahn,clear,False,False,False,0.2,False
2023-06-23,Friday,6,2023-06-23 12:46,12,Cologne Hbf,Berlin Hbf,ICE,storm,False,False,False,11.1,True
2023-06-23,Friday,6,2023-06-23 15:26,15,Cologne Hbf,Berlin Hbf,ICE,storm,False,False,False,12.8,True
2023-06-23,Friday,6,2023-06-23 16:27,16,Munich Hbf,Augsburg Hbf,RE,rain,False,False,False,0.8,False
2023-06-23,Friday,6,2023-06-23 16:59,16,Berlin Hbf,Potsdam Hbf,S-Bahn,clear,True,False,False,3.6,False
2023-06-23,Friday,6,2023-06-23 17:21,17,Leipzig Hbf,Dresden Hbf,RE,clear,False,True,False,4.5,False
2023-06-23,Friday,6,2023-06-23 18:54,18,Berlin Hbf,Hamburg Hbf,ICE,clear,False,True,False,2.5,False
2023-06-23,Friday,6,2023-06-23 20:28,20,Hamburg Hbf,Hannover Hbf,IC,clear,False,False,False,2.1,False
2023-06-23,Friday,6,2023-06-23 21:28,21,Munich Hbf,Augsburg Hbf,RE,rain,False,False,False,2.8,False
2023-06-24,Saturday,6,2023-06-24 05:22,5,Berlin Hbf,Hamburg Hbf,ICE,clear,True,False,True,4.9,False
2023-06-24,Saturday,6,2023-06-24 06:54,6,Munich Hbf,Frankfurt(Main) Hbf,ICE,clear,False,False,True,2.1,False
2023-06-24,Saturday,6,2023-06-24 07:30,7,Cologne Hbf,Berlin Hbf,ICE,rain,False,True,True,10.0,True
2023-06-24,Saturday,6,2023-06-24 07:53,7,Cologne Hbf,Bonn Hbf,RE,clear,False,True,True,2.0,False
2023-06-24,Saturday,6,2023-06-24 10:07,10,Berlin Hbf,Hamburg Hbf,ICE,clear,True,False,True,5.3,True
2023-06-24,Saturday,6,2023-06-24 10:14,10,Munich Hbf,Augsburg Hbf,RE,clear,False,False,True,1.5,False
2023-06-24,Saturday,6,2023-06-24 10:18,10,Frankfurt(Main) Hbf,Stuttgart Hbf,IC,clear,False,False,True,1.9,False
2023-06-24,Saturday,6,2023-06-24 11:31,11,Frankfurt(Main) Hbf,Stuttgart Hbf,IC,rain,False,False,True,3.6,False
2023-06-24,Saturday,6,2023-06-24 11:31,11,Cologne Hbf,Berlin Hbf,ICE,rain,False,False,True,12.0,True
2023-06-24,Saturday,6,2023-06-24 11:38,11,Berlin Hbf,Potsdam Hbf,S-Bahn,clear,False,False,True,0.2,False
2023-06-24,Saturday,6,2023-06-24 16:27,16,Frankfurt(Main) Hbf,Stuttgart Hbf,IC,clear,False,False,True,3.3,False
2023-06-24,Saturday,6,2023-06-24 16:57,16,Hamburg Hbf,Hannover Hbf,IC,rain,False,False,True,9.6,True
2023-06-25,Sunday,6,2023-06-25 06:42,6,Frankfurt(Main) Hbf,Stuttgart Hbf,IC,clear,False,False,True,4.5,False
2023-06-25,Sunday,6,2023-06-25 07:56,7,Berlin Hbf,Potsdam Hbf,S-Bahn,clear,False,True,True,0.5,False
2023-06-25,Sunday,6,2023-06-25 08:27,8,Leipzig Hbf,Dresden Hbf,RE,clear,True,True,True,2.7,False
2023-06-25,Sunday,6,2023-06-25 08:49,8,Munich Hbf,Augsburg Hbf,RE,clear,True,True,True,1.9,False
2023-06-25,Sunday,6,2023-06-25 09:39,9,Cologne Hbf,Berlin Hbf,ICE,rain,False,False,True,2.1,False
2023-06-25,Sunday,6,2023-06-25 10:30,10,Cologne Hbf,Berlin Hbf,ICE,storm,False,False,True,3.8,False
2023-06-25,Sunday,6,2023-06-25 11:11,11,Frankfurt(Main) Hbf,Mainz Hbf,S-Bahn,rain,False,False,True,5.0,False
2023-06-25,Sunday,6,2023-06-25 13:30,13,Munich Hbf,Frankfurt(Main) Hbf,ICE,clear,True,False,True,5.8,True
2023-06-25,Sunday,6,2023-06-25 14:38,14,Cologne Hbf,Berlin Hbf,ICE,clear,False,False,True,1.4,False
2023-06-25,Sunday,6,2023-06-25 15:20,15,Cologne Hbf,Bonn Hbf,RE,clear,True,False,True,1.3,False
2023-06-25,Sunday,6,2023-06-25 16:20,16,Munich Hbf,Augsburg Hbf,RE,clear,False,False,True,1.8,False
2023-06-25,Sunday,6,2023-06-25 16:51,16,Frankfurt(Main) Hbf,Mainz Hbf,S-Bahn,clear,False,False,True,2.8,False
2023-06-25,Sunday,6,2023-06-25 17:34,17,Cologne Hbf,Bonn Hbf,RE,clear,False,True,True,1.6,False
2023-06-25,Sunday,6,2023-06-25 19:25,19,Hamburg Hbf,Hannover Hbf,IC,clear,False,True,True,2.0,False
2023-06-25,Sunday,6,2023-06-25 19:36,19,Frankfurt(Main) Hbf,Mainz Hbf,S-Bahn,rain,False,True,True,5.9,True
2023-06-25,Sunday,6,2023-06-25 20:24,20,Leipzig Hbf,Dresden Hbf,RE,rain,False,False,True,0.5,False
2023-06-25,Sunday,6,2023-06-25 21:47,21,Cologne Hbf,Bonn Hbf,RE,clear,False,False,True,1.9,False
2023-06-25,Sunday,6,2023-06-25 22:25,22,Berlin Hbf,Hamburg Hbf,ICE,clear,False,False,True,5.2,True
2023-06-25,Sunday,6,2023-06-25 22:34,22,Cologne Hbf,Berlin Hbf,ICE,clear,False,False,True,2.3,False
2023-06-26,Monday,6,2023-06-26 05:34,5,Hamburg Hbf,Hannover Hbf,IC,clear,False,False,False,0.9,False
2023-06-26,Monday,6,2023-06-26 06:47,6,Hamburg Hbf,Hannover Hbf,IC,clear,False,False,False,1.3,False
2023-06-26,Monday,6,2023-06-26 07:53,7,Frankfurt(Main) Hbf,Mainz Hbf,S-Bahn,clear,False,True,False,1.3,False
2023-06-26,Monday,6,2023-06-26 11:04,11,Frankfurt(Main) Hbf,Stuttgart Hbf,IC,clear,False,False,False,3.6,False
2023-06-26,Monday,6,2023-06-26 18:07,18,Munich Hbf,Frankfurt(Main) Hbf,ICE,clear,False,True,False,4.6,False
2023-06-26,Monday,6,2023-06-26 18:37,18,Cologne Hbf,Berlin Hbf,ICE,clear,True,True,False,9.0,True
2023-06-26,Monday,6,2023-06-26 22:55,22,Cologne Hbf,Bonn Hbf,RE,rain,False,False,False,0.5,False
2023-06-27,Tuesday,6,2023-06-27 06:32,6,Frankfurt(Main) Hbf,Stuttgart Hbf,IC,clear,False,False,False,2.6,False
2023-06-27,Tuesday,6,2023-06-27 06:36,6,Cologne Hbf,Bonn Hbf,RE,clear,False,False,False,39.9,True
2023-06-27,Tuesday,6,2023-06-27 10:44,10,Frankfurt(Main) Hbf,Mainz Hbf,S-Bahn,clear,True,False,False,5.8,True
2023-06-27,Tuesday,6,2023-06-27 11:44,11,Hamburg Hbf,Hannover Hbf,IC,rain,True,False,False,2.7,False
2023-06-27,Tuesday,6,2023-06-27 13:31,13,Frankfurt(Main) Hbf,Stuttgart Hbf,IC,clear,False,False,False,3.4,False
2023-06-27,Tuesday,6,2023-06-27 16:25,16,Frankfurt(Main) Hbf,Mainz Hbf,S-Bahn,clear,False,False,False,1.5,False
2023-06-27,Tuesday,6,2023-06-27 17:33,17,Cologne Hbf,Bonn Hbf,RE,clear,True,True,False,4.4,False
2023-06-27,Tuesday,6,2023-06-27 17:38,17,Leipzig Hbf,Dresden Hbf,RE,clear,False,True,False,1.1,False
2023-06-27,Tuesday,6,2023-06-27 18:59,18,Cologne Hbf,Bonn Hbf,RE,rain,False,True,False,1.9,False
2023-06-28,Wednesday,6,2023-06-28 06:29,6,Cologne Hbf,Berlin Hbf,ICE,rain,False,False,False,5.0,False
2023-06-28,Wednesday,6,2023-06-28 07:45,7,Hamburg Hbf,Hannover Hbf,IC,clear,False,True,False,3.0,False
2023-06-28,Wednesday,6,2023-06-28 08:09,8,Leipzig Hbf,Dresden Hbf,RE,rain,False,True,False,4.2,False
2023-06-28,Wednesday,6,2023-06-28 09:13,9,Berlin Hbf,Potsdam Hbf,S-Bahn,clear,False,False,False,3.3,False
2023-06-28,Wednesday,6,2023-06-28 09:22,9,Leipzig Hbf,Dresden Hbf,RE,clear,False,False,False,2.0,False
2023-06-28,Wednesday,6,2023-06-28 12:08,12,Leipzig Hbf,Dresden Hbf,RE,clear,False,False,False,0.8,False
2023-06-28,Wednesday,6,2023-06-28 15:02,15,Munich Hbf,Augsburg Hbf,RE,storm,False,False,False,2.8,False
2023-06-28,Wednesday,6,2023-06-28 17:15,17,Hamburg Hbf,Hannover Hbf,IC,clear,False,True,False,3.2,False
2023-06-28,Wednesday,6,2023-06-28 17:48,17,Berlin Hbf,Hamburg Hbf,ICE,storm,False,True,False,12.3,True
2023-06-28,Wednesday,6,2023-06-28 18:03,18,Munich Hbf,Frankfurt(Main) Hbf,ICE,storm,False,True,False,15.8,True
2023-06-28,Wednesday,6,2023-06-28 18:38,18,Frankfurt(Main) Hbf,Mainz Hbf,S-Bahn,clear,False,True,False,4.1,False
2023-06-28,Wednesday,6,2023-06-28 19:34,19,Hamburg Hbf,Hannover Hbf,IC,clear,False,True,False,4.2,False
2023-06-28,Wednesday,6,2023-06-28 20:12,20,Cologne Hbf,Berlin Hbf,ICE,clear,True,False,False,2.9,False
2023-06-28,Wednesday,6,2023-06-28 21:40,21,Munich Hbf,Augsburg Hbf,RE,rain,False,False,False,1.4,False
2023-06-28,Wednesday,6,2023-06-28 22:00,22,Cologne Hbf,Berlin Hbf,ICE,clear,False,False,False,3.4,False
2023-06-29,Thursday,6,2023-06-29 06:28,6,Munich Hbf,Augsburg Hbf,RE,clear,False,False,False,3.2,False
2023-06-29,Thursday,6,2023-06-29 06:45,6,Munich Hbf,Augsburg Hbf,RE,clear,True,False,False,0.8,False
2023-06-29,Thursday,6,2023-06-29 10:48,10,Munich Hbf,Frankfurt(Main) Hbf,ICE,clear,False,False,False,6.9,True
2023-06-29,Thursday,6,2023-06-29 10:57,10,Munich Hbf,Augsburg Hbf,RE,storm,False,False,False,0.9,False
2023-06-29,Thursday,6,2023-06-29 12:23,12,Hamburg Hbf,Hannover Hbf,IC,clear,False,False,False,2.7,False
2023-06-29,Thursday,6,2023-06-29 13:47,13,Frankfurt(Main) Hbf,Stuttgart Hbf,IC,rain,False,False,False,2.2,False
2023-06-29,Thursday,6,2023-06-29 17:35,17,Munich Hbf,Augsburg Hbf,RE,rain,False,True,False,2.4,False
2023-06-29,Thursday,6,2023-06-29 19:35,19,Munich Hbf,Augsburg Hbf,RE,clear,True,True,False,1.4,False
2023-06-29,Thursday,6,2023-06-29 21:56,21,Berlin Hbf,Hamburg Hbf,ICE,rain,False,False,False,4.1,False
2023-06-30,Friday,6,2023-06-30 07:05,7,Leipzig Hbf,Dresden Hbf,RE,rain,False,True,False,3.3,False
2023-06-30,Friday,6,2023-06-30 07:31,7,Leipzig Hbf,Dresden Hbf,RE,rain,False,True,False,4.1,False
2023-06-30,Friday,6,2023-06-30 11:02,11,Cologne Hbf,Berlin Hbf,ICE,clear,False,False,False,2.1,False
2023-06-30,Friday,6,2023-06-30 14:56,14,Munich Hbf,Augsburg Hbf,RE,clear,False,False,False,2.4,False
2023-06-30,Friday,6,2023-06-30 15:00,15,Munich Hbf,Frankfurt(Main) Hbf,ICE,clear,False,False,False,57.1,True
2023-06-30,Friday,6,2023-06-30 16:11,16,Cologne Hbf,Berlin Hbf,ICE,clear,False,False,False,2.2,False
2023-06-30,Friday,6,2023-06-30 16:35,16,Leipzig Hbf,Dresden Hbf,RE,rain,False,False,False,3.5,False
2023-06-30,Friday,6,2023-06-30 16:36,16,Cologne Hbf,Bonn Hbf,RE,clear,False,False,False,7.9,True
2023-06-30,Friday,6,2023-06-30 16:55,16,Hamburg Hbf,Hannover Hbf,IC,clear,False,False,False,4.3,False
2023-06-30,Friday,6,2023-06-30 17:12,17,Berlin Hbf,Potsdam Hbf,S-Bahn,rain,True,True,False,1.2,False
2023-06-30,Friday,6,2023-06-30 19:14,19,Cologne Hbf,Berlin Hbf,ICE,clear,True,True,False,15.1,True
2023-06-30,Friday,6,2023-06-30 19:58,19,Cologne Hbf,Berlin Hbf,ICE,clear,True,True,False,10.4,True
2023-07-01,Saturday,7,2023-07-01 05:30,5,Berlin Hbf,Potsdam Hbf,S-Bahn,clear,False,False,True,2.3,False
2023-07-01,Saturday,7,2023-07-01 12:58,12,Cologne Hbf,Bonn Hbf,RE,storm,False,False,True,0.8,False
2023-07-01,Saturday,7,2023-07-01 16:19,16,Leipzig Hbf,Dresden Hbf,RE,clear,True,False,True,50.2,True
2023-07-01,Saturday,7,2023-07-01 19:01,19,Frankfurt(Main) Hbf,Stuttgart Hbf,IC,clear,False,True,True,2.0,False
2023-07-01,Saturday,7,2023-07-01 22:33,22,Frankfurt(Main) Hbf,Stuttgart Hbf,IC,rain,False,False,True,5.9,True
2023-07-02,Sunday,7,2023-07-02 05:56,5,Cologne Hbf,Berlin Hbf,ICE,clear,False,False,True,6.8,True
2023-07-02,Sunday,7,2023-07-02 06:15,6,Berlin Hbf,Hamburg Hbf,ICE,clear,False,False,True,2.7,False
2023-07-02,Sunday,7,2023-07-02 08:28,8,Frankfurt(Main) Hbf,Stuttgart Hbf,IC,rain,False,True,True,1.3,False
2023-07-02,Sunday,7,2023-07-02 08:47,8,Frankfurt(Main) Hbf,Stuttgart Hbf,IC,storm,False,True,True,4.9,False
2023-07-02,Sunday,7,2023-07-02 11:09,11,Berlin Hbf,Potsdam Hbf,S-Bahn,storm,True,False,True,3.1,False
2023-07-02,Sunday,7,2023-07-02 17:27,17,Berlin Hbf,Potsdam Hbf,S-Bahn,clear,False,True,True,2.0,False
2023-07-02,Sunday,7,2023-07-02 17:57,17,Cologne Hbf,Bonn Hbf,RE,rain,False,True,True,2.1,False
2023-07-02,Sunday,7,2023-07-02 18:53,18,Berlin Hbf,Hamburg Hbf,ICE,clear,False,True,True,5.2,True
2023-07-02,Sunday,7,2023-07-02 19:34,19,Frankfurt(Main) Hbf,Mainz Hbf,S-Bahn,clear,False,True,True,1.6,False
2023-07-02,Sunday,7,2023-07-02 20:35,20,Munich Hbf,Augsburg Hbf,RE,rain,False,False,True,0.7,False
2023-07-02,Sunday,7,2023-07-02 20:52,20,Cologne Hbf,Berlin Hbf,ICE,rain,False,False,True,6.7,True
2023-07-02,Sunday,7,2023-07-02 21:28,21,Hamburg Hbf,Hannover Hbf,IC,storm,False,False,True,3.3,False
2023-07-03,Monday,7,2023-07-03 07:24,7,Berlin Hbf,Potsdam Hbf,S-Bahn,storm,False,True,False,7.7,True
2023-07-03,Monday,7,2023-07-03 09:34,9,Munich Hbf,Augsburg Hbf,RE,clear,False,False,False,1.1,False
2023-07-03,Monday,7,2023-07-03 12:42,12,Munich Hbf,Augsburg Hbf,RE,rain,False,False,False,1.2,False
2023-07-03,Monday,7,2023-07-03 13:45,13,Hamburg Hbf,Hannover Hbf,IC,clear,False,False,False,1.7,False
2023-07-03,Monday,7,2023-07-03 21:02,21,Berlin Hbf,Hamburg Hbf,ICE,clear,True,False,False,5.3,True
2023-07-03,Monday,7,2023-07-03 21:49,21,Berlin Hbf,Potsdam Hbf,S-Bahn,clear,False,False,False,2.5,False
2023-07-03,Monday,7,2023-07-03 22:29,22,Munich Hbf,Augsburg Hbf,RE,rain,False,False,False,2.8,False
2023-07-03,Monday,7,2023-07-03 22:40,22,Frankfurt(Main) Hbf,Stuttgart Hbf,IC,clear,False,False,False,2.1,False
2023-07-03,Monday,7,2023-07-03 22:47,22,Munich Hbf,Frankfurt(Main) Hbf,ICE,storm,False,False,False,13.1,True
2023-07-04,Tuesday,7,2023-07-04 08:23,8,Cologne Hbf,Bonn Hbf,RE,rain,False,True,False,3.0,False
2023-07-04,Tuesday,7,2023-07-04 08:48,8,Frankfurt(Main) Hbf,Stuttgart Hbf,IC,storm,False,True,False,15.0,True
2023-07-04,Tuesday,7,2023-07-04 08:48,8,Leipzig Hbf,Dresden Hbf,RE,clear,False,True,False,0.3,False
2023-07-04,Tuesday,7,2023-07-04 09:08,9,Berlin Hbf,Potsdam Hbf,S-Bahn,clear,False,False,False,0.4,False
2023-07-04,Tuesday,7,2023-07-04 11:25,11,Munich Hbf,Augsburg Hbf,RE,clear,False,False,False,0.8,False
2023-07-04,Tuesday,7,2023-07-04 12:43,12,Leipzig Hbf,Dresden Hbf,RE,clear,False,False,False,0.8,False
2023-07-04,Tuesday,7,2023-07-04 13:31,13,Cologne Hbf,Berlin Hbf,ICE,clear,False,False,False,2.2,False
2023-07-04,Tuesday,7,2023-07-04 14:28,14,Leipzig Hbf,Dresden Hbf,RE,clear,False,False,False,3.0,False
2023-07-04,Tuesday,7,2023-07-04 14:44,14,Frankfurt(Main) Hbf,Stuttgart Hbf,IC,rain,False,False,False,15.0,True
2023-07-04,Tuesday,7,2023-07-04 16:30,16,Munich Hbf,Frankfurt(Main) Hbf,ICE,clear,False,False,False,4.5,False
2023-07-04,Tuesday,7,2023-07-04 18:31,18,Berlin Hbf,Potsdam Hbf,S-Bahn,clear,False,True,False,1.3,False
2023-07-04,Tuesday,7,2023-07-04 18:44,18,Munich Hbf,Augsburg Hbf,RE,storm,False,True,False,4.2,False
2023-07-04,Tuesday,7,2023-07-04 19:01,19,Cologne Hbf,Berlin Hbf,ICE,clear,False,True,False,5.4,True
2023-07-04,Tuesday,7,2023-07-04 21:27,21,Cologne Hbf,Berlin Hbf,ICE,rain,False,False,False,10.8,True
2023-07-05,Wednesday,7,2023-07-05 07:22,7,Berlin Hbf,Potsdam Hbf,S-Bahn,clear,False,True,False,0.6,False
2023-07-05,Wednesday,7,2023-07-05 08:10,8,Berlin Hbf,Potsdam Hbf,S-Bahn,rain,True,True,False,0.2,False
2023-07-05,Wednesday,7,2023-07-05 09:56,9,Munich Hbf,Frankfurt(Main) Hbf,ICE,rain,False,False,False,3.6,False
2023-07-05,Wednesday,7,2023-07-05 10:30,10,Munich Hbf,Augsburg Hbf,RE,clear,False,False,False,2.6,False
2023-07-05,Wednesday,7,2023-07-05 11:45,11,Leipzig Hbf,Dresden Hbf,RE,clear,False,False,False,1.3,False
2023-07-05,Wednesday,7,2023-07-05 12:17,12,Munich Hbf,Augsburg Hbf,RE,clear,True,False,False,0.7,False
2023-07-05,Wednesday,7,2023-07-05 13:27,13,Frankfurt(Main) Hbf,Stuttgart Hbf,IC,clear,True,False,False,3.3,False
2023-07-05,Wednesday,7,2023-07-05 15:42,15,Cologne Hbf,Bonn Hbf,RE,rain,False,False,False,2.1,False
2023-07-05,Wednesday,7,2023-07-05 19:33,19,Munich Hbf,Frankfurt(Main) Hbf,ICE,clear,False,True,False,1.8,False
2023-07-05,Wednesday,7,2023-07-05 19:56,19,Munich Hbf,Frankfurt(Main) Hbf,ICE,clear,False,True,False,4.2,False
2023-07-05,Wednesday,7,2023-07-05 20:34,20,Frankfurt(Main) Hbf,Stuttgart Hbf,IC,rain,True,False,False,5.4,True
2023-07-06,Thursday,7,2023-07-06 06:42,6,Munich Hbf,Augsburg Hbf,RE,clear,False,False,False,1.2,False
2023-07-06,Thursday,7,2023-07-06 09:15,9,Munich Hbf,Frankfurt(Main) Hbf,ICE,storm,False,False,False,6.0,True
2023-07-06,Thursday,7,2023-07-06 11:27,11,Leipzig Hbf,Dresden Hbf,RE,rain,False,False,False,3.3,False
2023-07-06,Thursday,7,2023-07-06 11:56,11,Frankfurt(Main) Hbf,Stuttgart Hbf,IC,clear,False,False,False,1.2,False
2023-07-06,Thursday,7,2023-07-06 13:39,13,Frankfurt(Main) Hbf,Stuttgart Hbf,IC,storm,False,False,False,2.5,False
2023-07-06,Thursday,7,2023-07-06 15:03,15,Munich Hbf,Augsburg Hbf,RE,clear,True,False,False,2.7,False
2023-07-06,Thursday,7,2023-07-06 17:16,17,Munich Hbf,Frankfurt(Main) Hbf,ICE,clear,False,True,False,2.6,False
2023-07-06,Thursday,7,2023-07-06 17:19,17,Hamburg Hbf,Hannover Hbf,IC,clear,False,True,False,3.7,False
2023-07-06,Thursday,7,2023-07-06 17:49,17,Cologne Hbf,Bonn Hbf,RE,clear,False,True,False,9.9,True
2023-07-06,Thursday,7,2023-07-06 19:17,19,Cologne Hbf,Bonn Hbf,RE,rain,False,True,False,1.5,False
2023-07-06,Thursday,7,2023-07-06 20:54,20,Munich Hbf,Frankfurt(Main) Hbf,ICE,rain,False,False,False,5.3,True
2023-07-06,Thursday,7,2023-07-06 21:20,21,Munich Hbf,Frankfurt(Main) Hbf,ICE,rain,False,False,False,2.3,False
2023-07-06,Thursday,7,2023-07-06 21:30,21,Munich Hbf,Frankfurt(Main) Hbf,ICE,storm,False,False,False,11.6,True
2023-07-07,Friday,7,2023-07-07 05:16,5,Berlin Hbf,Potsdam Hbf,S-Bahn,clear,False,False,False,4.5,False
2023-07-07,Friday,7,2023-07-07 06:48,6,Berlin Hbf,Potsdam Hbf,S-Bahn,rain,False,False,False,1.5,False
2023-07-07,Friday,7,2023-07-07 07:37,7,Frankfurt(Main) Hbf,Stuttgart Hbf,IC,rain,False,True,False,11.5,True
2023-07-07,Friday,7,2023-07-07 08:29,8,Berlin Hbf,Potsdam Hbf,S-Bahn,clear,False,True,False,0.6,False
2023-07-07,Friday,7,2023-07-07 08:40,8,Frankfurt(Main) Hbf,Stuttgart Hbf,IC,clear,True,True,False,1.7,False
2023-07-07,Friday,7,2023-07-07 10:18,10,Frankfurt(Main) Hbf,Mainz Hbf,S-Bahn,clear,False,False,False,4.2,False
2023-07-07,Friday,7,2023-07-07 10:38,10,Cologne Hbf,Berlin Hbf,ICE,rain,False,False,False,4.2,False
2023-07-07,Friday,7,2023-07-07 14:07,14,Frankfurt(Main) Hbf,Stuttgart Hbf,IC,clear,True,False,False,10.6,True
2023-07-07,Friday,7,2023-07-07 14:34,14,Frankfurt(Main) Hbf,Stuttgart Hbf,IC,clear,True,False,False,6.8,True
2023-07-07,Friday,7,2023-07-07 15:46,15,Munich Hbf,Augsburg Hbf,RE,rain,True,False,False,4.8,False
2023-07-07,Friday,7,2023-07-07 17:45,17,Frankfurt(Main) Hbf,Mainz Hbf,S-Bahn,clear,False,True,False,33.1,True
2023-07-07,Friday,7,2023-07-07 18:38,18,Cologne Hbf,Berlin Hbf,ICE,clear,False,True,False,5.8,True
2023-07-07,Friday,7,2023-07-07 21:09,21,Frankfurt(Main) Hbf,Stuttgart Hbf,IC,clear,False,False,False,0.9,False
2023-07-07,Friday,7,2023-07-07 21:53,21,Hamburg Hbf,Hannover Hbf,IC,storm,False,False,False,7.5,True
2023-07-08,Saturday,7,2023-07-08 06:14,6,Munich Hbf,Frankfurt(Main) Hbf,ICE,clear,False,False,True,0.9,False
2023-07-08,Saturday,7,2023-07-08 06:47,6,Hamburg Hbf,Hannover Hbf,IC,clear,False,False,True,1.4,False
2023-07-08,Saturday,7,2023-07-08 07:51,7,Cologne Hbf,Bonn Hbf,RE,rain,False,True,True,5.3,True
2023-07-08,Saturday,7,2023-07-08 08:34,8,Munich Hbf,Frankfurt(Main) Hbf,ICE,rain,False,True,True,5.5,True
2023-07-08,Saturday,7,2023-07-08 10:19,10,Munich Hbf,Augsburg Hbf,RE,storm,False,False,True,1.2,False
2023-07-08,Saturday,7,2023-07-08 10:48,10,Cologne Hbf,Berlin Hbf,ICE,rain,False,False,True,2.9,False
2023-07-08,Saturday,7,2023-07-08 12:57,12,Cologne Hbf,Berlin Hbf,ICE,clear,True,False,True,4.6,False
2023-07-08,Saturday,7,2023-07-08 15:33,15,Cologne Hbf,Berlin Hbf,ICE,storm,False,False,True,5.6,True
2023-07-08,Saturday,7,2023-07-08 16:35,16,Hamburg Hbf,Hannover Hbf,IC,clear,False,False,True,2.2,False
2023-07-08,Saturday,7,2023-07-08 17:04,17,Berlin Hbf,Hamburg Hbf,ICE,clear,False,True,True,2.3,False
2023-07-08,Saturday,7,2023-07-08 17:20,17,Munich Hbf,Frankfurt(Main) Hbf,ICE,clear,False,True,True,4.7,False
2023-07-08,Saturday,7,2023-07-08 17:49,17,Frankfurt(Main) Hbf,Mainz Hbf,S-Bahn,clear,False,True,True,0.6,False
2023-07-08,Saturday,7,2023-07-08 19:45,19,Munich Hbf,Augsburg Hbf,RE,rain,False,True,True,2.1,False
2023-07-08,Saturday,7,2023-07-08 19:50,19,Berlin Hbf,Potsdam Hbf,S-Bahn,storm,False,True,True,4.3,False
2023-07-09,Sunday,7,2023-07-09 05:17,5,Berlin Hbf,Hamburg Hbf,ICE,clear,True,False,True,3.4,False
2023-07-09,Sunday,7,2023-07-09 06:17,6,Cologne Hbf,Bonn Hbf,RE,rain,False,False,True,2.2,False
2023-07-09,Sunday,7,2023-07-09 06:49,6,Frankfurt(Main) Hbf,Stuttgart Hbf,IC,clear,False,False,True,0.7,False
2023-07-09,Sunday,7,2023-07-09 08:02,8,Cologne Hbf,Bonn Hbf,RE,rain,False,True,True,4.2,False
2023-07-09,Sunday,7,2023-07-09 11:45,11,Berlin Hbf,Potsdam Hbf,S-Bahn,clear,True,False,True,5.3,True
2023-07-09,Sunday,7,2023-07-09 13:14,13,Hamburg Hbf,Hannover Hbf,IC,clear,False,False,True,1.1,False
2023-07-09,Sunday,7,2023-07-09 16:33,16,Frankfurt(Main) Hbf,Mainz Hbf,S-Bahn,clear,False,False,True,0.7,False
2023-07-09,Sunday,7,2023-07-09 17:51,17,Hamburg Hbf,Hannover Hbf,IC,clear,False,True,True,1.1,False
2023-07-09,Sunday,7,2023-07-09 18:09,18,Frankfurt(Main) Hbf,Stuttgart Hbf,IC,clear,False,True,True,5.8,True
2023-07-09,Sunday,7,2023-07-09 19:45,19,Berlin Hbf,Potsdam Hbf,S-Bahn,clear,False,True,True,0.2,False
2023-07-09,Sunday,7,2023-07-09 20:19,20,Frankfurt(Main) Hbf,Stuttgart Hbf,IC,clear,True,False,True,2.5,False
2023-07-09,Sunday,7,2023-07-09 20:22,20,Frankfurt(Main) Hbf,Stuttgart Hbf,IC,clear,False,False,True,2.1,False
2023-07-09,Sunday,7,2023-07-09 22:51,22,Cologne Hbf,Berlin Hbf,ICE,clear,False,False,True,1.9,False
2023-07-10,Monday,7,2023-07-10 06:58,6,Munich Hbf,Frankfurt(Main) Hbf,ICE,rain,True,False,False,5.1,True
2023-07-10,Monday,7,2023-07-10 07:59,7,Frankfurt(Main) Hbf,Mainz Hbf,S-Bahn,clear,False,True,False,1.1,False
2023-07-10,Monday,7,2023-07-10 08:44,8,Leipzig Hbf,Dresden Hbf,RE,clear,False,True,False,51.6,True
2023-07-10,Monday,7,2023-07-10 09:41,9,Leipzig Hbf,Dresden Hbf,RE,clear,True,False,False,5.4,True
2023-07-10,Monday,7,2023-07-10 10:19,10,Cologne Hbf,Bonn Hbf,RE,clear,True,False,False,2.2,False
2023-07-10,Monday,7,2023-07-10 16:33,16,Leipzig Hbf,Dresden Hbf,RE,storm,True,False,False,10.0,True
2023-07-10,Monday,7,2023-07-10 16:34,16,Cologne Hbf,Bonn Hbf,RE,rain,False,False,False,1.3,False
2023-07-10,Monday,7,2023-07-10 19:29,19,Munich Hbf,Frankfurt(Main) Hbf,ICE,clear,False,True,False,3.4,False
2023-07-10,Monday,7,2023-07-10 21:41,21,Munich Hbf,Frankfurt(Main) Hbf,ICE,clear,True,False,False,2.2,False
2023-07-10,Monday,7,2023-07-10 22:28,22,Cologne Hbf,Bonn Hbf,RE,clear,False,False,False,3.0,False
2023-07-11,Tuesday,7,2023-07-11 08:33,8,Munich Hbf,Augsburg Hbf,RE,clear,False,True,False,1.9,False
2023-07-11,Tuesday,7,2023-07-11 08:49,8,Berlin Hbf,Potsdam Hbf,S-Bahn,clear,False,True,False,0.1,False
2023-07-11,Tuesday,7,2023-07-11 08:50,8,Hamburg Hbf,Hannover Hbf,IC,clear,False,True,False,3.8,False
2023-07-11,Tuesday,7,2023-07-11 10:47,10,Munich Hbf,Augsburg Hbf,RE,rain,False,False,False,0.3,False
2023-07-11,Tuesday,7,2023-07-11 14:09,14,Cologne Hbf,Berlin Hbf,ICE,clear,False,False,False,4.5,False
2023-07-11,Tuesday,7,2023-07-11 14:29,14,Leipzig Hbf,Dresden Hbf,RE,clear,False,False,False,2.7,False
2023-07-11,Tuesday,7,2023-07-11 16:52,16,Frankfurt(Main) Hbf,Mainz Hbf,S-Bahn,clear,False,False,False,0.6,False
2023-07-11,Tuesday,7,2023-07-11 16:55,16,Frankfurt(Main) Hbf,Stuttgart Hbf,IC,clear,True,False,False,3.4,False
2023-07-11,Tuesday,7,2023-07-11 17:55,17,Berlin Hbf,Potsdam Hbf,S-Bahn,clear,False,True,False,4.8,False
2023-07-11,Tuesday,7,2023-07-11 18:15,18,Frankfurt(Main) Hbf,Stuttgart Hbf,IC,clear,False,True,False,2.1,False
2023-07-11,Tuesday,7,2023-07-11 19:41,19,Munich Hbf,Augsburg Hbf,RE,clear,True,True,False,1.1,False
2023-07-11,Tuesday,7,2023-07-11 20:01,20,Munich Hbf,Frankfurt(Main) Hbf,ICE,storm,False,False,False,2.9,False
2023-07-11,Tuesday,7,2023-07-11 20:51,20,Berlin Hbf,Potsdam Hbf,S-Bahn,clear,False,False,False,0.7,False
2023-07-11,Tuesday,7,2023-07-11 22:22,22,Frankfurt(Main) Hbf,Mainz Hbf,S-Bahn,clear,False,False,False,0.6,False
2023-07-12,Wednesday,7,2023-07-12 07:28,7,Leipzig Hbf,Dresden Hbf,RE,rain,False,True,False,2.1,False
2023-07-12,Wednesday,7,2023-07-12 07:38,7,Frankfurt(Main) Hbf,Mainz Hbf,S-Bahn,clear,False,True,False,1.8,False
2023-07-12,Wednesday,7,2023-07-12 08:09,8,Leipzig Hbf,Dresden Hbf,RE,clear,False,True,False,2.4,False
2023-07-12,Wednesday,7,2023-07-12 09:25,9,Leipzig Hbf,Dresden Hbf,RE,clear,False,False,False,4.0,False
2023-07-12,Wednesday,7,2023-07-12 10:31,10,Hamburg Hbf,Hannover Hbf,IC,rain,True,False,False,10.7,True
2023-07-12,Wednesday,7,2023-07-12 11:48,11,Cologne Hbf,Berlin Hbf,ICE,clear,False,False,False,3.2,False
2023-07-12,Wednesday,7,2023-07-12 13:24,13,Munich Hbf,Frankfurt(Main) Hbf,ICE,rain,True,False,False,10.4,True
2023-07-12,Wednesday,7,2023-07-12 13:41,13,Munich Hbf,Frankfurt(Main) Hbf,ICE,clear,True,False,False,6.6,True
2023-07-12,Wednesday,7,2023-07-12 14:13,14,Berlin Hbf,Potsdam Hbf,S-Bahn,rain,False,False,False,7.8,True
2023-07-12,Wednesday,7,2023-07-12 14:50,14,Cologne Hbf,Berlin Hbf,ICE,rain,False,False,False,3.7,False
2023-07-12,Wednesday,7,2023-07-12 17:35,17,Cologne Hbf,Bonn Hbf,RE,clear,False,True,False,2.1,False
2023-07-12,Wednesday,7,2023-07-12 17:47,17,Berlin Hbf,Potsdam Hbf,S-Bahn,clear,True,True,False,1.3,False
2023-07-13,Thursday,7,2023-07-13 06:13,6,Munich Hbf,Augsburg Hbf,RE,rain,False,False,False,4.1,False
2023-07-13,Thursday,7,2023-07-13 08:31,8,Frankfurt(Main) Hbf,Mainz Hbf,S-Bahn,clear,False,True,False,0.9,False
2023-07-13,Thursday,7,2023-07-13 12:10,12,Frankfurt(Main) Hbf,Mainz Hbf,S-Bahn,clear,False,False,False,0.9,False
2023-07-13,Thursday,7,2023-07-13 12:40,12,Berlin Hbf,Hamburg Hbf,ICE,storm,False,False,False,5.2,True
2023-07-13,Thursday,7,2023-07-13 13:03,13,Cologne Hbf,Berlin Hbf,ICE,clear,False,False,False,67.1,True
2023-07-13,Thursday,7,2023-07-13 13:21,13,Berlin Hbf,Hamburg Hbf,ICE,clear,True,False,False,6.3,True
2023-07-13,Thursday,7,2023-07-13 15:05,15,Frankfurt(Main) Hbf,Stuttgart Hbf,IC,clear,True,False,False,5.3,True
2023-07-13,Thursday,7,2023-07-13 16:32,16,Berlin Hbf,Hamburg Hbf,ICE,clear,False,False,False,2.1,False
2023-07-13,Thursday,7,2023-07-13 16:39,16,Berlin Hbf,Hamburg Hbf,ICE,rain,False,False,False,4.0,False
2023-07-13,Thursday,7,2023-07-13 18:16,18,Hamburg Hbf,Hannover Hbf,IC,storm,False,True,False,6.5,True
2023-07-13,Thursday,7,2023-07-13 18:40,18,Berlin Hbf,Potsdam Hbf,S-Bahn,rain,False,True,False,1.4,False
2023-07-13,Thursday,7,2023-07-13 19:02,19,Cologne Hbf,Bonn Hbf,RE,clear,False,True,False,2.0,False
2023-07-13,Thursday,7,2023-07-13 19:52,19,Cologne Hbf,Berlin Hbf,ICE,rain,False,True,False,10.0,True
2023-07-13,Thursday,7,2023-07-13 20:13,20,Berlin Hbf,Hamburg Hbf,ICE,rain,False,False,False,1.2,False
2023-07-13,Thursday,7,2023-07-13 22:47,22,Cologne Hbf,Berlin Hbf,ICE,clear,False,False,False,8.1,True
2023-07-14,Friday,7,2023-07-14 05:54,5,Cologne Hbf,Berlin Hbf,ICE,clear,True,False,False,3.7,False
2023-07-14,Friday,7,2023-07-14 07:07,7,Frankfurt(Main) Hbf,Mainz Hbf,S-Bahn,clear,False,True,False,2.0,False
2023-07-14,Friday,7,2023-07-14 07:42,7,Cologne Hbf,Bonn Hbf,RE,clear,True,True,False,8.5,True
2023-07-14,Friday,7,2023-07-14 09:28,9,Leipzig Hbf,Dresden Hbf,RE,clear,False,False,False,3.7,False
2023-07-14,Friday,7,2023-07-14 12:22,12,Munich Hbf,Frankfurt(Main) Hbf,ICE,clear,False,False,False,0.7,False
2023-07-14,Friday,7,2023-07-14 14:56,14,Berlin Hbf,Potsdam Hbf,S-Bahn,rain,False,False,False,4.5,False
2023-07-14,Friday,7,2023-07-14 15:34,15,Munich Hbf,Augsburg Hbf,RE,rain,True,False,False,1.8,False
2023-07-14,Friday,7,2023-07-14 16:29,16,Munich Hbf,Augsburg Hbf,RE,storm,False,False,False,3.1,False
2023-07-14,Friday,7,2023-07-14 17:17,17,Hamburg Hbf,Hannover Hbf,IC,clear,False,True,False,7.8,True
2023-07-14,Friday,7,2023-07-14 18:03,18,Hamburg Hbf,Hannover Hbf,IC,clear,True,True,False,2.9,False
2023-07-14,Friday,7,2023-07-14 19:31,19,Frankfurt(Main) Hbf,Stuttgart Hbf,IC,rain,False,True,False,11.7,True
2023-07-15,Saturday,7,2023-07-15 06:36,6,Hamburg Hbf,Hannover Hbf,IC,storm,False,False,True,2.0,False
2023-07-15,Saturday,7,2023-07-15 09:31,9,Hamburg Hbf,Hannover Hbf,IC,clear,False,False,True,1.0,False
2023-07-15,Saturday,7,2023-07-15 10:33,10,Munich Hbf,Augsburg Hbf,RE,storm,False,False,True,1.1,False
2023-07-15,Saturday,7,2023-07-15 11:41,11,Cologne Hbf,Berlin Hbf,ICE,rain,True,False,True,9.5,True
2023-07-15,Saturday,7,2023-07-15 13:42,13,Hamburg Hbf,Hannover Hbf,IC,rain,False,False,True,0.2,False
2023-07-15,Saturday,7,2023-07-15 14:16,14,Frankfurt(Main) Hbf,Stuttgart Hbf,IC,clear,False,False,True,2.9,False
2023-07-15,Saturday,7,2023-07-15 15:01,15,Hamburg Hbf,Hannover Hbf,IC,clear,False,False,True,0.6,False
2023-07-15,Saturday,7,2023-07-15 15:30,15,Frankfurt(Main) Hbf,Mainz Hbf,S-Bahn,clear,False,False,True,1.6,False
2023-07-15,Saturday,7,2023-07-15 16:26,16,Leipzig Hbf,Dresden Hbf,RE,storm,False,False,True,4.0,False
2023-07-15,Saturday,7,2023-07-15 17:52,17,Berlin Hbf,Potsdam Hbf,S-Bahn,clear,False,True,True,3.2,False
2023-07-15,Saturday,7,2023-07-15 17:54,17,Hamburg Hbf,Hannover Hbf,IC,storm,True,True,True,8.5,True
2023-07-15,Saturday,7,2023-07-15 19:47,19,Leipzig Hbf,Dresden Hbf,RE,clear,False,True,True,1.1,False
2023-07-15,Saturday,7,2023-07-15 20:00,20,Frankfurt(Main) Hbf,Mainz Hbf,S-Bahn,rain,False,False,True,1.9,False
2023-07-15,Saturday,7,2023-07-15 21:33,21,Berlin Hbf,Hamburg Hbf,ICE,clear,True,False,True,5.5,True
2023-07-15,Saturday,7,2023-07-15 21:55,21,Munich Hbf,Frankfurt(Main) Hbf,ICE,clear,False,False,True,1.9,False
2023-07-15,Saturday,7,2023-07-15 22:22,22,Cologne Hbf,Berlin Hbf,ICE,rain,True,False,True,11.3,True
2023-07-15,Saturday,7,2023-07-15 22:51,22,Frankfurt(Main) Hbf,Stuttgart Hbf,IC,clear,False,False,True,0.6,False
2023-07-16,Sunday,7,2023-07-16 05:33,5,Frankfurt(Main) Hbf,Stuttgart Hbf,IC,clear,False,False,True,3.9,False
2023-07-16,Sunday,7,2023-07-16 07:55,7,Frankfurt(Main) Hbf,Mainz Hbf,S-Bahn,clear,False,True,True,2.0,False
2023-07-16,Sunday,7,2023-07-16 13:20,13,Hamburg Hbf,Hannover Hbf,IC,clear,True,False,True,9.8,True
2023-07-16,Sunday,7,2023-07-16 13:48,13,Berlin Hbf,Potsdam Hbf,S-Bahn,clear,True,False,True,3.8,False
2023-07-16,Sunday,7,2023-07-16 14:30,14,Berlin Hbf,Hamburg Hbf,ICE,clear,False,False,True,3.7,False
2023-07-16,Sunday,7,2023-07-16 17:18,17,Munich Hbf,Frankfurt(Main) Hbf,ICE,clear,False,True,True,5.2,True
2023-07-16,Sunday,7,2023-07-16 22:44,22,Cologne Hbf,Bonn Hbf,RE,clear,False,False,True,2.2,False
2023-07-17,Monday,7,2023-07-17 05:13,5,Berlin Hbf,Hamburg Hbf,ICE,rain,True,False,False,5.6,True
2023-07-17,Monday,7,2023-07-17 06:33,6,Hamburg Hbf,Hannover Hbf,IC,rain,True,False,False,5.9,True
2023-07-17,Monday,7,2023-07-17 07:03,7,Hamburg Hbf,Hannover Hbf,IC,clear,True,True,False,15.1,True
2023-07-17,Monday,7,2023-07-17 08:18,8,Frankfurt(Main) Hbf,Mainz Hbf,S-Bahn,storm,False,True,False,2.4,False
2023-07-17,Monday,7,2023-07-17 09:14,9,Munich Hbf,Frankfurt(Main) Hbf,ICE,clear,False,False,False,2.8,False
2023-07-17,Monday,7,2023-07-17 10:57,10,Cologne Hbf,Bonn Hbf,RE,clear,False,False,False,1.5,False
2023-07-17,Monday,7,2023-07-17 11:51,11,Munich Hbf,Frankfurt(Main) Hbf,ICE,clear,False,False,False,7.7,True
2023-07-17,Monday,7,2023-07-17 13:24,13,Berlin Hbf,Potsdam Hbf,S-Bahn,clear,False,False,False,4.7,False
2023-07-17,Monday,7,2023-07-17 14:29,14,Munich Hbf,Frankfurt(Main) Hbf,ICE,storm,True,False,False,13.1,True
2023-07-17,Monday,7,2023-07-17 15:46,15,Cologne Hbf,Berlin Hbf,ICE,clear,False,False,False,2.7,False
2023-07-17,Monday,7,2023-07-17 17:18,17,Leipzig Hbf,Dresden Hbf,RE,clear,True,True,False,9.9,True
2023-07-17,Monday,7,2023-07-17 17:23,17,Cologne Hbf,Bonn Hbf,RE,clear,False,True,False,5.0,False
2023-07-17,Monday,7,2023-07-17 18:59,18,Munich Hbf,Frankfurt(Main) Hbf,ICE,rain,False,True,False,2.7,False
2023-07-17,Monday,7,2023-07-17 19:25,19,Berlin Hbf,Potsdam Hbf,S-Bahn,clear,False,True,False,2.3,False
2023-07-17,Monday,7,2023-07-17 20:17,20,Cologne Hbf,Berlin Hbf,ICE,clear,True,False,False,11.3,True
2023-07-18,Tuesday,7,2023-07-18 07:34,7,Leipzig Hbf,Dresden Hbf,RE,storm,False,True,False,5.7,True
2023-07-18,Tuesday,7,2023-07-18 07:37,7,Cologne Hbf,Berlin Hbf,ICE,clear,True,True,False,5.5,True
2023-07-18,Tuesday,7,2023-07-18 07:46,7,Berlin Hbf,Potsdam Hbf,S-Bahn,rain,False,True,False,1.5,False
2023-07-18,Tuesday,7,2023-07-18 08:21,8,Berlin Hbf,Potsdam Hbf,S-Bahn,clear,False,True,False,1.6,False
2023-07-18,Tuesday,7,2023-07-18 08:42,8,Munich Hbf,Frankfurt(Main) Hbf,ICE,rain,True,True,False,71.5,True
2023-07-18,Tuesday,7,2023-07-18 09:31,9,Hamburg Hbf,Hannover Hbf,IC,storm,True,False,False,9.0,True
2023-07-18,Tuesday,7,2023-07-18 09:49,9,Cologne Hbf,Berlin Hbf,ICE,clear,False,False,False,1.9,False
2023-07-18,Tuesday,7,2023-07-18 16:48,16,Cologne Hbf,Bonn Hbf,RE,storm,False,False,False,5.2,True
2023-07-18,Tuesday,7,2023-07-18 17:40,17,Berlin Hbf,Potsdam Hbf,S-Bahn,rain,False,True,False,0.2,False
2023-07-18,Tuesday,7,2023-07-18 18:00,18,Frankfurt(Main) Hbf,Mainz Hbf,S-Bahn,clear,False,True,False,2.0,False
2023-07-18,Tuesday,7,2023-07-18 18:37,18,Munich Hbf,Augsburg Hbf,RE,clear,True,True,False,1.3,False
2023-07-19,Wednesday,7,2023-07-19 06:19,6,Berlin Hbf,Hamburg Hbf,ICE,storm,False,False,False,14.5,True
2023-07-19,Wednesday,7,2023-07-19 07:26,7,Frankfurt(Main) Hbf,Mainz Hbf,S-Bahn,rain,True,True,False,2.6,False
2023-07-19,Wednesday,7,2023-07-19 08:50,8,Leipzig Hbf,Dresden Hbf,RE,rain,False,True,False,56.4,True
2023-07-19,Wednesday,7,2023-07-19 15:24,15,Frankfurt(Main) Hbf,Stuttgart Hbf,IC,clear,False,False,False,0.5,False
2023-07-19,Wednesday,7,2023-07-19 17:45,17,Munich Hbf,Frankfurt(Main) Hbf,ICE,rain,False,True,False,3.4,False
2023-07-19,Wednesday,7,2023-07-19 18:32,18,Leipzig Hbf,Dresden Hbf,RE,clear,False,True,False,3.2,False
2023-07-19,Wednesday,7,2023-07-19 19:58,19,Munich Hbf,Augsburg Hbf,RE,rain,False,True,False,2.8,False
2023-07-19,Wednesday,7,2023-07-19 21:22,21,Munich Hbf,Frankfurt(Main) Hbf,ICE,clear,False,False,False,2.0,False
2023-07-20,Thursday,7,2023-07-20 05:19,5,Hamburg Hbf,Hannover Hbf,IC,clear,False,False,False,0.9,False
2023-07-20,Thursday,7,2023-07-20 06:47,6,Frankfurt(Main) Hbf,Stuttgart Hbf,IC,rain,True,False,False,5.2,True
2023-07-20,Thursday,7,2023-07-20 07:00,7,Frankfurt(Main) Hbf,Stuttgart Hbf,IC,clear,False,True,False,3.7,False
2023-07-20,Thursday,7,2023-07-20 07:03,7,Frankfurt(Main) Hbf,Mainz Hbf,S-Bahn,clear,True,True,False,2.2,False
2023-07-20,Thursday,7,2023-07-20 07:30,7,Frankfurt(Main) Hbf,Mainz Hbf,S-Bahn,clear,False,True,False,3.2,False
2023-07-20,Thursday,7,2023-07-20 07:37,7,Leipzig Hbf,Dresden Hbf,RE,storm,False,True,False,2.8,False
2023-07-20,Thursday,7,2023-07-20 07:56,7,Hamburg Hbf,Hannover Hbf,IC,clear,False,True,False,3.3,False
2023-07-20,Thursday,7,2023-07-20 09:24,9,Berlin Hbf,Potsdam Hbf,S-Bahn,clear,False,False,False,0.3,False
2023-07-20,Thursday,7,2023-07-20 14:05,14,Frankfurt(Main) Hbf,Stuttgart Hbf,IC,clear,False,False,False,2.7,False
2023-07-20,Thursday,7,2023-07-20 14:14,14,Hamburg Hbf,Hannover Hbf,IC,clear,False,False,False,7.4,True
2023-07-20,Thursday,7,2023-07-20 14:40,14,Munich Hbf,Augsburg Hbf,RE,clear,False,False,False,2.8,False
2023-07-20,Thursday,7,2023-07-20 16:07,16,Munich Hbf,Frankfurt(Main) Hbf,ICE,clear,False,False,False,7.5,True
2023-07-20,Thursday,7,2023-07-20 17:32,17,Cologne Hbf,Bonn Hbf,RE,storm,False,True,False,3.2,False
2023-07-20,Thursday,7,2023-07-20 19:20,19,Munich Hbf,Augsburg Hbf,RE,clear,False,True,False,5.0,False
2023-07-20,Thursday,7,2023-07-20 21:26,21,Cologne Hbf,Berlin Hbf,ICE,rain,False,False,False,5.9,True
2023-07-21,Friday,7,2023-07-21 07:11,7,Hamburg Hbf,Hannover Hbf,IC,clear,True,True,False,61.6,True
2023-07-21,Friday,7,2023-07-21 08:08,8,Hamburg Hbf,Hannover Hbf,IC,clear,False,True,False,2.0,False
2023-07-21,Friday,7,2023-07-21 09:11,9,Frankfurt(Main) Hbf,Mainz Hbf,S-Bahn,clear,False,False,False,0.2,False
2023-07-21,Friday,7,2023-07-21 12:13,12,Frankfurt(Main) Hbf,Mainz Hbf,S-Bahn,storm,False,False,False,2.6,False
2023-07-21,Friday,7,2023-07-21 15:46,15,Berlin Hbf,Potsdam Hbf,S-Bahn,rain,False,False,False,1.0,False
2023-07-21,Friday,7,2023-07-21 16:16,16,Berlin Hbf,Potsdam Hbf,S-Bahn,rain,False,False,False,6.6,True
2023-07-21,Friday,7,2023-07-21 17:28,17,Berlin Hbf,Potsdam Hbf,S-Bahn,clear,False,True,False,3.1,False
2023-07-22,Saturday,7,2023-07-22 06:41,6,Frankfurt(Main) Hbf,Stuttgart Hbf,IC,rain,False,False,True,5.8,True
2023-07-22,Saturday,7,2023-07-22 17:09,17,Cologne Hbf,Bonn Hbf,RE,clear,False,True,True,2.5,False
2023-07-22,Saturday,7,2023-07-22 19:49,19,Leipzig Hbf,Dresden Hbf,RE,storm,True,True,True,2.1,False
2023-07-22,Saturday,7,2023-07-22 22:04,22,Munich Hbf,Frankfurt(Main) Hbf,ICE,clear,False,False,True,5.7,True
2023-07-23,Sunday,7,2023-07-23 06:11,6,Munich Hbf,Augsburg Hbf,RE,clear,False,False,True,5.1,True
2023-07-23,Sunday,7,2023-07-23 06:22,6,Cologne Hbf,Bonn Hbf,RE,clear,False,False,True,0.6,False
2023-07-23,Sunday,7,2023-07-23 10:20,10,Munich Hbf,Augsburg Hbf,RE,rain,True,False,True,3.8,False
2023-07-23,Sunday,7,2023-07-23 14:16,14,Leipzig Hbf,Dresden Hbf,RE,clear,False,False,True,5.9,True
2023-07-23,Sunday,7,2023-07-23 14:55,14,Frankfurt(Main) Hbf,Mainz Hbf,S-Bahn,clear,False,False,True,3.9,False
2023-07-23,Sunday,7,2023-07-23 15:01,15,Munich Hbf,Frankfurt(Main) Hbf,ICE,storm,False,False,True,3.9,False
2023-07-23,Sunday,7,2023-07-23 17:27,17,Hamburg Hbf,Hannover Hbf,IC,clear,False,True,True,3.1,False
2023-07-23,Sunday,7,2023-07-23 17:56,17,Frankfurt(Main) Hbf,Mainz Hbf,S-Bahn,clear,False,True,True,1.0,False
2023-07-23,Sunday,7,2023-07-23 21:14,21,Berlin Hbf,Potsdam Hbf,S-Bahn,clear,True,False,True,60.3,True
2023-07-23,Sunday,7,2023-07-23 22:58,22,Munich Hbf,Augsburg Hbf,RE,clear,False,False,True,3.4,False
2023-07-24,Monday,7,2023-07-24 06:11,6,Berlin Hbf,Potsdam Hbf,S-Bahn,storm,False,False,False,3.1,False
2023-07-24,Monday,7,2023-07-24 08:41,8,Cologne Hbf,Bonn Hbf,RE,rain,True,True,False,2.5,False
2023-07-24,Monday,7,2023-07-24 09:43,9,Berlin Hbf,Hamburg Hbf,ICE,clear,False,False,False,3.4,False
2023-07-24,Monday,7,2023-07-24 10:55,10,Munich Hbf,Augsburg Hbf,RE,rain,False,False,False,1.2,False
2023-07-24,Monday,7,2023-07-24 17:03,17,Cologne Hbf,Bonn Hbf,RE,rain,False,True,False,1.1,False
2023-07-24,Monday,7,2023-07-24 18:02,18,Munich Hbf,Frankfurt(Main) Hbf,ICE,clear,False,True,False,3.3,False
2023-07-24,Monday,7,2023-07-24 18:41,18,Frankfurt(Main) Hbf,Stuttgart Hbf,IC,storm,True,True,False,14.3,True
2023-07-24,Monday,7,2023-07-24 20:12,20,Cologne Hbf,Berlin Hbf,ICE,rain,False,False,False,8.9,True
2023-07-24,Monday,7,2023-07-24 22:53,22,Munich Hbf,Frankfurt(Main) Hbf,ICE,clear,False,False,False,1.9,False
2023-07-25,Tuesday,7,2023-07-25 06:07,6,Berlin Hbf,Potsdam Hbf,S-Bahn,rain,False,False,False,0.6,False
2023-07-25,Tuesday,7,2023-07-25 06:30,6,Frankfurt(Main) Hbf,Stuttgart Hbf,IC,storm,False,False,False,1.8,False
2023-07-25,Tuesday,7,2023-07-25 07:04,7,Cologne Hbf,Bonn Hbf,RE,clear,True,True,False,2.0,False
2023-07-25,Tuesday,7,2023-07-25 07:38,7,Frankfurt(Main) Hbf,Stuttgart Hbf,IC,clear,False,True,False,1.9,False
2023-07-25,Tuesday,7,2023-07-25 08:50,8,Leipzig Hbf,Dresden Hbf,RE,storm,True,True,False,7.9,True
2023-07-25,Tuesday,7,2023-07-25 09:22,9,Munich Hbf,Augsburg Hbf,RE,rain,True,False,False,5.2,True
2023-07-25,Tuesday,7,2023-07-25 10:01,10,Berlin Hbf,Potsdam Hbf,S-Bahn,rain,True,False,False,1.9,False
2023-07-25,Tuesday,7,2023-07-25 16:32,16,Frankfurt(Main) Hbf,Stuttgart Hbf,IC,clear,False,False,False,3.8,False
2023-07-25,Tuesday,7,2023-07-25 16:52,16,Cologne Hbf,Bonn Hbf,RE,rain,False,False,False,2.6,False
2023-07-26,Wednesday,7,2023-07-26 13:11,13,Frankfurt(Main) Hbf,Stuttgart Hbf,IC,clear,False,False,False,4.3,False
2023-07-26,Wednesday,7,2023-07-26 13:12,13,Leipzig Hbf,Dresden Hbf,RE,storm,True,False,False,5.6,True
2023-07-26,Wednesday,7,2023-07-26 13:59,13,Cologne Hbf,Berlin Hbf,ICE,storm,False,False,False,8.7,True
2023-07-26,Wednesday,7,2023-07-26 14:03,14,Leipzig Hbf,Dresden Hbf,RE,clear,False,False,False,2.1,False
2023-07-26,Wednesday,7,2023-07-26 16:03,16,Cologne Hbf,Berlin Hbf,ICE,rain,False,False,False,6.2,True
2023-07-27,Thursday,7,2023-07-27 08:01,8,Frankfurt(Main) Hbf,Mainz Hbf,S-Bahn,clear,False,True,False,3.4,False
2023-07-27,Thursday,7,2023-07-27 09:17,9,Berlin Hbf,Potsdam Hbf,S-Bahn,clear,True,False,False,2.2,False
2023-07-27,Thursday,7,2023-07-27 10:42,10,Berlin Hbf,Hamburg Hbf,ICE,clear,True,False,False,9.1,True
2023-07-27,Thursday,7,2023-07-27 10:46,10,Frankfurt(Main) Hbf,Mainz Hbf,S-Bahn,rain,False,False,False,0.9,False
2023-07-27,Thursday,7,2023-07-27 12:19,12,Frankfurt(Main) Hbf,Stuttgart Hbf,IC,clear,False,False,False,3.2,False
2023-07-27,Thursday,7,2023-07-27 14:02,14,Hamburg Hbf,Hannover Hbf,IC,rain,False,False,False,4.9,False
2023-07-27,Thursday,7,2023-07-27 14:59,14,Frankfurt(Main) Hbf,Mainz Hbf,S-Bahn,clear,False,False,False,6.1,True
2023-07-27,Thursday,7,2023-07-27 15:39,15,Cologne Hbf,Berlin Hbf,ICE,clear,False,False,False,5.4,True
2023-07-27,Thursday,7,2023-07-27 16:38,16,Berlin Hbf,Potsdam Hbf,S-Bahn,clear,False,False,False,0.9,False
2023-07-27,Thursday,7,2023-07-27 16:52,16,Munich Hbf,Augsburg Hbf,RE,rain,False,False,False,3.1,False
2023-07-28,Friday,7,2023-07-28 05:08,5,Berlin Hbf,Hamburg Hbf,ICE,clear,False,False,False,6.4,True
2023-07-28,Friday,7,2023-07-28 05:56,5,Frankfurt(Main) Hbf,Stuttgart Hbf,IC,clear,True,False,False,6.8,True
2023-07-28,Friday,7,2023-07-28 06:44,6,Hamburg Hbf,Hannover Hbf,IC,clear,False,False,False,0.8,False
2023-07-28,Friday,7,2023-07-28 07:15,7,Berlin Hbf,Potsdam Hbf,S-Bahn,clear,False,True,False,1.2,False
2023-07-28,Friday,7,2023-07-28 07:33,7,Cologne Hbf,Bonn Hbf,RE,clear,False,True,False,4.0,False
2023-07-28,Friday,7,2023-07-28 08:59,8,Berlin Hbf,Potsdam Hbf,S-Bahn,rain,False,True,False,1.7,False
2023-07-28,Friday,7,2023-07-28 11:22,11,Munich Hbf,Augsburg Hbf,RE,clear,False,False,False,0.3,False
2023-07-28,Friday,7,2023-07-28 14:25,14,Berlin Hbf,Hamburg Hbf,ICE,clear,False,False,False,1.3,False
2023-07-28,Friday,7,2023-07-28 14:49,14,Munich Hbf,Frankfurt(Main) Hbf,ICE,clear,True,False,False,2.5,False
2023-07-28,Friday,7,2023-07-28 15:17,15,Frankfurt(Main) Hbf,Mainz Hbf,S-Bahn,rain,False,False,False,1.7,False
2023-07-28,Friday,7,2023-07-28 15:51,15,Hamburg Hbf,Hannover Hbf,IC,clear,False,False,False,1.5,False
2023-07-28,Friday,7,2023-07-28 16:11,16,Cologne Hbf,Bonn Hbf,RE,clear,False,False,False,37.7,True
2023-07-28,Friday,7,2023-07-28 16:47,16,Berlin Hbf,Potsdam Hbf,S-Bahn,clear,True,False,False,0.8,False
2023-07-28,Friday,7,2023-07-28 18:26,18,Munich Hbf,Frankfurt(Main) Hbf,ICE,clear,False,True,False,4.0,False
2023-07-28,Friday,7,2023-07-28 18:32,18,Frankfurt(Main) Hbf,Stuttgart Hbf,IC,clear,False,True,False,4.5,False
2023-07-29,Saturday,7,2023-07-29 10:46,10,Berlin Hbf,Potsdam Hbf,S-Bahn,storm,False,False,True,3.7,False
2023-07-29,Saturday,7,2023-07-29 10:50,10,Berlin Hbf,Potsdam Hbf,S-Bahn,clear,True,False,True,24.1,True
2023-07-29,Saturday,7,2023-07-29 11:08,11,Berlin Hbf,Potsdam Hbf,S-Bahn,storm,False,False,True,0.7,False
2023-07-29,Saturday,7,2023-07-29 13:22,13,Frankfurt(Main) Hbf,Mainz Hbf,S-Bahn,clear,True,False,True,1.8,False
2023-07-29,Saturday,7,2023-07-29 13:25,13,Munich Hbf,Augsburg Hbf,RE,clear,False,False,True,2.1,False
2023-07-29,Saturday,7,2023-07-29 14:27,14,Munich Hbf,Augsburg Hbf,RE,clear,False,False,True,2.8,False
2023-07-29,Saturday,7,2023-07-29 15:04,15,Berlin Hbf,Potsdam Hbf,S-Bahn,rain,False,False,True,4.7,False
2023-07-29,Saturday,7,2023-07-29 15:59,15,Munich Hbf,Augsburg Hbf,RE,rain,False,False,True,1.9,False
2023-07-29,Saturday,7,2023-07-29 16:01,16,Frankfurt(Main) Hbf,Mainz Hbf,S-Bahn,clear,False,False,True,1.5,False
2023-07-29,Saturday,7,2023-07-29 16:29,16,Frankfurt(Main) Hbf,Stuttgart Hbf,IC,storm,False,False,True,3.7,False
2023-07-29,Saturday,7,2023-07-29 17:59,17,Munich Hbf,Augsburg Hbf,RE,clear,False,True,True,2.5,False
2023-07-29,Saturday,7,2023-07-29 18:18,18,Frankfurt(Main) Hbf,Stuttgart Hbf,IC,clear,True,True,True,2.8,False
2023-07-29,Saturday,7,2023-07-29 20:22,20,Frankfurt(Main) Hbf,Stuttgart Hbf,IC,storm,False,False,True,4.6,False
2023-07-30,Sunday,7,2023-07-30 05:58,5,Leipzig Hbf,Dresden Hbf,RE,storm,False,False,True,2.3,False
2023-07-30,Sunday,7,2023-07-30 08:16,8,Leipzig Hbf,Dresden Hbf,RE,clear,False,True,True,1.6,False
2023-07-30,Sunday,7,2023-07-30 09:18,9,Frankfurt(Main) Hbf,Mainz Hbf,S-Bahn,rain,True,False,True,3.9,False
2023-07-30,Sunday,7,2023-07-30 09:33,9,Berlin Hbf,Hamburg Hbf,ICE,storm,False,False,True,38.4,True
2023-07-30,Sunday,7,2023-07-30 12:18,12,Hamburg Hbf,Hannover Hbf,IC,clear,False,False,True,0.9,False
2023-07-30,Sunday,7,2023-07-30 19:15,19,Cologne Hbf,Berlin Hbf,ICE,clear,False,True,True,2.8,False
2023-07-30,Sunday,7,2023-07-30 21:24,21,Cologne Hbf,Berlin Hbf,ICE,rain,False,False,True,2.2,False
2023-07-31,Monday,7,2023-07-31 05:31,5,Hamburg Hbf,Hannover Hbf,IC,rain,False,False,False,3.1,False
2023-07-31,Monday,7,2023-07-31 07:29,7,Munich Hbf,Augsburg Hbf,RE,clear,True,True,False,5.3,True
2023-07-31,Monday,7,2023-07-31 07:34,7,Berlin Hbf,Potsdam Hbf,S-Bahn,clear,False,True,False,0.2,False
2023-07-31,Monday,7,2023-07-31 07:41,7,Leipzig Hbf,Dresden Hbf,RE,storm,True,True,False,4.6,False
2023-07-31,Monday,7,2023-07-31 08:35,8,Munich Hbf,Augsburg Hbf,RE,clear,False,True,False,3.2,False
2023-07-31,Monday,7,2023-07-31 16:02,16,Hamburg Hbf,Hannover Hbf,IC,clear,False,False,False,3.3,False
2023-07-31,Monday,7,2023-07-31 17:16,17,Frankfurt(Main) Hbf,Mainz Hbf,S-Bahn,clear,False,True,False,3.5,False
2023-07-31,Monday,7,2023-07-31 17:17,17,Hamburg Hbf,Hannover Hbf,IC,rain,True,True,False,4.3,False
2023-07-31,Monday,7,2023-07-31 17:24,17,Frankfurt(Main) Hbf,Stuttgart Hbf,IC,clear,False,True,False,1.4,False
2023-07-31,Monday,7,2023-07-31 18:25,18,Cologne Hbf,Berlin Hbf,ICE,clear,False,True,False,5.1,True
2023-07-31,Monday,7,2023-07-31 20:06,20,Berlin Hbf,Potsdam Hbf,S-Bahn,clear,False,False,False,1.9,False
2023-07-31,Monday,7,2023-07-31 22:28,22,Munich Hbf,Frankfurt(Main) Hbf,ICE,clear,False,False,False,11.6,True
2023-08-01,Tuesday,8,2023-08-01 06:38,6,Munich Hbf,Augsburg Hbf,RE,rain,False,False,False,2.6,False
2023-08-01,Tuesday,8,2023-08-01 07:20,7,Cologne Hbf,Bonn Hbf,RE,clear,False,True,False,2.2,False
2023-08-01,Tuesday,8,2023-08-01 11:16,11,Munich Hbf,Frankfurt(Main) Hbf,ICE,rain,False,False,False,3.9,False
2023-08-01,Tuesday,8,2023-08-01 14:46,14,Munich Hbf,Frankfurt(Main) Hbf,ICE,clear,False,False,False,6.6,True
2023-08-01,Tuesday,8,2023-08-01 16:34,16,Munich Hbf,Augsburg Hbf,RE,rain,True,False,False,3.9,False
2023-08-01,Tuesday,8,2023-08-01 17:10,17,Berlin Hbf,Hamburg Hbf,ICE,clear,False,True,False,3.5,False
2023-08-01,Tuesday,8,2023-08-01 17:29,17,Leipzig Hbf,Dresden Hbf,RE,rain,False,True,False,2.5,False
2023-08-01,Tuesday,8,2023-08-01 18:05,18,Frankfurt(Main) Hbf,Mainz Hbf,S-Bahn,clear,False,True,False,1.7,False
2023-08-01,Tuesday,8,2023-08-01 21:07,21,Cologne Hbf,Berlin Hbf,ICE,rain,False,False,False,5.8,True
2023-08-02,Wednesday,8,2023-08-02 07:56,7,Berlin Hbf,Hamburg Hbf,ICE,clear,False,True,False,4.1,False
2023-08-02,Wednesday,8,2023-08-02 08:45,8,Cologne Hbf,Berlin Hbf,ICE,rain,False,True,False,16.4,True
2023-08-02,Wednesday,8,2023-08-02 13:07,13,Leipzig Hbf,Dresden Hbf,RE,storm,True,False,False,2.9,False
2023-08-02,Wednesday,8,2023-08-02 14:51,14,Munich Hbf,Augsburg Hbf,RE,rain,False,False,False,0.2,False
2023-08-02,Wednesday,8,2023-08-02 15:09,15,Berlin Hbf,Potsdam Hbf,S-Bahn,clear,False,False,False,2.2,False
2023-08-02,Wednesday,8,2023-08-02 15:57,15,Berlin Hbf,Hamburg Hbf,ICE,rain,False,False,False,4.2,False
2023-08-02,Wednesday,8,2023-08-02 16:30,16,Munich Hbf,Augsburg Hbf,RE,rain,False,False,False,1.3,False
2023-08-02,Wednesday,8,2023-08-02 17:39,17,Berlin Hbf,Hamburg Hbf,ICE,clear,False,True,False,2.8,False
2023-08-02,Wednesday,8,2023-08-02 20:37,20,Cologne Hbf,Berlin Hbf,ICE,rain,False,False,False,7.8,True
2023-08-03,Thursday,8,2023-08-03 06:01,6,Berlin Hbf,Hamburg Hbf,ICE,storm,True,False,False,12.6,True
2023-08-03,Thursday,8,2023-08-03 07:10,7,Cologne Hbf,Bonn Hbf,RE,clear,False,True,False,0.8,False
2023-08-03,Thursday,8,2023-08-03 07:15,7,Berlin Hbf,Potsdam Hbf,S-Bahn,storm,True,True,False,3.0,False
2023-08-03,Thursday,8,2023-08-03 07:46,7,Leipzig Hbf,Dresden Hbf,RE,clear,False,True,False,4.7,False
2023-08-03,Thursday,8,2023-08-03 08:05,8,Frankfurt(Main) Hbf,Mainz Hbf,S-Bahn,clear,True,True,False,1.7,False
2023-08-03,Thursday,8,2023-08-03 08:14,8,Berlin Hbf,Hamburg Hbf,ICE,clear,False,True,False,4.5,False
2023-08-03,Thursday,8,2023-08-03 08:48,8,Munich Hbf,Augsburg Hbf,RE,clear,False,True,False,3.1,False
2023-08-03,Thursday,8,2023-08-03 09:48,9,Frankfurt(Main) Hbf,Mainz Hbf,S-Bahn,clear,True,False,False,0.9,False
2023-08-03,Thursday,8,2023-08-03 11:09,11,Cologne Hbf,Bonn Hbf,RE,clear,False,False,False,2.1,False
2023-08-03,Thursday,8,2023-08-03 13:06,13,Cologne Hbf,Berlin Hbf,ICE,clear,True,False,False,7.3,True
2023-08-03,Thursday,8,2023-08-03 16:36,16,Frankfurt(Main) Hbf,Stuttgart Hbf,IC,clear,False,False,False,3.3,False
2023-08-03,Thursday,8,2023-08-03 16:40,16,Munich Hbf,Frankfurt(Main) Hbf,ICE,clear,False,False,False,3.2,False
2023-08-03,Thursday,8,2023-08-03 17:47,17,Cologne Hbf,Bonn Hbf,RE,clear,False,True,False,2.2,False
2023-08-03,Thursday,8,2023-08-03 18:17,18,Munich Hbf,Augsburg Hbf,RE,clear,False,True,False,3.0,False
2023-08-03,Thursday,8,2023-08-03 19:18,19,Berlin Hbf,Hamburg Hbf,ICE,clear,False,True,False,6.1,True
2023-08-04,Friday,8,2023-08-04 05:46,5,Hamburg Hbf,Hannover Hbf,IC,clear,True,False,False,2.7,False
2023-08-04,Friday,8,2023-08-04 06:20,6,Hamburg Hbf,Hannover Hbf,IC,clear,True,False,False,6.2,True
2023-08-04,Friday,8,2023-08-04 06:29,6,Berlin Hbf,Hamburg Hbf,ICE,clear,True,False,False,2.7,False
2023-08-04,Friday,8,2023-08-04 08:57,8,Frankfurt(Main) Hbf,Mainz Hbf,S-Bahn,clear,False,True,False,3.6,False
2023-08-04,Friday,8,2023-08-04 09:06,9,Cologne Hbf,Berlin Hbf,ICE,rain,False,False,False,15.3,True
2023-08-04,Friday,8,2023-08-04 09:37,9,Frankfurt(Main) Hbf,Mainz Hbf,S-Bahn,clear,False,False,False,0.4,False
2023-08-04,Friday,8,2023-08-04 10:37,10,Leipzig Hbf,Dresden Hbf,RE,clear,True,False,False,3.3,False
2023-08-04,Friday,8,2023-08-04 14:22,14,Cologne Hbf,Berlin Hbf,ICE,clear,False,False,False,3.6,False
2023-08-04,Friday,8,2023-08-04 16:20,16,Berlin Hbf,Potsdam Hbf,S-Bahn,rain,False,False,False,0.2,False
2023-08-04,Friday,8,2023-08-04 16:38,16,Leipzig Hbf,Dresden Hbf,RE,clear,True,False,False,2.7,False
2023-08-04,Friday,8,2023-08-04 16:47,16,Munich Hbf,Augsburg Hbf,RE,clear,False,False,False,40.9,True
2023-08-04,Friday,8,2023-08-04 16:55,16,Munich Hbf,Frankfurt(Main) Hbf,ICE,rain,False,False,False,4.5,False
2023-08-04,Friday,8,2023-08-04 17:28,17,Berlin Hbf,Potsdam Hbf,S-Bahn,clear,False,True,False,1.0,False
2023-08-04,Friday,8,2023-08-04 17:42,17,Cologne Hbf,Bonn Hbf,RE,storm,False,True,False,8.3,True
2023-08-04,Friday,8,2023-08-04 17:53,17,Munich Hbf,Augsburg Hbf,RE,clear,False,True,False,3.2,False
2023-08-04,Friday,8,2023-08-04 18:35,18,Cologne Hbf,Bonn Hbf,RE,clear,False,True,False,1.5,False
2023-08-04,Friday,8,2023-08-04 20:10,20,Hamburg Hbf,Hannover Hbf,IC,clear,False,False,False,1.8,False
2023-08-04,Friday,8,2023-08-04 20:35,20,Munich Hbf,Frankfurt(Main) Hbf,ICE,clear,True,False,False,9.3,True
2023-08-05,Saturday,8,2023-08-05 08:35,8,Leipzig Hbf,Dresden Hbf,RE,clear,False,True,True,1.6,False
2023-08-05,Saturday,8,2023-08-05 09:33,9,Cologne Hbf,Bonn Hbf,RE,clear,False,False,True,0.2,False
2023-08-05,Saturday,8,2023-08-05 10:57,10,Berlin Hbf,Hamburg Hbf,ICE,clear,True,False,True,4.0,False
2023-08-05,Saturday,8,2023-08-05 11:17,11,Hamburg Hbf,Hannover Hbf,IC,storm,True,False,True,6.7,True
2023-08-05,Saturday,8,2023-08-05 11:44,11,Berlin Hbf,Hamburg Hbf,ICE,clear,False,False,True,0.7,False
2023-08-05,Saturday,8,2023-08-05 12:51,12,Berlin Hbf,Potsdam Hbf,S-Bahn,rain,False,False,True,1.1,False
2023-08-05,Saturday,8,2023-08-05 12:52,12,Berlin Hbf,Hamburg Hbf,ICE,storm,False,False,True,5.8,True
2023-08-05,Saturday,8,2023-08-05 15:42,15,Leipzig Hbf,Dresden Hbf,RE,clear,False,False,True,6.5,True
2023-08-05,Saturday,8,2023-08-05 15:47,15,Cologne Hbf,Berlin Hbf,ICE,clear,False,False,True,3.5,False
2023-08-05,Saturday,8,2023-08-05 16:00,16,Frankfurt(Main) Hbf,Mainz Hbf,S-Bahn,rain,False,False,True,1.9,False
2023-08-05,Saturday,8,2023-08-05 16:22,16,Berlin Hbf,Hamburg Hbf,ICE,clear,False,False,True,2.8,False
2023-08-05,Saturday,8,2023-08-05 22:50,22,Frankfurt(Main) Hbf,Stuttgart Hbf,IC,clear,False,False,True,0.4,False
2023-08-06,Sunday,8,2023-08-06 09:23,9,Berlin Hbf,Potsdam Hbf,S-Bahn,storm,True,False,True,0.2,False
2023-08-06,Sunday,8,2023-08-06 10:21,10,Cologne Hbf,Bonn Hbf,RE,clear,True,False,True,2.6,False
2023-08-06,Sunday,8,2023-08-06 10:56,10,Cologne Hbf,Bonn Hbf,RE,clear,False,False,True,2.9,False
2023-08-06,Sunday,8,2023-08-06 12:36,12,Munich Hbf,Augsburg Hbf,RE,clear,False,False,True,0.3,False
2023-08-06,Sunday,8,2023-08-06 15:11,15,Hamburg Hbf,Hannover Hbf,IC,clear,False,False,True,2.2,False
2023-08-06,Sunday,8,2023-08-06 15:38,15,Cologne Hbf,Bonn Hbf,RE,clear,False,False,True,2.7,False
2023-08-06,Sunday,8,2023-08-06 17:01,17,Leipzig Hbf,Dresden Hbf,RE,clear,False,True,True,0.1,False
2023-08-06,Sunday,8,2023-08-06 17:19,17,Frankfurt(Main) Hbf,Stuttgart Hbf,IC,clear,True,True,True,11.5,True
2023-08-06,Sunday,8,2023-08-06 17:36,17,Berlin Hbf,Hamburg Hbf,ICE,clear,False,True,True,3.1,False
2023-08-06,Sunday,8,2023-08-06 17:48,17,Leipzig Hbf,Dresden Hbf,RE,rain,False,True,True,2.5,False
2023-08-06,Sunday,8,2023-08-06 17:51,17,Cologne Hbf,Bonn Hbf,RE,clear,True,True,True,1.9,False
2023-08-06,Sunday,8,2023-08-06 18:24,18,Frankfurt(Main) Hbf,Stuttgart Hbf,IC,storm,True,True,True,13.9,True
2023-08-06,Sunday,8,2023-08-06 21:09,21,Berlin Hbf,Potsdam Hbf,S-Bahn,clear,False,False,True,0.5,False
2023-08-07,Monday,8,2023-08-07 05:41,5,Frankfurt(Main) Hbf,Stuttgart Hbf,IC,clear,False,False,False,1.9,False
2023-08-07,Monday,8,2023-08-07 06:38,6,Munich Hbf,Frankfurt(Main) Hbf,ICE,clear,False,False,False,5.3,True
2023-08-07,Monday,8,2023-08-07 07:29,7,Cologne Hbf,Berlin Hbf,ICE,clear,True,True,False,7.4,True
2023-08-07,Monday,8,2023-08-07 12:33,12,Leipzig Hbf,Dresden Hbf,RE,storm,True,False,False,0.9,False
2023-08-07,Monday,8,2023-08-07 13:07,13,Frankfurt(Main) Hbf,Stuttgart Hbf,IC,clear,False,False,False,4.0,False
2023-08-07,Monday,8,2023-08-07 14:46,14,Munich Hbf,Frankfurt(Main) Hbf,ICE,clear,False,False,False,3.6,False
2023-08-07,Monday,8,2023-08-07 15:53,15,Munich Hbf,Frankfurt(Main) Hbf,ICE,clear,False,False,False,5.4,True
2023-08-07,Monday,8,2023-08-07 16:47,16,Cologne Hbf,Berlin Hbf,ICE,clear,False,False,False,4.0,False
2023-08-07,Monday,8,2023-08-07 16:56,16,Berlin Hbf,Potsdam Hbf,S-Bahn,storm,False,False,False,1.3,False
2023-08-07,Monday,8,2023-08-07 17:12,17,Cologne Hbf,Bonn Hbf,RE,clear,True,True,False,2.1,False
2023-08-07,Monday,8,2023-08-07 17:38,17,Berlin Hbf,Potsdam Hbf,S-Bahn,storm,False,True,False,9.1,True
2023-08-07,Monday,8,2023-08-07 18:08,18,Hamburg Hbf,Hannover Hbf,IC,rain,False,True,False,4.5,False
2023-08-07,Monday,8,2023-08-07 20:24,20,Berlin Hbf,Potsdam Hbf,S-Bahn,clear,True,False,False,4.6,False
2023-08-07,Monday,8,2023-08-07 20:54,20,Berlin Hbf,Potsdam Hbf,S-Bahn,clear,False,False,False,0.7,False
2023-08-07,Monday,8,2023-08-07 21:31,21,Munich Hbf,Frankfurt(Main) Hbf,ICE,clear,False,False,False,3.4,False
2023-08-08,Tuesday,8,2023-08-08 06:43,6,Frankfurt(Main) Hbf,Mainz Hbf,S-Bahn,storm,False,False,False,1.6,False
2023-08-08,Tuesday,8,2023-08-08 07:50,7,Munich Hbf,Augsburg Hbf,RE,rain,False,True,False,6.1,True
2023-08-08,Tuesday,8,2023-08-08 08:01,8,Cologne Hbf,Bonn Hbf,RE,rain,False,True,False,5.2,True
2023-08-08,Tuesday,8,2023-08-08 08:13,8,Munich Hbf,Augsburg Hbf,RE,clear,False,True,False,3.0,False
2023-08-08,Tuesday,8,2023-08-08 08:19,8,Cologne Hbf,Bonn Hbf,RE,storm,False,True,False,4.2,False
2023-08-08,Tuesday,8,2023-08-08 09:31,9,Frankfurt(Main) Hbf,Stuttgart Hbf,IC,clear,False,False,False,0.4,False
2023-08-08,Tuesday,8,2023-08-08 10:43,10,Hamburg Hbf,Hannover Hbf,IC,clear,False,False,False,1.4,False
2023-08-08,Tuesday,8,2023-08-08 13:48,13,Cologne Hbf,Berlin Hbf,ICE,clear,False,False,False,9.9,True
2023-08-08,Tuesday,8,2023-08-08 17:16,17,Hamburg Hbf,Hannover Hbf,IC,rain,False,True,False,1.3,False
2023-08-08,Tuesday,8,2023-08-08 20:38,20,Hamburg Hbf,Hannover Hbf,IC,clear,False,False,False,0.8,False
2023-08-09,Wednesday,8,2023-08-09 07:27,7,Hamburg Hbf,Hannover Hbf,IC,clear,True,True,False,3.1,False
2023-08-09,Wednesday,8,2023-08-09 08:03,8,Berlin Hbf,Potsdam Hbf,S-Bahn,clear,False,True,False,5.0,False
2023-08-09,Wednesday,8,2023-08-09 08:25,8,Berlin Hbf,Potsdam Hbf,S-Bahn,clear,True,True,False,2.3,False
2023-08-09,Wednesday,8,2023-08-09 13:23,13,Munich Hbf,Frankfurt(Main) Hbf,ICE,clear,False,False,False,0.7,False
2023-08-09,Wednesday,8,2023-08-09 15:39,15,Munich Hbf,Frankfurt(Main) Hbf,ICE,clear,False,False,False,2.4,False
2023-08-09,Wednesday,8,2023-08-09 16:15,16,Munich Hbf,Augsburg Hbf,RE,rain,False,False,False,1.9,False
2023-08-09,Wednesday,8,2023-08-09 17:09,17,Hamburg Hbf,Hannover Hbf,IC,clear,False,True,False,3.1,False
2023-08-10,Thursday,8,2023-08-10 07:21,7,Frankfurt(Main) Hbf,Mainz Hbf,S-Bahn,clear,False,True,False,1.3,False
2023-08-10,Thursday,8,2023-08-10 07:22,7,Berlin Hbf,Hamburg Hbf,ICE,clear,True,True,False,8.3,True
2023-08-10,Thursday,8,2023-08-10 07:59,7,Cologne Hbf,Bonn Hbf,RE,clear,False,True,False,5.3,True
2023-08-10,Thursday,8,2023-08-10 12:37,12,Berlin Hbf,Hamburg Hbf,ICE,clear,True,False,False,7.7,True
2023-08-10,Thursday,8,2023-08-10 14:31,14,Munich Hbf,Frankfurt(Main) Hbf,ICE,clear,False,False,False,7.8,True
2023-08-10,Thursday,8,2023-08-10 17:30,17,Hamburg Hbf,Hannover Hbf,IC,rain,True,True,False,3.8,False
2023-08-11,Friday,8,2023-08-11 06:16,6,Leipzig Hbf,Dresden Hbf,RE,rain,False,False,False,1.4,False
2023-08-11,Friday,8,2023-08-11 06:33,6,Berlin Hbf,Hamburg Hbf,ICE,storm,False,False,False,5.9,True
2023-08-11,Friday,8,2023-08-11 09:01,9,Frankfurt(Main) Hbf,Stuttgart Hbf,IC,clear,True,False,False,6.1,True
2023-08-11,Friday,8,2023-08-11 13:36,13,Frankfurt(Main) Hbf,Stuttgart Hbf,IC,clear,True,False,False,4.5,False
2023-08-11,Friday,8,2023-08-11 13:42,13,Berlin Hbf,Hamburg Hbf,ICE,clear,False,False,False,3.1,False
2023-08-11,Friday,8,2023-08-11 16:04,16,Berlin Hbf,Hamburg Hbf,ICE,clear,False,False,False,1.5,False
2023-08-11,Friday,8,2023-08-11 17:05,17,Cologne Hbf,Berlin Hbf,ICE,clear,False,True,False,3.3,False
2023-08-11,Friday,8,2023-08-11 18:00,18,Berlin Hbf,Hamburg Hbf,ICE,clear,True,True,False,3.4,False
2023-08-11,Friday,8,2023-08-11 19:38,19,Frankfurt(Main) Hbf,Mainz Hbf,S-Bahn,rain,False,True,False,5.1,True
2023-08-11,Friday,8,2023-08-11 20:38,20,Hamburg Hbf,Hannover Hbf,IC,clear,False,False,False,2.5,False
2023-08-12,Saturday,8,2023-08-12 06:43,6,Frankfurt(Main) Hbf,Mainz Hbf,S-Bahn,storm,False,False,True,4.0,False
2023-08-12,Saturday,8,2023-08-12 07:14,7,Frankfurt(Main) Hbf,Mainz Hbf,S-Bahn,rain,False,True,True,1.3,False
2023-08-12,Saturday,8,2023-08-12 07:22,7,Cologne Hbf,Bonn Hbf,RE,clear,False,True,True,0.3,False
2023-08-12,Saturday,8,2023-08-12 07:24,7,Cologne Hbf,Bonn Hbf,RE,rain,False,True,True,3.3,False
2023-08-12,Saturday,8,2023-08-12 07:44,7,Munich Hbf,Frankfurt(Main) Hbf,ICE,clear,True,True,True,15.1,True
2023-08-12,Saturday,8,2023-08-12 08:10,8,Berlin Hbf,Hamburg Hbf,ICE,clear,False,True,True,1.9,False
2023-08-12,Saturday,8,2023-08-12 08:43,8,Munich Hbf,Augsburg Hbf,RE,rain,False,True,True,0.7,False
2023-08-12,Saturday,8,2023-08-12 10:49,10,Munich Hbf,Augsburg Hbf,RE,clear,False,False,True,2.1,False
2023-08-12,Saturday,8,2023-08-12 11:06,11,Frankfurt(Main) Hbf,Stuttgart Hbf,IC,clear,False,False,True,7.7,True
2023-08-12,Saturday,8,2023-08-12 11:43,11,Leipzig Hbf,Dresden Hbf,RE,clear,False,False,True,2.4,False
2023-08-12,Saturday,8,2023-08-12 17:50,17,Leipzig Hbf,Dresden Hbf,RE,clear,True,True,True,3.6,False
2023-08-12,Saturday,8,2023-08-12 18:00,18,Berlin Hbf,Potsdam Hbf,S-Bahn,clear,False,True,True,0.6,False
2023-08-13,Sunday,8,2023-08-13 11:34,11,Berlin Hbf,Potsdam Hbf,S-Bahn,storm,False,False,True,2.6,False
2023-08-13,Sunday,8,2023-08-13 12:26,12,Munich Hbf,Augsburg Hbf,RE,storm,True,False,True,6.5,True
2023-08-13,Sunday,8,2023-08-13 12:48,12,Berlin Hbf,Hamburg Hbf,ICE,rain,False,False,True,3.1,False
2023-08-13,Sunday,8,2023-08-13 14:53,14,Hamburg Hbf,Hannover Hbf,IC,rain,False,False,True,0.6,False
2023-08-13,Sunday,8,2023-08-13 15:25,15,Munich Hbf,Frankfurt(Main) Hbf,ICE,rain,False,False,True,3.1,False
2023-08-13,Sunday,8,2023-08-13 15:45,15,Cologne Hbf,Bonn Hbf,RE,storm,False,False,True,1.7,False
2023-08-13,Sunday,8,2023-08-13 15:46,15,Cologne Hbf,Berlin Hbf,ICE,clear,True,False,True,1.9,False
2023-08-13,Sunday,8,2023-08-13 16:34,16,Frankfurt(Main) Hbf,Stuttgart Hbf,IC,rain,True,False,True,8.3,True
2023-08-13,Sunday,8,2023-08-13 18:46,18,Frankfurt(Main) Hbf,Stuttgart Hbf,IC,clear,False,True,True,3.4,False
2023-08-14,Monday,8,2023-08-14 08:12,8,Munich Hbf,Frankfurt(Main) Hbf,ICE,storm,True,True,False,12.2,True
2023-08-14,Monday,8,2023-08-14 08:14,8,Munich Hbf,Frankfurt(Main) Hbf,ICE,clear,False,True,False,2.1,False
2023-08-14,Monday,8,2023-08-14 10:10,10,Munich Hbf,Frankfurt(Main) Hbf,ICE,clear,False,False,False,2.0,False
2023-08-14,Monday,8,2023-08-14 13:50,13,Berlin Hbf,Hamburg Hbf,ICE,clear,True,False,False,5.3,True
2023-08-14,Monday,8,2023-08-14 15:05,15,Munich Hbf,Augsburg Hbf,RE,clear,False,False,False,2.1,False
2023-08-14,Monday,8,2023-08-14 16:00,16,Cologne Hbf,Bonn Hbf,RE,clear,False,False,False,2.8,False
2023-08-14,Monday,8,2023-08-14 17:13,17,Munich Hbf,Frankfurt(Main) Hbf,ICE,clear,False,True,False,2.8,False
2023-08-14,Monday,8,2023-08-14 17:40,17,Munich Hbf,Augsburg Hbf,RE,clear,True,True,False,2.6,False
2023-08-14,Monday,8,2023-08-14 18:13,18,Munich Hbf,Frankfurt(Main) Hbf,ICE,clear,False,True,False,5.9,True
2023-08-14,Monday,8,2023-08-14 19:34,19,Cologne Hbf,Berlin Hbf,ICE,rain,False,True,False,6.0,True
2023-08-14,Monday,8,2023-08-14 21:51,21,Frankfurt(Main) Hbf,Stuttgart Hbf,IC,clear,False,False,False,2.4,False
2023-08-14,Monday,8,2023-08-14 22:00,22,Cologne Hbf,Bonn Hbf,RE,rain,False,False,False,3.4,False
2023-08-15,Tuesday,8,2023-08-15 05:06,5,Berlin Hbf,Hamburg Hbf,ICE,clear,False,False,False,2.6,False
2023-08-15,Tuesday,8,2023-08-15 05:46,5,Munich Hbf,Frankfurt(Main) Hbf,ICE,clear,False,False,False,8.6,True
2023-08-15,Tuesday,8,2023-08-15 08:41,8,Leipzig Hbf,Dresden Hbf,RE,clear,False,True,False,3.0,False
2023-08-15,Tuesday,8,2023-08-15 12:28,12,Berlin Hbf,Potsdam Hbf,S-Bahn,clear,False,False,False,1.5,False
2023-08-15,Tuesday,8,2023-08-15 14:20,14,Berlin Hbf,Potsdam Hbf,S-Bahn,clear,False,False,False,2.6,False
2023-08-15,Tuesday,8,2023-08-15 17:56,17,Cologne Hbf,Bonn Hbf,RE,clear,True,True,False,3.8,False
2023-08-15,Tuesday,8,2023-08-15 19:55,19,Frankfurt(Main) Hbf,Mainz Hbf,S-Bahn,rain,False,True,False,0.5,False
2023-08-16,Wednesday,8,2023-08-16 09:01,9,Frankfurt(Main) Hbf,Stuttgart Hbf,IC,clear,True,False,False,4.4,False
2023-08-16,Wednesday,8,2023-08-16 10:26,10,Berlin Hbf,Hamburg Hbf,ICE,clear,False,False,False,3.4,False
2023-08-16,Wednesday,8,2023-08-16 11:30,11,Cologne Hbf,Berlin Hbf,ICE,rain,False,False,False,5.6,True
2023-08-16,Wednesday,8,2023-08-16 12:35,12,Leipzig Hbf,Dresden Hbf,RE,rain,False,False,False,6.5,True
2023-08-16,Wednesday,8,2023-08-16 15:39,15,Hamburg Hbf,Hannover Hbf,IC,clear,False,False,False,1.0,False
2023-08-16,Wednesday,8,2023-08-16 16:55,16,Leipzig Hbf,Dresden Hbf,RE,rain,True,False,False,4.9,False
2023-08-16,Wednesday,8,2023-08-16 17:31,17,Leipzig Hbf,Dresden Hbf,RE,clear,False,True,False,2.0,False
2023-08-16,Wednesday,8,2023-08-16 21:52,21,Frankfurt(Main) Hbf,Stuttgart Hbf,IC,clear,True,False,False,3.0,False
2023-08-17,Thursday,8,2023-08-17 05:40,5,Frankfurt(Main) Hbf,Stuttgart Hbf,IC,rain,True,False,False,5.5,True
2023-08-17,Thursday,8,2023-08-17 07:44,7,Munich Hbf,Augsburg Hbf,RE,storm,False,True,False,2.6,False
2023-08-17,Thursday,8,2023-08-17 07:46,7,Cologne Hbf,Bonn Hbf,RE,clear,False,True,False,7.5,True
2023-08-17,Thursday,8,2023-08-17 08:54,8,Berlin Hbf,Hamburg Hbf,ICE,storm,False,True,False,8.2,True
2023-08-17,Thursday,8,2023-08-17 09:16,9,Frankfurt(Main) Hbf,Mainz Hbf,S-Bahn,clear,True,False,False,4.2,False
2023-08-17,Thursday,8,2023-08-17 12:00,12,Berlin Hbf,Hamburg Hbf,ICE,clear,True,False,False,3.5,False
2023-08-17,Thursday,8,2023-08-17 15:08,15,Leipzig Hbf,Dresden Hbf,RE,clear,False,False,False,8.0,True
2023-08-17,Thursday,8,2023-08-17 16:38,16,Munich Hbf,Frankfurt(Main) Hbf,ICE,clear,False,False,False,3.9,False
2023-08-17,Thursday,8,2023-08-17 18:32,18,Cologne Hbf,Bonn Hbf,RE,clear,False,True,False,1.8,False
2023-08-17,Thursday,8,2023-08-17 18:54,18,Cologne Hbf,Berlin Hbf,ICE,storm,False,True,False,14.9,True
2023-08-17,Thursday,8,2023-08-17 19:33,19,Munich Hbf,Frankfurt(Main) Hbf,ICE,storm,False,True,False,10.2,True
2023-08-17,Thursday,8,2023-08-17 20:53,20,Hamburg Hbf,Hannover Hbf,IC,clear,False,False,False,2.9,False
2023-08-18,Friday,8,2023-08-18 05:37,5,Berlin Hbf,Hamburg Hbf,ICE,storm,False,False,False,7.8,True
2023-08-18,Friday,8,2023-08-18 09:07,9,Munich Hbf,Augsburg Hbf,RE,clear,False,False,False,1.5,False
2023-08-18,Friday,8,2023-08-18 09:20,9,Cologne Hbf,Bonn Hbf,RE,clear,False,False,False,7.6,True
2023-08-18,Friday,8,2023-08-18 09:28,9,Leipzig Hbf,Dresden Hbf,RE,clear,True,False,False,3.8,False
2023-08-18,Friday,8,2023-08-18 10:14,10,Leipzig Hbf,Dresden Hbf,RE,storm,False,False,False,4.9,False
2023-08-18,Friday,8,2023-08-18 12:43,12,Hamburg Hbf,Hannover Hbf,IC,rain,False,False,False,3.8,False
2023-08-18,Friday,8,2023-08-18 14:44,14,Berlin Hbf,Hamburg Hbf,ICE,storm,False,False,False,9.1,True
2023-08-18,Friday,8,2023-08-18 15:41,15,Munich Hbf,Augsburg Hbf,RE,rain,False,False,False,1.6,False
2023-08-18,Friday,8,2023-08-18 16:09,16,Berlin Hbf,Potsdam Hbf,S-Bahn,clear,False,False,False,1.0,False
2023-08-18,Friday,8,2023-08-18 17:15,17,Frankfurt(Main) Hbf,Mainz Hbf,S-Bahn,clear,True,True,False,1.2,False
2023-08-18,Friday,8,2023-08-18 17:22,17,Frankfurt(Main) Hbf,Mainz Hbf,S-Bahn,rain,False,True,False,1.1,False
2023-08-18,Friday,8,2023-08-18 17:58,17,Cologne Hbf,Berlin Hbf,ICE,clear,False,True,False,9.9,True
2023-08-18,Friday,8,2023-08-18 19:05,19,Hamburg Hbf,Hannover Hbf,IC,rain,False,True,False,9.3,True
2023-08-19,Saturday,8,2023-08-19 08:33,8,Leipzig Hbf,Dresden Hbf,RE,clear,False,True,True,5.4,True
2023-08-19,Saturday,8,2023-08-19 09:21,9,Munich Hbf,Frankfurt(Main) Hbf,ICE,clear,False,False,True,2.0,False
2023-08-19,Saturday,8,2023-08-19 11:24,11,Munich Hbf,Augsburg Hbf,RE,clear,True,False,True,0.5,False
2023-08-19,Saturday,8,2023-08-19 12:12,12,Frankfurt(Main) Hbf,Stuttgart Hbf,IC,clear,False,False,True,0.4,False
2023-08-19,Saturday,8,2023-08-19 13:48,13,Hamburg Hbf,Hannover Hbf,IC,rain,False,False,True,1.8,False
2023-08-19,Saturday,8,2023-08-19 17:12,17,Frankfurt(Main) Hbf,Mainz Hbf,S-Bahn,clear,True,True,True,6.5,True
2023-08-19,Saturday,8,2023-08-19 18:11,18,Cologne Hbf,Berlin Hbf,ICE,clear,False,True,True,4.6,False
2023-08-20,Sunday,8,2023-08-20 05:53,5,Frankfurt(Main) Hbf,Mainz Hbf,S-Bahn,storm,False,False,True,4.8,False
2023-08-20,Sunday,8,2023-08-20 07:26,7,Frankfurt(Main) Hbf,Mainz Hbf,S-Bahn,clear,False,True,True,3.9,False
2023-08-20,Sunday,8,2023-08-20 08:54,8,Hamburg Hbf,Hannover Hbf,IC,clear,False,True,True,2.4,False
2023-08-20,Sunday,8,2023-08-20 09:01,9,Munich Hbf,Frankfurt(Main) Hbf,ICE,storm,False,False,True,40.7,True
2023-08-20,Sunday,8,2023-08-20 10:32,10,Munich Hbf,Frankfurt(Main) Hbf,ICE,clear,False,False,True,7.4,True
2023-08-20,Sunday,8,2023-08-20 12:41,12,Hamburg Hbf,Hannover Hbf,IC,clear,False,False,True,1.6,False
2023-08-20,Sunday,8,2023-08-20 13:39,13,Frankfurt(Main) Hbf,Mainz Hbf,S-Bahn,clear,False,False,True,3.3,False
2023-08-20,Sunday,8,2023-08-20 17:14,17,Berlin Hbf,Potsdam Hbf,S-Bahn,clear,False,True,True,0.3,False
2023-08-20,Sunday,8,2023-08-20 21:11,21,Frankfurt(Main) Hbf,Stuttgart Hbf,IC,clear,False,False,True,2.6,False
2023-08-20,Sunday,8,2023-08-20 22:00,22,Berlin Hbf,Potsdam Hbf,S-Bahn,clear,False,False,True,2.7,False
2023-08-20,Sunday,8,2023-08-20 22:23,22,Cologne Hbf,Bonn Hbf,RE,clear,False,False,True,17.5,True
2023-08-21,Monday,8,2023-08-21 05:28,5,Cologne Hbf,Berlin Hbf,ICE,clear,False,False,False,3.1,False
2023-08-21,Monday,8,2023-08-21 08:09,8,Cologne Hbf,Berlin Hbf,ICE,storm,False,True,False,8.1,True
2023-08-21,Monday,8,2023-08-21 08:14,8,Frankfurt(Main) Hbf,Mainz Hbf,S-Bahn,clear,False,True,False,0.8,False
2023-08-21,Monday,8,2023-08-21 08:28,8,Leipzig Hbf,Dresden Hbf,RE,clear,False,True,False,1.8,False
2023-08-21,Monday,8,2023-08-21 09:36,9,Berlin Hbf,Hamburg Hbf,ICE,rain,False,False,False,2.2,False
2023-08-21,Monday,8,2023-08-21 10:57,10,Munich Hbf,Augsburg Hbf,RE,clear,False,False,False,2.4,False
2023-08-21,Monday,8,2023-08-21 15:07,15,Hamburg Hbf,Hannover Hbf,IC,storm,False,False,False,2.1,False
2023-08-21,Monday,8,2023-08-21 16:41,16,Leipzig Hbf,Dresden Hbf,RE,clear,False,False,False,2.8,False
2023-08-21,Monday,8,2023-08-21 17:09,17,Berlin Hbf,Potsdam Hbf,S-Bahn,storm,False,True,False,4.2,False
2023-08-21,Monday,8,2023-08-21 18:14,18,Berlin Hbf,Hamburg Hbf,ICE,rain,True,True,False,12.7,True
2023-08-21,Monday,8,2023-08-21 18:47,18,Munich Hbf,Augsburg Hbf,RE,storm,False,True,False,2.7,False
2023-08-21,Monday,8,2023-08-21 20:50,20,Hamburg Hbf,Hannover Hbf,IC,clear,False,False,False,3.2,False
2023-08-21,Monday,8,2023-08-21 21:43,21,Berlin Hbf,Potsdam Hbf,S-Bahn,rain,False,False,False,1.3,False
2023-08-21,Monday,8,2023-08-21 22:28,22,Munich Hbf,Frankfurt(Main) Hbf,ICE,rain,False,False,False,12.3,True
2023-08-22,Tuesday,8,2023-08-22 07:23,7,Cologne Hbf,Bonn Hbf,RE,storm,False,True,False,8.4,True
2023-08-22,Tuesday,8,2023-08-22 07:38,7,Frankfurt(Main) Hbf,Mainz Hbf,S-Bahn,clear,True,True,False,0.3,False
2023-08-22,Tuesday,8,2023-08-22 08:14,8,Munich Hbf,Augsburg Hbf,RE,clear,False,True,False,8.8,True
2023-08-22,Tuesday,8,2023-08-22 11:06,11,Frankfurt(Main) Hbf,Stuttgart Hbf,IC,clear,False,False,False,2.1,False
2023-08-22,Tuesday,8,2023-08-22 12:39,12,Munich Hbf,Frankfurt(Main) Hbf,ICE,storm,False,False,False,6.6,True
2023-08-22,Tuesday,8,2023-08-22 13:10,13,Munich Hbf,Frankfurt(Main) Hbf,ICE,rain,False,False,False,5.4,True
2023-08-22,Tuesday,8,2023-08-22 13:47,13,Cologne Hbf,Bonn Hbf,RE,clear,False,False,False,0.6,False
2023-08-22,Tuesday,8,2023-08-22 14:20,14,Cologne Hbf,Berlin Hbf,ICE,rain,False,False,False,4.0,False
2023-08-22,Tuesday,8,2023-08-22 16:27,16,Hamburg Hbf,Hannover Hbf,IC,rain,False,False,False,4.3,False
2023-08-22,Tuesday,8,2023-08-22 16:54,16,Munich Hbf,Augsburg Hbf,RE,clear,False,False,False,2.2,False
2023-08-22,Tuesday,8,2023-08-22 17:27,17,Frankfurt(Main) Hbf,Mainz Hbf,S-Bahn,storm,False,True,False,0.3,False
2023-08-22,Tuesday,8,2023-08-22 17:48,17,Cologne Hbf,Berlin Hbf,ICE,clear,False,True,False,7.0,True
2023-08-22,Tuesday,8,2023-08-22 19:30,19,Munich Hbf,Augsburg Hbf,RE,clear,False,True,False,2.2,False
2023-08-22,Tuesday,8,2023-08-22 19:50,19,Leipzig Hbf,Dresden Hbf,RE,clear,False,True,False,3.9,False
2023-08-22,Tuesday,8,2023-08-22 20:40,20,Frankfurt(Main) Hbf,Stuttgart Hbf,IC,storm,False,False,False,9.3,True
2023-08-23,Wednesday,8,2023-08-23 06:49,6,Frankfurt(Main) Hbf,Stuttgart Hbf,IC,rain,True,False,False,7.6,True
2023-08-23,Wednesday,8,2023-08-23 07:45,7,Frankfurt(Main) Hbf,Mainz Hbf,S-Bahn,clear,False,True,False,2.0,False
2023-08-23,Wednesday,8,2023-08-23 11:20,11,Frankfurt(Main) Hbf,Mainz Hbf,S-Bahn,clear,False,False,False,1.4,False
2023-08-23,Wednesday,8,2023-08-23 14:38,14,Cologne Hbf,Bonn Hbf,RE,storm,False,False,False,1.9,False
2023-08-23,Wednesday,8,2023-08-23 16:15,16,Frankfurt(Main) Hbf,Stuttgart Hbf,IC,clear,False,False,False,0.8,False
2023-08-23,Wednesday,8,2023-08-23 16:41,16,Munich Hbf,Augsburg Hbf,RE,clear,False,False,False,2.8,False
2023-08-24,Thursday,8,2023-08-24 05:44,5,Berlin Hbf,Hamburg Hbf,ICE,rain,False,False,False,8.2,True
2023-08-24,Thursday,8,2023-08-24 06:14,6,Leipzig Hbf,Dresden Hbf,RE,storm,False,False,False,7.0,True
2023-08-24,Thursday,8,2023-08-24 06:43,6,Frankfurt(Main) Hbf,Mainz Hbf,S-Bahn,rain,False,False,False,0.7,False
2023-08-24,Thursday,8,2023-08-24 07:08,7,Frankfurt(Main) Hbf,Stuttgart Hbf,IC,clear,False,True,False,1.3,False
2023-08-24,Thursday,8,2023-08-24 09:01,9,Munich Hbf,Frankfurt(Main) Hbf,ICE,rain,False,False,False,4.9,False
2023-08-24,Thursday,8,2023-08-24 09:28,9,Cologne Hbf,Berlin Hbf,ICE,clear,False,False,False,3.4,False
2023-08-24,Thursday,8,2023-08-24 10:38,10,Munich Hbf,Frankfurt(Main) Hbf,ICE,clear,False,False,False,1.0,False
2023-08-24,Thursday,8,2023-08-24 12:52,12,Cologne Hbf,Berlin Hbf,ICE,clear,False,False,False,8.8,True
2023-08-24,Thursday,8,2023-08-24 12:59,12,Berlin Hbf,Potsdam Hbf,S-Bahn,storm,False,False,False,2.9,False
2023-08-24,Thursday,8,2023-08-24 15:04,15,Berlin Hbf,Hamburg Hbf,ICE,clear,True,False,False,4.4,False
2023-08-24,Thursday,8,2023-08-24 16:21,16,Hamburg Hbf,Hannover Hbf,IC,clear,False,False,False,1.4,False
2023-08-24,Thursday,8,2023-08-24 16:21,16,Cologne Hbf,Berlin Hbf,ICE,clear,False,False,False,2.5,False
2023-08-24,Thursday,8,2023-08-24 20:13,20,Munich Hbf,Frankfurt(Main) Hbf,ICE,clear,False,False,False,4.6,False
2023-08-24,Thursday,8,2023-08-24 20:49,20,Munich Hbf,Augsburg Hbf,RE,clear,False,False,False,2.8,False
2023-08-24,Thursday,8,2023-08-24 22:16,22,Cologne Hbf,Berlin Hbf,ICE,clear,False,False,False,6.2,True
2023-08-25,Friday,8,2023-08-25 07:05,7,Munich Hbf,Augsburg Hbf,RE,clear,True,True,False,2.3,False
2023-08-25,Friday,8,2023-08-25 08:35,8,Munich Hbf,Augsburg Hbf,RE,clear,False,True,False,0.2,False
2023-08-25,Friday,8,2023-08-25 08:52,8,Frankfurt(Main) Hbf,Mainz Hbf,S-Bahn,storm,True,True,False,1.0,False
2023-08-25,Friday,8,2023-08-25 08:59,8,Berlin Hbf,Hamburg Hbf,ICE,clear,False,True,False,0.6,False
2023-08-25,Friday,8,2023-08-25 17:00,17,Cologne Hbf,Bonn Hbf,RE,rain,False,True,False,1.9,False
2023-08-25,Friday,8,2023-08-25 17:11,17,Leipzig Hbf,Dresden Hbf,RE,rain,False,True,False,10.2,True
2023-08-26,Saturday,8,2023-08-26 06:12,6,Cologne Hbf,Berlin Hbf,ICE,rain,True,False,True,20.3,True
2023-08-26,Saturday,8,2023-08-26 08:51,8,Munich Hbf,Augsburg Hbf,RE,clear,False,True,True,7.9,True
2023-08-26,Saturday,8,2023-08-26 09:57,9,Cologne Hbf,Bonn Hbf,RE,clear,False,False,True,48.0,True
2023-08-26,Saturday,8,2023-08-26 10:10,10,Cologne Hbf,Berlin Hbf,ICE,storm,False,False,True,8.5,True
2023-08-26,Saturday,8,2023-08-26 12:39,12,Frankfurt(Main) Hbf,Stuttgart Hbf,IC,rain,False,False,True,6.9,True
2023-08-26,Saturday,8,2023-08-26 14:22,14,Cologne Hbf,Bonn Hbf,RE,clear,False,False,True,0.4,False
2023-08-26,Saturday,8,2023-08-26 16:52,16,Frankfurt(Main) Hbf,Mainz Hbf,S-Bahn,clear,False,False,True,3.1,False
2023-08-27,Sunday,8,2023-08-27 08:09,8,Berlin Hbf,Hamburg Hbf,ICE,clear,False,True,True,5.2,True
2023-08-27,Sunday,8,2023-08-27 09:15,9,Hamburg Hbf,Hannover Hbf,IC,clear,False,False,True,1.9,False
2023-08-27,Sunday,8,2023-08-27 12:16,12,Cologne Hbf,Bonn Hbf,RE,clear,False,False,True,3.3,False
2023-08-27,Sunday,8,2023-08-27 12:34,12,Munich Hbf,Augsburg Hbf,RE,clear,False,False,True,0.8,False
2023-08-27,Sunday,8,2023-08-27 14:29,14,Hamburg Hbf,Hannover Hbf,IC,storm,False,False,True,4.8,False
2023-08-27,Sunday,8,2023-08-27 18:22,18,Leipzig Hbf,Dresden Hbf,RE,storm,True,True,True,2.9,False
2023-08-27,Sunday,8,2023-08-27 21:25,21,Leipzig Hbf,Dresden Hbf,RE,clear,False,False,True,1.2,False
2023-08-28,Monday,8,2023-08-28 06:01,6,Frankfurt(Main) Hbf,Mainz Hbf,S-Bahn,clear,False,False,False,22.1,True
2023-08-28,Monday,8,2023-08-28 06:50,6,Leipzig Hbf,Dresden Hbf,RE,storm,True,False,False,4.6,False
2023-08-28,Monday,8,2023-08-28 07:08,7,Leipzig Hbf,Dresden Hbf,RE,clear,False,True,False,2.1,False
2023-08-28,Monday,8,2023-08-28 07:39,7,Frankfurt(Main) Hbf,Stuttgart Hbf,IC,rain,False,True,False,2.2,False
2023-08-28,Monday,8,2023-08-28 08:05,8,Frankfurt(Main) Hbf,Stuttgart Hbf,IC,clear,True,True,False,7.0,True
2023-08-28,Monday,8,2023-08-28 10:06,10,Berlin Hbf,Hamburg Hbf,ICE,rain,False,False,False,4.9,False
2023-08-28,Monday,8,2023-08-28 14:07,14,Frankfurt(Main) Hbf,Mainz Hbf,S-Bahn,clear,False,False,False,0.8,False
2023-08-28,Monday,8,2023-08-28 14:20,14,Hamburg Hbf,Hannover Hbf,IC,clear,True,False,False,5.0,False
2023-08-28,Monday,8,2023-08-28 15:21,15,Berlin Hbf,Potsdam Hbf,S-Bahn,clear,False,False,False,1.9,False
2023-08-28,Monday,8,2023-08-28 16:54,16,Berlin Hbf,Potsdam Hbf,S-Bahn,clear,False,False,False,0.9,False
2023-08-28,Monday,8,2023-08-28 16:58,16,Frankfurt(Main) Hbf,Mainz Hbf,S-Bahn,clear,True,False,False,0.2,False
2023-08-28,Monday,8,2023-08-28 17:47,17,Leipzig Hbf,Dresden Hbf,RE,clear,False,True,False,1.8,False
2023-08-28,Monday,8,2023-08-28 19:11,19,Cologne Hbf,Berlin Hbf,ICE,clear,True,True,False,10.6,True
2023-08-29,Tuesday,8,2023-08-29 08:47,8,Munich Hbf,Augsburg Hbf,RE,storm,False,True,False,2.3,False
2023-08-29,Tuesday,8,2023-08-29 10:39,10,Frankfurt(Main) Hbf,Stuttgart Hbf,IC,clear,True,False,False,3.0,False
2023-08-29,Tuesday,8,2023-08-29 15:08,15,Hamburg Hbf,Hannover Hbf,IC,clear,False,False,False,1.4,False
2023-08-29,Tuesday,8,2023-08-29 17:18,17,Frankfurt(Main) Hbf,Stuttgart Hbf,IC,rain,True,True,False,7.3,True
2023-08-29,Tuesday,8,2023-08-29 17:50,17,Frankfurt(Main) Hbf,Mainz Hbf,S-Bahn,clear,False,True,False,4.2,False
2023-08-30,Wednesday,8,2023-08-30 06:55,6,Munich Hbf,Frankfurt(Main) Hbf,ICE,clear,False,False,False,5.7,True
2023-08-30,Wednesday,8,2023-08-30 07:02,7,Hamburg Hbf,Hannover Hbf,IC,clear,False,True,False,1.7,False
2023-08-30,Wednesday,8,2023-08-30 07:20,7,Leipzig Hbf,Dresden Hbf,RE,clear,False,True,False,1.7,False
2023-08-30,Wednesday,8,2023-08-30 07:26,7,Cologne Hbf,Berlin Hbf,ICE,rain,False,True,False,4.5,False
2023-08-30,Wednesday,8,2023-08-30 07:43,7,Berlin Hbf,Hamburg Hbf,ICE,clear,False,True,False,8.2,True
2023-08-30,Wednesday,8,2023-08-30 11:37,11,Frankfurt(Main) Hbf,Stuttgart Hbf,IC,rain,False,False,False,3.6,False
2023-08-30,Wednesday,8,2023-08-30 12:12,12,Munich Hbf,Frankfurt(Main) Hbf,ICE,storm,True,False,False,11.9,True
2023-08-30,Wednesday,8,2023-08-30 15:08,15,Berlin Hbf,Potsdam Hbf,S-Bahn,clear,False,False,False,1.1,False
2023-08-30,Wednesday,8,2023-08-30 16:51,16,Hamburg Hbf,Hannover Hbf,IC,rain,True,False,False,7.4,True
2023-08-30,Wednesday,8,2023-08-30 17:35,17,Frankfurt(Main) Hbf,Stuttgart Hbf,IC,clear,False,True,False,1.8,False
2023-08-30,Wednesday,8,2023-08-30 17:35,17,Leipzig Hbf,Dresden Hbf,RE,clear,False,True,False,3.8,False
2023-08-30,Wednesday,8,2023-08-30 17:49,17,Frankfurt(Main) Hbf,Mainz Hbf,S-Bahn,clear,False,True,False,0.8,False
2023-08-31,Thursday,8,2023-08-31 05:38,5,Hamburg Hbf,Hannover Hbf,IC,rain,False,False,False,40.7,True
2023-08-31,Thursday,8,2023-08-31 05:47,5,Berlin Hbf,Potsdam Hbf,S-Bahn,clear,True,False,False,0.5,False
2023-08-31,Thursday,8,2023-08-31 06:26,6,Frankfurt(Main) Hbf,Stuttgart Hbf,IC,clear,True,False,False,9.7,True
2023-08-31,Thursday,8,2023-08-31 06:53,6,Frankfurt(Main) Hbf,Stuttgart Hbf,IC,clear,True,False,False,1.6,False
2023-08-31,Thursday,8,2023-08-31 09:07,9,Berlin Hbf,Potsdam Hbf,S-Bahn,rain,False,False,False,1.7,False
2023-08-31,Thursday,8,2023-08-31 13:59,13,Hamburg Hbf,Hannover Hbf,IC,rain,False,False,False,1.6,False
2023-08-31,Thursday,8,2023-08-31 19:28,19,Frankfurt(Main) Hbf,Stuttgart Hbf,IC,rain,False,True,False,7.1,True
2023-08-31,Thursday,8,2023-08-31 19:54,19,Cologne Hbf,Berlin Hbf,ICE,clear,False,True,False,4.1,False
2023-08-31,Thursday,8,2023-08-31 20:26,20,Berlin Hbf,Hamburg Hbf,ICE,clear,False,False,False,2.5,False
2023-08-31,Thursday,8,2023-08-31 20:32,20,Cologne Hbf,Berlin Hbf,ICE,rain,False,False,False,6.1,True
2023-08-31,Thursday,8,2023-08-31 20:39,20,Cologne Hbf,Bonn Hbf,RE,clear,False,False,False,1.3,False
2023-08-31,Thursday,8,2023-08-31 20:50,20,Hamburg Hbf,Hannover Hbf,IC,storm,False,False,False,1.4,False
2023-08-31,Thursday,8,2023-08-31 22:24,22,Leipzig Hbf,Dresden Hbf,RE,clear,False,False,False,2.6,False
2023-09-01,Friday,9,2023-09-01 07:33,7,Munich Hbf,Augsburg Hbf,RE,clear,False,True,False,2.4,False
2023-09-01,Friday,9,2023-09-01 07:34,7,Munich Hbf,Frankfurt(Main) Hbf,ICE,clear,False,True,False,8.4,True
2023-09-01,Friday,9,2023-09-01 08:19,8,Berlin Hbf,Potsdam Hbf,S-Bahn,clear,True,True,False,3.0,False
2023-09-01,Friday,9,2023-09-01 08:43,8,Frankfurt(Main) Hbf,Mainz Hbf,S-Bahn,clear,True,True,False,4.0,False
2023-09-01,Friday,9,2023-09-01 09:01,9,Leipzig Hbf,Dresden Hbf,RE,storm,False,False,False,6.1,True
2023-09-01,Friday,9,2023-09-01 09:57,9,Munich Hbf,Augsburg Hbf,RE,rain,False,False,False,3.0,False
2023-09-01,Friday,9,2023-09-01 10:24,10,Frankfurt(Main) Hbf,Stuttgart Hbf,IC,rain,False,False,False,1.0,False
2023-09-01,Friday,9,2023-09-01 11:14,11,Berlin Hbf,Potsdam Hbf,S-Bahn,storm,False,False,False,3.2,False
2023-09-01,Friday,9,2023-09-01 11:55,11,Munich Hbf,Augsburg Hbf,RE,clear,True,False,False,2.6,False
2023-09-01,Friday,9,2023-09-01 12:20,12,Berlin Hbf,Hamburg Hbf,ICE,storm,False,False,False,6.5,True
2023-09-01,Friday,9,2023-09-01 12:24,12,Frankfurt(Main) Hbf,Mainz Hbf,S-Bahn,clear,False,False,False,0.5,False
2023-09-01,Friday,9,2023-09-01 15:59,15,Berlin Hbf,Hamburg Hbf,ICE,rain,True,False,False,7.8,True
2023-09-01,Friday,9,2023-09-01 17:17,17,Munich Hbf,Augsburg Hbf,RE,clear,False,True,False,3.7,False
2023-09-01,Friday,9,2023-09-01 19:26,19,Munich Hbf,Augsburg Hbf,RE,rain,False,True,False,5.5,True
2023-09-01,Friday,9,2023-09-01 19:48,19,Leipzig Hbf,Dresden Hbf,RE,clear,False,True,False,1.4,False
2023-09-01,Friday,9,2023-09-01 20:11,20,Frankfurt(Main) Hbf,Mainz Hbf,S-Bahn,clear,False,False,False,0.9,False
2023-09-02,Saturday,9,2023-09-02 06:02,6,Cologne Hbf,Berlin Hbf,ICE,clear,False,False,True,5.5,True
2023-09-02,Saturday,9,2023-09-02 06:28,6,Munich Hbf,Frankfurt(Main) Hbf,ICE,clear,False,False,True,7.0,True
2023-09-02,Saturday,9,2023-09-02 06:42,6,Frankfurt(Main) Hbf,Stuttgart Hbf,IC,clear,False,False,True,1.6,False
2023-09-02,Saturday,9,2023-09-02 08:10,8,Frankfurt(Main) Hbf,Mainz Hbf,S-Bahn,clear,False,True,True,4.6,False
2023-09-02,Saturday,9,2023-09-02 10:51,10,Berlin Hbf,Hamburg Hbf,ICE,rain,False,False,True,2.0,False
2023-09-02,Saturday,9,2023-09-02 12:59,12,Frankfurt(Main) Hbf,Stuttgart Hbf,IC,clear,False,False,True,0.8,False
2023-09-02,Saturday,9,2023-09-02 15:28,15,Hamburg Hbf,Hannover Hbf,IC,storm,False,False,True,4.7,False
2023-09-02,Saturday,9,2023-09-02 16:17,16,Hamburg Hbf,Hannover Hbf,IC,clear,True,False,True,1.0,False
2023-09-02,Saturday,9,2023-09-02 16:59,16,Frankfurt(Main) Hbf,Mainz Hbf,S-Bahn,rain,False,False,True,3.6,False
2023-09-03,Sunday,9,2023-09-03 05:07,5,Berlin Hbf,Hamburg Hbf,ICE,clear,False,False,True,3.6,False
2023-09-03,Sunday,9,2023-09-03 06:16,6,Leipzig Hbf,Dresden Hbf,RE,clear,True,False,True,1.5,False
2023-09-03,Sunday,9,2023-09-03 08:54,8,Cologne Hbf,Bonn Hbf,RE,rain,False,True,True,0.4,False
2023-09-03,Sunday,9,2023-09-03 09:22,9,Cologne Hbf,Berlin Hbf,ICE,clear,False,False,True,4.4,False
2023-09-03,Sunday,9,2023-09-03 10:42,10,Berlin Hbf,Hamburg Hbf,ICE,clear,False,False,True,3.7,False
2023-09-03,Sunday,9,2023-09-03 13:28,13,Munich Hbf,Frankfurt(Main) Hbf,ICE,clear,False,False,True,7.0,True
2023-09-03,Sunday,9,2023-09-03 13:37,13,Berlin Hbf,Hamburg Hbf,ICE,clear,False,False,True,3.5,False
2023-09-03,Sunday,9,2023-09-03 17:57,17,Hamburg Hbf,Hannover Hbf,IC,rain,False,True,True,4.1,False
2023-09-03,Sunday,9,2023-09-03 17:58,17,Frankfurt(Main) Hbf,Stuttgart Hbf,IC,clear,False,True,True,5.0,False
2023-09-03,Sunday,9,2023-09-03 18:10,18,Frankfurt(Main) Hbf,Mainz Hbf,S-Bahn,clear,False,True,True,4.7,False
2023-09-03,Sunday,9,2023-09-03 21:07,21,Hamburg Hbf,Hannover Hbf,IC,clear,False,False,True,10.7,True
2023-09-04,Monday,9,2023-09-04 06:48,6,Munich Hbf,Frankfurt(Main) Hbf,ICE,rain,True,False,False,8.4,True
2023-09-04,Monday,9,2023-09-04 08:58,8,Berlin Hbf,Hamburg Hbf,ICE,rain,True,True,False,9.0,True
2023-09-04,Monday,9,2023-09-04 09:21,9,Munich Hbf,Augsburg Hbf,RE,clear,False,False,False,2.9,False
2023-09-04,Monday,9,2023-09-04 09:39,9,Leipzig Hbf,Dresden Hbf,RE,clear,False,False,False,0.6,False
2023-09-04,Monday,9,2023-09-04 10:05,10,Hamburg Hbf,Hannover Hbf,IC,clear,False,False,False,1.9,False
2023-09-04,Monday,9,2023-09-04 12:58,12,Munich Hbf,Augsburg Hbf,RE,clear,False,False,False,2.1,False
2023-09-04,Monday,9,2023-09-04 14:54,14,Frankfurt(Main) Hbf,Stuttgart Hbf,IC,storm,True,False,False,3.5,False
2023-09-04,Monday,9,2023-09-04 15:07,15,Munich Hbf,Frankfurt(Main) Hbf,ICE,clear,False,False,False,6.8,True
2023-09-04,Monday,9,2023-09-04 17:40,17,Munich Hbf,Frankfurt(Main) Hbf,ICE,rain,False,True,False,5.9,True
2023-09-04,Monday,9,2023-09-04 18:04,18,Munich Hbf,Augsburg Hbf,RE,clear,False,True,False,4.1,False
2023-09-04,Monday,9,2023-09-04 18:17,18,Frankfurt(Main) Hbf,Stuttgart Hbf,IC,clear,False,True,False,1.7,False
2023-09-04,Monday,9,2023-09-04 18:51,18,Cologne Hbf,Berlin Hbf,ICE,rain,False,True,False,8.4,True
2023-09-05,Tuesday,9,2023-09-05 05:54,5,Munich Hbf,Frankfurt(Main) Hbf,ICE,clear,False,False,False,3.3,False
2023-09-05,Tuesday,9,2023-09-05 07:46,7,Leipzig Hbf,Dresden Hbf,RE,clear,True,True,False,68.8,True
2023-09-05,Tuesday,9,2023-09-05 08:46,8,Frankfurt(Main) Hbf,Stuttgart Hbf,IC,clear,False,True,False,4.2,False
2023-09-05,Tuesday,9,2023-09-05 11:33,11,Cologne Hbf,Berlin Hbf,ICE,clear,False,False,False,4.7,False
2023-09-05,Tuesday,9,2023-09-05 14:39,14,Cologne Hbf,Berlin Hbf,ICE,rain,True,False,False,8.7,True
2023-09-05,Tuesday,9,2023-09-05 15:57,15,Cologne Hbf,Bonn Hbf,RE,rain,False,False,False,1.2,False
2023-09-05,Tuesday,9,2023-09-05 17:22,17,Munich Hbf,Augsburg Hbf,RE,rain,True,True,False,6.0,True
2023-09-05,Tuesday,9,2023-09-05 17:39,17,Hamburg Hbf,Hannover Hbf,IC,clear,True,True,False,6.6,True
2023-09-05,Tuesday,9,2023-09-05 18:07,18,Leipzig Hbf,Dresden Hbf,RE,storm,True,True,False,7.1,True
2023-09-05,Tuesday,9,2023-09-05 19:52,19,Frankfurt(Main) Hbf,Stuttgart Hbf,IC,clear,False,True,False,1.4,False
2023-09-05,Tuesday,9,2023-09-05 20:32,20,Frankfurt(Main) Hbf,Stuttgart Hbf,IC,rain,False,False,False,5.2,True
2023-09-05,Tuesday,9,2023-09-05 21:18,21,Frankfurt(Main) Hbf,Stuttgart Hbf,IC,storm,False,False,False,1.8,False
2023-09-05,Tuesday,9,2023-09-05 21:34,21,Munich Hbf,Frankfurt(Main) Hbf,ICE,rain,False,False,False,2.8,False
2023-09-06,Wednesday,9,2023-09-06 07:30,7,Hamburg Hbf,Hannover Hbf,IC,clear,False,True,False,5.2,True
2023-09-06,Wednesday,9,2023-09-06 08:36,8,Berlin Hbf,Potsdam Hbf,S-Bahn,rain,False,True,False,1.6,False
2023-09-06,Wednesday,9,2023-09-06 08:56,8,Berlin Hbf,Hamburg Hbf,ICE,clear,True,True,False,6.5,True
2023-09-06,Wednesday,9,2023-09-06 10:01,10,Frankfurt(Main) Hbf,Mainz Hbf,S-Bahn,clear,False,False,False,4.5,False
2023-09-06,Wednesday,9,2023-09-06 12:45,12,Cologne Hbf,Bonn Hbf,RE,storm,False,False,False,3.5,False
2023-09-06,Wednesday,9,2023-09-06 12:51,12,Frankfurt(Main) Hbf,Stuttgart Hbf,IC,clear,False,False,False,2.6,False
2023-09-06,Wednesday,9,2023-09-06 13:59,13,Hamburg Hbf,Hannover Hbf,IC,clear,False,False,False,4.1,False
2023-09-06,Wednesday,9,2023-09-06 16:02,16,Frankfurt(Main) Hbf,Mainz Hbf,S-Bahn,clear,False,False,False,1.2,False
2023-09-06,Wednesday,9,2023-09-06 17:06,17,Cologne Hbf,Bonn Hbf,RE,rain,False,True,False,7.5,True
2023-09-06,Wednesday,9,2023-09-06 18:57,18,Frankfurt(Main) Hbf,Mainz Hbf,S-Bahn,clear,False,True,False,2.5,False
2023-09-06,Wednesday,9,2023-09-06 19:30,19,Berlin Hbf,Potsdam Hbf,S-Bahn,rain,True,True,False,0.4,False
2023-09-06,Wednesday,9,2023-09-06 20:31,20,Frankfurt(Main) Hbf,Stuttgart Hbf,IC,rain,True,False,False,12.3,True
2023-09-06,Wednesday,9,2023-09-06 22:21,22,Frankfurt(Main) Hbf,Stuttgart Hbf,IC,clear,False,False,False,0.9,False
2023-09-06,Wednesday,9,2023-09-06 22:53,22,Berlin Hbf,Hamburg Hbf,ICE,clear,False,False,False,2.8,False
2023-09-07,Thursday,9,2023-09-07 07:51,7,Berlin Hbf,Hamburg Hbf,ICE,clear,False,True,False,4.9,False
2023-09-07,Thursday,9,2023-09-07 07:51,7,Frankfurt(Main) Hbf,Mainz Hbf,S-Bahn,rain,False,True,False,0.4,False
2023-09-07,Thursday,9,2023-09-07 08:14,8,Munich Hbf,Augsburg Hbf,RE,clear,True,True,False,2.7,False
2023-09-07,Thursday,9,2023-09-07 08:22,8,Munich Hbf,Augsburg Hbf,RE,clear,False,True,False,0.8,False
2023-09-07,Thursday,9,2023-09-07 10:19,10,Berlin Hbf,Potsdam Hbf,S-Bahn,clear,False,False,False,1.0,False
2023-09-07,Thursday,9,2023-09-07 10:33,10,Hamburg Hbf,Hannover Hbf,IC,clear,True,False,False,1.8,False
2023-09-07,Thursday,9,2023-09-07 12:05,12,Cologne Hbf,Bonn Hbf,RE,storm,False,False,False,1.8,False
2023-09-07,Thursday,9,2023-09-07 12:57,12,Frankfurt(Main) Hbf,Stuttgart Hbf,IC,clear,False,False,False,1.1,False
2023-09-07,Thursday,9,2023-09-07 16:01,16,Cologne Hbf,Berlin Hbf,ICE,rain,False,False,False,4.3,False
2023-09-07,Thursday,9,2023-09-07 16:20,16,Cologne Hbf,Bonn Hbf,RE,storm,False,False,False,2.6,False
2023-09-07,Thursday,9,2023-09-07 16:46,16,Hamburg Hbf,Hannover Hbf,IC,clear,False,False,False,3.0,False
2023-09-07,Thursday,9,2023-09-07 17:18,17,Berlin Hbf,Potsdam Hbf,S-Bahn,clear,False,True,False,1.5,False
2023-09-07,Thursday,9,2023-09-07 17:47,17,Leipzig Hbf,Dresden Hbf,RE,clear,True,True,False,1.4,False
2023-09-07,Thursday,9,2023-09-07 18:42,18,Hamburg Hbf,Hannover Hbf,IC,clear,False,True,False,3.1,False
2023-09-07,Thursday,9,2023-09-07 20:21,20,Berlin Hbf,Potsdam Hbf,S-Bahn,clear,False,False,False,4.7,False
2023-09-08,Friday,9,2023-09-08 06:50,6,Leipzig Hbf,Dresden Hbf,RE,clear,True,False,False,0.9,False
2023-09-08,Friday,9,2023-09-08 07:17,7,Frankfurt(Main) Hbf,Stuttgart Hbf,IC,clear,False,True,False,4.3,False
2023-09-08,Friday,9,2023-09-08 09:35,9,Hamburg Hbf,Hannover Hbf,IC,clear,True,False,False,4.8,False
2023-09-08,Friday,9,2023-09-08 09:51,9,Berlin Hbf,Hamburg Hbf,ICE,clear,False,False,False,2.3,False
2023-09-08,Friday,9,2023-09-08 10:46,10,Frankfurt(Main) Hbf,Mainz Hbf,S-Bahn,rain,False,False,False,0.7,False
2023-09-08,Friday,9,2023-09-08 11:13,11,Munich Hbf,Frankfurt(Main) Hbf,ICE,rain,True,False,False,6.6,True
2023-09-08,Friday,9,2023-09-08 11:36,11,Munich Hbf,Frankfurt(Main) Hbf,ICE,clear,False,False,False,1.2,False
2023-09-08,Friday,9,2023-09-08 13:27,13,Munich Hbf,Frankfurt(Main) Hbf,ICE,clear,True,False,False,5.2,True
2023-09-08,Friday,9,2023-09-08 15:22,15,Cologne Hbf,Berlin Hbf,ICE,clear,False,False,False,5.4,True
2023-09-08,Friday,9,2023-09-08 15:25,15,Cologne Hbf,Berlin Hbf,ICE,rain,False,False,False,4.1,False
2023-09-08,Friday,9,2023-09-08 15:30,15,Munich Hbf,Augsburg Hbf,RE,storm,False,False,False,4.4,False
2023-09-08,Friday,9,2023-09-08 17:10,17,Cologne Hbf,Bonn Hbf,RE,rain,True,True,False,3.7,False
2023-09-09,Saturday,9,2023-09-09 06:40,6,Berlin Hbf,Potsdam Hbf,S-Bahn,clear,False,False,True,0.4,False
2023-09-09,Saturday,9,2023-09-09 07:12,7,Berlin Hbf,Hamburg Hbf,ICE,clear,False,True,True,3.0,False
2023-09-09,Saturday,9,2023-09-09 07:23,7,Berlin Hbf,Potsdam Hbf,S-Bahn,clear,False,True,True,2.9,False
2023-09-09,Saturday,9,2023-09-09 08:09,8,Munich Hbf,Augsburg Hbf,RE,clear,False,True,True,2.3,False
2023-09-09,Saturday,9,2023-09-09 08:30,8,Frankfurt(Main) Hbf,Mainz Hbf,S-Bahn,clear,False,True,True,1.2,False
2023-09-09,Saturday,9,2023-09-09 09:27,9,Munich Hbf,Frankfurt(Main) Hbf,ICE,rain,False,False,True,15.2,True
2023-09-09,Saturday,9,2023-09-09 09:46,9,Munich Hbf,Frankfurt(Main) Hbf,ICE,clear,False,False,True,1.9,False
2023-09-09,Saturday,9,2023-09-09 14:04,14,Cologne Hbf,Berlin Hbf,ICE,clear,False,False,True,2.2,False
2023-09-09,Saturday,9,2023-09-09 19:36,19,Berlin Hbf,Hamburg Hbf,ICE,rain,True,True,True,7.6,True
2023-09-09,Saturday,9,2023-09-09 20:28,20,Cologne Hbf,Bonn Hbf,RE,storm,False,False,True,0.8,False
2023-09-09,Saturday,9,2023-09-09 21:07,21,Cologne Hbf,Bonn Hbf,RE,clear,True,False,True,1.4,False
2023-09-09,Saturday,9,2023-09-09 21:40,21,Munich Hbf,Augsburg Hbf,RE,rain,False,False,True,3.8,False
2023-09-09,Saturday,9,2023-09-09 22:52,22,Munich Hbf,Augsburg Hbf,RE,storm,False,False,True,2.9,False
2023-09-10,Sunday,9,2023-09-10 10:11,10,Hamburg Hbf,Hannover Hbf,IC,clear,False,False,True,1.2,False
2023-09-10,Sunday,9,2023-09-10 15:00,15,Cologne Hbf,Berlin Hbf,ICE,rain,True,False,True,5.7,True
2023-09-10,Sunday,9,2023-09-10 17:11,17,Leipzig Hbf,Dresden Hbf,RE,clear,False,True,True,4.9,False
2023-09-11,Monday,9,2023-09-11 07:49,7,Cologne Hbf,Berlin Hbf,ICE,rain,False,True,False,5.3,True
2023-09-11,Monday,9,2023-09-11 08:33,8,Frankfurt(Main) Hbf,Mainz Hbf,S-Bahn,storm,False,True,False,2.2,False
2023-09-11,Monday,9,2023-09-11 08:45,8,Leipzig Hbf,Dresden Hbf,RE,rain,False,True,False,1.1,False
2023-09-11,Monday,9,2023-09-11 09:17,9,Leipzig Hbf,Dresden Hbf,RE,storm,False,False,False,1.0,False
2023-09-11,Monday,9,2023-09-11 12:02,12,Leipzig Hbf,Dresden Hbf,RE,clear,False,False,False,0.8,False
2023-09-11,Monday,9,2023-09-11 13:41,13,Frankfurt(Main) Hbf,Stuttgart Hbf,IC,rain,False,False,False,5.1,True
2023-09-11,Monday,9,2023-09-11 15:10,15,Munich Hbf,Frankfurt(Main) Hbf,ICE,clear,False,False,False,3.4,False
2023-09-11,Monday,9,2023-09-11 16:19,16,Berlin Hbf,Potsdam Hbf,S-Bahn,rain,True,False,False,2.6,False
2023-09-11,Monday,9,2023-09-11 17:23,17,Hamburg Hbf,Hannover Hbf,IC,clear,False,True,False,6.2,True
2023-09-11,Monday,9,2023-09-11 18:53,18,Frankfurt(Main) Hbf,Stuttgart Hbf,IC,clear,True,True,False,3.6,False
2023-09-11,Monday,9,2023-09-11 19:53,19,Leipzig Hbf,Dresden Hbf,RE,clear,False,True,False,3.9,False
2023-09-11,Monday,9,2023-09-11 19:55,19,Berlin Hbf,Hamburg Hbf,ICE,clear,False,True,False,3.8,False
2023-09-11,Monday,9,2023-09-11 20:13,20,Leipzig Hbf,Dresden Hbf,RE,rain,False,False,False,4.3,False
2023-09-11,Monday,9,2023-09-11 21:30,21,Frankfurt(Main) Hbf,Stuttgart Hbf,IC,rain,False,False,False,4.5,False
2023-09-12,Tuesday,9,2023-09-12 07:17,7,Munich Hbf,Frankfurt(Main) Hbf,ICE,clear,False,True,False,9.0,True
2023-09-12,Tuesday,9,2023-09-12 08:11,8,Frankfurt(Main) Hbf,Mainz Hbf,S-Bahn,storm,False,True,False,1.0,False
2023-09-12,Tuesday,9,2023-09-12 10:09,10,Berlin Hbf,Hamburg Hbf,ICE,clear,False,False,False,4.5,False
2023-09-12,Tuesday,9,2023-09-12 10:17,10,Cologne Hbf,Berlin Hbf,ICE,clear,False,False,False,2.7,False
2023-09-12,Tuesday,9,2023-09-12 11:17,11,Berlin Hbf,Hamburg Hbf,ICE,rain,False,False,False,1.7,False
2023-09-12,Tuesday,9,2023-09-12 11:50,11,Berlin Hbf,Hamburg Hbf,ICE,clear,False,False,False,2.5,False
2023-09-12,Tuesday,9,2023-09-12 12:36,12,Munich Hbf,Frankfurt(Main) Hbf,ICE,rain,False,False,False,3.7,False
2023-09-12,Tuesday,9,2023-09-12 16:02,16,Cologne Hbf,Berlin Hbf,ICE,rain,False,False,False,9.1,True
2023-09-12,Tuesday,9,2023-09-12 19:43,19,Frankfurt(Main) Hbf,Mainz Hbf,S-Bahn,clear,True,True,False,3.1,False
2023-09-12,Tuesday,9,2023-09-12 22:03,22,Berlin Hbf,Hamburg Hbf,ICE,clear,True,False,False,2.9,False
2023-09-12,Tuesday,9,2023-09-12 22:43,22,Munich Hbf,Frankfurt(Main) Hbf,ICE,clear,False,False,False,3.2,False
2023-09-13,Wednesday,9,2023-09-13 05:37,5,Berlin Hbf,Hamburg Hbf,ICE,clear,False,False,False,4.1,False
2023-09-13,Wednesday,9,2023-09-13 06:17,6,Munich Hbf,Frankfurt(Main) Hbf,ICE,clear,False,False,False,7.5,True
2023-09-13,Wednesday,9,2023-09-13 11:49,11,Leipzig Hbf,Dresden Hbf,RE,clear,False,False,False,2.0,False
2023-09-13,Wednesday,9,2023-09-13 13:06,13,Berlin Hbf,Potsdam Hbf,S-Bahn,clear,True,False,False,2.1,False
2023-09-13,Wednesday,9,2023-09-13 13:47,13,Berlin Hbf,Potsdam Hbf,S-Bahn,rain,False,False,False,4.0,False
2023-09-13,Wednesday,9,2023-09-13 13:53,13,Cologne Hbf,Berlin Hbf,ICE,clear,True,False,False,4.6,False
2023-09-13,Wednesday,9,2023-09-13 15:12,15,Cologne Hbf,Bonn Hbf,RE,rain,False,False,False,0.9,False
2023-09-13,Wednesday,9,2023-09-13 15:23,15,Frankfurt(Main) Hbf,Stuttgart Hbf,IC,clear,False,False,False,6.5,True
2023-09-13,Wednesday,9,2023-09-13 17:04,17,Munich Hbf,Augsburg Hbf,RE,storm,False,True,False,3.6,False
2023-09-13,Wednesday,9,2023-09-13 17:50,17,Munich Hbf,Augsburg Hbf,RE,clear,False,True,False,2.8,False
2023-09-13,Wednesday,9,2023-09-13 18:18,18,Munich Hbf,Frankfurt(Main) Hbf,ICE,rain,True,True,False,11.0,True
2023-09-13,Wednesday,9,2023-09-13 19:25,19,Cologne Hbf,Berlin Hbf,ICE,clear,True,True,False,36.1,True
2023-09-13,Wednesday,9,2023-09-13 20:23,20,Berlin Hbf,Hamburg Hbf,ICE,clear,False,False,False,3.5,False
2023-09-13,Wednesday,9,2023-09-13 20:45,20,Hamburg Hbf,Hannover Hbf,IC,clear,True,False,False,5.0,False
2023-09-14,Thursday,9,2023-09-14 09:18,9,Munich Hbf,Frankfurt(Main) Hbf,ICE,clear,False,False,False,1.0,False
2023-09-14,Thursday,9,2023-09-14 09:37,9,Cologne Hbf,Bonn Hbf,RE,clear,False,False,False,1.9,False
2023-09-14,Thursday,9,2023-09-14 11:11,11,Frankfurt(Main) Hbf,Stuttgart Hbf,IC,clear,True,False,False,3.7,False
2023-09-14,Thursday,9,2023-09-14 11:14,11,Hamburg Hbf,Hannover Hbf,IC,rain,False,False,False,5.4,True
2023-09-14,Thursday,9,2023-09-14 17:57,17,Berlin Hbf,Potsdam Hbf,S-Bahn,clear,False,True,False,1.9,False
2023-09-14,Thursday,9,2023-09-14 18:06,18,Cologne Hbf,Bonn Hbf,RE,rain,False,True,False,4.4,False
2023-09-14,Thursday,9,2023-09-14 18:56,18,Hamburg Hbf,Hannover Hbf,IC,clear,False,True,False,0.3,False
2023-09-15,Friday,9,2023-09-15 05:01,5,Munich Hbf,Frankfurt(Main) Hbf,ICE,clear,False,False,False,1.8,False
2023-09-15,Friday,9,2023-09-15 07:16,7,Cologne Hbf,Berlin Hbf,ICE,clear,False,True,False,2.3,False
2023-09-15,Friday,9,2023-09-15 07:54,7,Munich Hbf,Augsburg Hbf,RE,rain,False,True,False,4.3,False
2023-09-15,Friday,9,2023-09-15 08:47,8,Leipzig Hbf,Dresden Hbf,RE,clear,True,True,False,3.7,False
2023-09-15,Friday,9,2023-09-15 08:56,8,Munich Hbf,Augsburg Hbf,RE,rain,False,True,False,12.0,True
2023-09-15,Friday,9,2023-09-15 12:07,12,Hamburg Hbf,Hannover Hbf,IC,storm,False,False,False,5.8,True
2023-09-15,Friday,9,2023-09-15 12:20,12,Berlin Hbf,Potsdam Hbf,S-Bahn,rain,False,False,False,1.6,False
2023-09-15,Friday,9,2023-09-15 15:28,15,Cologne Hbf,Berlin Hbf,ICE,clear,False,False,False,7.5,True
2023-09-15,Friday,9,2023-09-15 16:44,16,Frankfurt(Main) Hbf,Mainz Hbf,S-Bahn,clear,True,False,False,3.7,False
2023-09-15,Friday,9,2023-09-15 16:55,16,Munich Hbf,Frankfurt(Main) Hbf,ICE,rain,False,False,False,10.4,True
2023-09-15,Friday,9,2023-09-15 17:03,17,Frankfurt(Main) Hbf,Mainz Hbf,S-Bahn,rain,True,True,False,1.7,False
2023-09-15,Friday,9,2023-09-15 18:47,18,Hamburg Hbf,Hannover Hbf,IC,rain,False,True,False,74.0,True
2023-09-15,Friday,9,2023-09-15 19:25,19,Hamburg Hbf,Hannover Hbf,IC,clear,False,True,False,2.4,False
2023-09-15,Friday,9,2023-09-15 20:13,20,Cologne Hbf,Berlin Hbf,ICE,rain,False,False,False,8.8,True
2023-09-15,Friday,9,2023-09-15 20:37,20,Munich Hbf,Augsburg Hbf,RE,clear,False,False,False,0.6,False
2023-09-15,Friday,9,2023-09-15 21:30,21,Cologne Hbf,Berlin Hbf,ICE,rain,False,False,False,12.2,True
2023-09-16,Saturday,9,2023-09-16 08:56,8,Munich Hbf,Augsburg Hbf,RE,clear,False,True,True,4.9,False
2023-09-16,Saturday,9,2023-09-16 11:37,11,Munich Hbf,Frankfurt(Main) Hbf,ICE,rain,False,False,True,1.8,False
2023-09-16,Saturday,9,2023-09-16 14:45,14,Frankfurt(Main) Hbf,Stuttgart Hbf,IC,clear,False,False,True,1.7,False
2023-09-16,Saturday,9,2023-09-16 15:03,15,Munich Hbf,Frankfurt(Main) Hbf,ICE,clear,True,False,True,12.3,True
2023-09-16,Saturday,9,2023-09-16 16:06,16,Berlin Hbf,Potsdam Hbf,S-Bahn,clear,True,False,True,2.1,False
2023-09-16,Saturday,9,2023-09-16 19:05,19,Frankfurt(Main) Hbf,Stuttgart Hbf,IC,clear,False,True,True,0.6,False
2023-09-16,Saturday,9,2023-09-16 19:49,19,Frankfurt(Main) Hbf,Mainz Hbf,S-Bahn,rain,True,True,True,1.5,False
2023-09-16,Saturday,9,2023-09-16 20:01,20,Cologne Hbf,Berlin Hbf,ICE,clear,False,False,True,0.7,False
2023-09-17,Sunday,9,2023-09-17 05:00,5,Leipzig Hbf,Dresden Hbf,RE,storm,False,False,True,5.0,False
2023-09-17,Sunday,9,2023-09-17 06:28,6,Cologne Hbf,Berlin Hbf,ICE,clear,False,False,True,3.5,False
2023-09-17,Sunday,9,2023-09-17 07:49,7,Frankfurt(Main) Hbf,Stuttgart Hbf,IC,rain,True,True,True,12.8,True
2023-09-17,Sunday,9,2023-09-17 07:50,7,Berlin Hbf,Potsdam Hbf,S-Bahn,clear,True,True,True,1.8,False
2023-09-17,Sunday,9,2023-09-17 08:30,8,Frankfurt(Main) Hbf,Stuttgart Hbf,IC,rain,False,True,True,3.8,False
2023-09-17,Sunday,9,2023-09-17 12:10,12,Frankfurt(Main) Hbf,Mainz Hbf,S-Bahn,storm,True,False,True,27.1,True
2023-09-17,Sunday,9,2023-09-17 13:10,13,Munich Hbf,Augsburg Hbf,RE,clear,False,False,True,4.6,False
2023-09-17,Sunday,9,2023-09-17 14:15,14,Leipzig Hbf,Dresden Hbf,RE,clear,False,False,True,1.9,False
2023-09-17,Sunday,9,2023-09-17 14:17,14,Berlin Hbf,Hamburg Hbf,ICE,clear,False,False,True,2.6,False
2023-09-17,Sunday,9,2023-09-17 17:03,17,Leipzig Hbf,Dresden Hbf,RE,clear,False,True,True,3.9,False
2023-09-17,Sunday,9,2023-09-17 17:12,17,Berlin Hbf,Hamburg Hbf,ICE,clear,True,True,True,7.0,True
2023-09-17,Sunday,9,2023-09-17 17:23,17,Munich Hbf,Augsburg Hbf,RE,clear,False,True,True,2.3,False
2023-09-17,Sunday,9,2023-09-17 17:51,17,Frankfurt(Main) Hbf,Stuttgart Hbf,IC,rain,True,True,True,12.7,True
2023-09-17,Sunday,9,2023-09-17 18:17,18,Cologne Hbf,Bonn Hbf,RE,clear,False,True,True,1.8,False
2023-09-17,Sunday,9,2023-09-17 18:22,18,Leipzig Hbf,Dresden Hbf,RE,clear,False,True,True,1.7,False
2023-09-17,Sunday,9,2023-09-17 19:18,19,Munich Hbf,Frankfurt(Main) Hbf,ICE,rain,True,True,True,6.9,True
2023-09-17,Sunday,9,2023-09-17 20:43,20,Berlin Hbf,Hamburg Hbf,ICE,clear,False,False,True,2.9,False
2023-09-17,Sunday,9,2023-09-17 21:05,21,Munich Hbf,Frankfurt(Main) Hbf,ICE,clear,False,False,True,4.0,False
2023-09-17,Sunday,9,2023-09-17 22:38,22,Munich Hbf,Augsburg Hbf,RE,rain,False,False,True,1.9,False
2023-09-18,Monday,9,2023-09-18 10:34,10,Berlin Hbf,Potsdam Hbf,S-Bahn,clear,False,False,False,1.1,False
2023-09-18,Monday,9,2023-09-18 12:05,12,Munich Hbf,Augsburg Hbf,RE,rain,False,False,False,3.3,False
2023-09-18,Monday,9,2023-09-18 13:52,13,Munich Hbf,Augsburg Hbf,RE,storm,False,False,False,2.8,False
2023-09-18,Monday,9,2023-09-18 16:22,16,Berlin Hbf,Potsdam Hbf,S-Bahn,storm,True,False,False,4.1,False
2023-09-18,Monday,9,2023-09-18 21:04,21,Berlin Hbf,Hamburg Hbf,ICE,clear,False,False,False,6.0,True
2023-09-19,Tuesday,9,2023-09-19 06:49,6,Munich Hbf,Augsburg Hbf,RE,clear,False,False,False,2.6,False
2023-09-19,Tuesday,9,2023-09-19 07:29,7,Frankfurt(Main) Hbf,Mainz Hbf,S-Bahn,rain,False,True,False,1.2,False
2023-09-19,Tuesday,9,2023-09-19 08:13,8,Cologne Hbf,Bonn Hbf,RE,clear,False,True,False,0.3,False
2023-09-19,Tuesday,9,2023-09-19 08:30,8,Cologne Hbf,Berlin Hbf,ICE,rain,False,True,False,11.3,True
2023-09-19,Tuesday,9,2023-09-19 13:02,13,Hamburg Hbf,Hannover Hbf,IC,clear,False,False,False,1.5,False
2023-09-19,Tuesday,9,2023-09-19 13:18,13,Berlin Hbf,Potsdam Hbf,S-Bahn,rain,False,False,False,3.1,False
2023-09-19,Tuesday,9,2023-09-19 13:20,13,Munich Hbf,Frankfurt(Main) Hbf,ICE,clear,False,False,False,3.0,False
2023-09-19,Tuesday,9,2023-09-19 13:29,13,Munich Hbf,Augsburg Hbf,RE,clear,False,False,False,3.6,False
2023-09-19,Tuesday,9,2023-09-19 13:32,13,Munich Hbf,Frankfurt(Main) Hbf,ICE,clear,True,False,False,11.5,True
2023-09-19,Tuesday,9,2023-09-19 16:39,16,Munich Hbf,Augsburg Hbf,RE,rain,True,False,False,6.7,True
2023-09-19,Tuesday,9,2023-09-19 19:15,19,Munich Hbf,Frankfurt(Main) Hbf,ICE,rain,True,True,False,10.6,True
2023-09-19,Tuesday,9,2023-09-19 19:43,19,Cologne Hbf,Berlin Hbf,ICE,clear,False,True,False,3.2,False
2023-09-19,Tuesday,9,2023-09-19 22:29,22,Hamburg Hbf,Hannover Hbf,IC,storm,False,False,False,4.4,False
2023-09-20,Wednesday,9,2023-09-20 06:48,6,Berlin Hbf,Hamburg Hbf,ICE,storm,True,False,False,7.3,True
2023-09-20,Wednesday,9,2023-09-20 08:39,8,Munich Hbf,Augsburg Hbf,RE,rain,False,True,False,2.1,False
2023-09-20,Wednesday,9,2023-09-20 08:56,8,Berlin Hbf,Potsdam Hbf,S-Bahn,rain,False,True,False,1.0,False
2023-09-20,Wednesday,9,2023-09-20 10:19,10,Munich Hbf,Augsburg Hbf,RE,rain,False,False,False,1.3,False
2023-09-20,Wednesday,9,2023-09-20 13:32,13,Cologne Hbf,Berlin Hbf,ICE,clear,False,False,False,2.2,False
2023-09-20,Wednesday,9,2023-09-20 16:05,16,Berlin Hbf,Potsdam Hbf,S-Bahn,clear,False,False,False,1.6,False
2023-09-20,Wednesday,9,2023-09-20 17:03,17,Leipzig Hbf,Dresden Hbf,RE,rain,True,True,False,3.8,False
2023-09-20,Wednesday,9,2023-09-20 17:53,17,Cologne Hbf,Berlin Hbf,ICE,clear,False,True,False,5.1,True
2023-09-20,Wednesday,9,2023-09-20 18:37,18,Munich Hbf,Augsburg Hbf,RE,clear,False,True,False,3.0,False
2023-09-20,Wednesday,9,2023-09-20 20:00,20,Berlin Hbf,Potsdam Hbf,S-Bahn,clear,False,False,False,2.3,False
2023-09-21,Thursday,9,2023-09-21 06:06,6,Hamburg Hbf,Hannover Hbf,IC,clear,False,False,False,2.7,False
2023-09-21,Thursday,9,2023-09-21 07:46,7,Berlin Hbf,Potsdam Hbf,S-Bahn,clear,True,True,False,3.0,False
2023-09-21,Thursday,9,2023-09-21 08:34,8,Leipzig Hbf,Dresden Hbf,RE,clear,True,True,False,1.7,False
2023-09-21,Thursday,9,2023-09-21 09:13,9,Munich Hbf,Frankfurt(Main) Hbf,ICE,clear,False,False,False,7.1,True
2023-09-21,Thursday,9,2023-09-21 09:20,9,Cologne Hbf,Berlin Hbf,ICE,clear,False,False,False,5.9,True
2023-09-21,Thursday,9,2023-09-21 10:00,10,Berlin Hbf,Hamburg Hbf,ICE,clear,False,False,False,0.9,False
2023-09-21,Thursday,9,2023-09-21 12:41,12,Berlin Hbf,Hamburg Hbf,ICE,rain,False,False,False,4.2,False
2023-09-21,Thursday,9,2023-09-21 13:08,13,Berlin Hbf,Potsdam Hbf,S-Bahn,storm,False,False,False,3.5,False
2023-09-21,Thursday,9,2023-09-21 14:10,14,Cologne Hbf,Berlin Hbf,ICE,clear,False,False,False,3.4,False
2023-09-21,Thursday,9,2023-09-21 15:21,15,Berlin Hbf,Potsdam Hbf,S-Bahn,clear,False,False,False,2.0,False
2023-09-21,Thursday,9,2023-09-21 15:24,15,Berlin Hbf,Potsdam Hbf,S-Bahn,rain,True,False,False,0.7,False
2023-09-21,Thursday,9,2023-09-21 17:45,17,Cologne Hbf,Bonn Hbf,RE,clear,False,True,False,1.0,False
2023-09-21,Thursday,9,2023-09-21 20:31,20,Munich Hbf,Augsburg Hbf,RE,rain,False,False,False,2.7,False
2023-09-21,Thursday,9,2023-09-21 22:57,22,Leipzig Hbf,Dresden Hbf,RE,clear,False,False,False,1.0,False
2023-09-22,Friday,9,2023-09-22 06:40,6,Frankfurt(Main) Hbf,Stuttgart Hbf,IC,clear,False,False,False,5.5,True
2023-09-22,Friday,9,2023-09-22 12:57,12,Berlin Hbf,Potsdam Hbf,S-Bahn,clear,False,False,False,0.3,False
2023-09-22,Friday,9,2023-09-22 12:58,12,Leipzig Hbf,Dresden Hbf,RE,rain,False,False,False,2.9,False
2023-09-22,Friday,9,2023-09-22 15:47,15,Berlin Hbf,Potsdam Hbf,S-Bahn,clear,True,False,False,3.5,False
2023-09-22,Friday,9,2023-09-22 16:05,16,Hamburg Hbf,Hannover Hbf,IC,rain,False,False,False,4.8,False
2023-09-22,Friday,9,2023-09-22 21:08,21,Hamburg Hbf,Hannover Hbf,IC,clear,False,False,False,38.2,True
2023-09-23,Saturday,9,2023-09-23 06:12,6,Cologne Hbf,Bonn Hbf,RE,clear,False,False,True,0.9,False
2023-09-23,Saturday,9,2023-09-23 06:51,6,Frankfurt(Main) Hbf,Mainz Hbf,S-Bahn,rain,True,False,True,2.1,False
2023-09-23,Saturday,9,2023-09-23 08:56,8,Cologne Hbf,Bonn Hbf,RE,storm,False,True,True,3.8,False
2023-09-23,Saturday,9,2023-09-23 10:27,10,Frankfurt(Main) Hbf,Mainz Hbf,S-Bahn,rain,False,False,True,1.5,False
2023-09-23,Saturday,9,2023-09-23 10:48,10,Munich Hbf,Frankfurt(Main) Hbf,ICE,clear,False,False,True,2.3,False
2023-09-23,Saturday,9,2023-09-23 13:09,13,Hamburg Hbf,Hannover Hbf,IC,clear,False,False,True,2.2,False
2023-09-23,Saturday,9,2023-09-23 15:37,15,Cologne Hbf,Berlin Hbf,ICE,clear,False,False,True,2.3,False
2023-09-23,Saturday,9,2023-09-23 16:04,16,Leipzig Hbf,Dresden Hbf,RE,rain,False,False,True,3.3,False
2023-09-23,Saturday,9,2023-09-23 16:23,16,Hamburg Hbf,Hannover Hbf,IC,rain,True,False,True,5.1,True
2023-09-23,Saturday,9,2023-09-23 16:42,16,Frankfurt(Main) Hbf,Stuttgart Hbf,IC,clear,False,False,True,3.1,False
2023-09-23,Saturday,9,2023-09-23 17:05,17,Berlin Hbf,Potsdam Hbf,S-Bahn,clear,False,True,True,1.8,False
2023-09-23,Saturday,9,2023-09-23 17:53,17,Cologne Hbf,Bonn Hbf,RE,rain,True,True,True,2.9,False
2023-09-23,Saturday,9,2023-09-23 17:59,17,Munich Hbf,Augsburg Hbf,RE,rain,True,True,True,1.8,False
2023-09-24,Sunday,9,2023-09-24 06:24,6,Cologne Hbf,Berlin Hbf,ICE,clear,False,False,True,7.2,True
2023-09-24,Sunday,9,2023-09-24 17:14,17,Cologne Hbf,Bonn Hbf,RE,rain,False,True,True,4.1,False
2023-09-24,Sunday,9,2023-09-24 17:57,17,Cologne Hbf,Berlin Hbf,ICE,clear,False,True,True,5.1,True
2023-09-24,Sunday,9,2023-09-24 18:27,18,Berlin Hbf,Potsdam Hbf,S-Bahn,rain,False,True,True,1.5,False
2023-09-24,Sunday,9,2023-09-24 19:27,19,Frankfurt(Main) Hbf,Stuttgart Hbf,IC,storm,False,True,True,6.8,True
2023-09-24,Sunday,9,2023-09-24 22:57,22,Cologne Hbf,Berlin Hbf,ICE,clear,False,False,True,2.4,False
2023-09-25,Monday,9,2023-09-25 05:08,5,Berlin Hbf,Potsdam Hbf,S-Bahn,clear,False,False,False,1.0,False
2023-09-25,Monday,9,2023-09-25 07:26,7,Munich Hbf,Augsburg Hbf,RE,clear,False,True,False,0.6,False
2023-09-25,Monday,9,2023-09-25 08:00,8,Frankfurt(Main) Hbf,Mainz Hbf,S-Bahn,clear,False,True,False,3.8,False
2023-09-25,Monday,9,2023-09-25 09:04,9,Hamburg Hbf,Hannover Hbf,IC,storm,False,False,False,3.8,False
2023-09-25,Monday,9,2023-09-25 17:08,17,Frankfurt(Main) Hbf,Mainz Hbf,S-Bahn,clear,False,True,False,5.0,False
2023-09-25,Monday,9,2023-09-25 18:17,18,Munich Hbf,Frankfurt(Main) Hbf,ICE,clear,False,True,False,4.1,False
2023-09-25,Monday,9,2023-09-25 18:38,18,Cologne Hbf,Berlin Hbf,ICE,rain,False,True,False,9.9,True
2023-09-25,Monday,9,2023-09-25 21:59,21,Munich Hbf,Frankfurt(Main) Hbf,ICE,rain,True,False,False,13.1,True
2023-09-25,Monday,9,2023-09-25 22:13,22,Hamburg Hbf,Hannover Hbf,IC,clear,False,False,False,4.6,False
2023-09-25,Monday,9,2023-09-25 22:31,22,Hamburg Hbf,Hannover Hbf,IC,rain,False,False,False,7.7,True
2023-09-26,Tuesday,9,2023-09-26 05:03,5,Berlin Hbf,Potsdam Hbf,S-Bahn,rain,False,False,False,0.5,False
2023-09-26,Tuesday,9,2023-09-26 08:33,8,Frankfurt(Main) Hbf,Mainz Hbf,S-Bahn,rain,False,True,False,1.3,False
2023-09-26,Tuesday,9,2023-09-26 08:39,8,Leipzig Hbf,Dresden Hbf,RE,rain,False,True,False,2.7,False
2023-09-26,Tuesday,9,2023-09-26 09:47,9,Leipzig Hbf,Dresden Hbf,RE,storm,False,False,False,3.5,False
2023-09-26,Tuesday,9,2023-09-26 10:19,10,Berlin Hbf,Potsdam Hbf,S-Bahn,clear,False,False,False,42.8,True
2023-09-26,Tuesday,9,2023-09-26 12:04,12,Munich Hbf,Augsburg Hbf,RE,clear,False,False,False,2.2,False
2023-09-26,Tuesday,9,2023-09-26 14:08,14,Frankfurt(Main) Hbf,Stuttgart Hbf,IC,rain,False,False,False,9.9,True
2023-09-26,Tuesday,9,2023-09-26 15:39,15,Cologne Hbf,Bonn Hbf,RE,storm,True,False,False,4.2,False
2023-09-26,Tuesday,9,2023-09-26 15:59,15,Munich Hbf,Augsburg Hbf,RE,storm,False,False,False,1.2,False
2023-09-26,Tuesday,9,2023-09-26 17:12,17,Cologne Hbf,Bonn Hbf,RE,clear,False,True,False,6.5,True
2023-09-26,Tuesday,9,2023-09-26 17:40,17,Leipzig Hbf,Dresden Hbf,RE,clear,True,True,False,5.6,True
2023-09-26,Tuesday,9,2023-09-26 18:42,18,Cologne Hbf,Bonn Hbf,RE,clear,False,True,False,3.4,False
2023-09-26,Tuesday,9,2023-09-26 18:53,18,Hamburg Hbf,Hannover Hbf,IC,storm,False,True,False,8.3,True
2023-09-26,Tuesday,9,2023-09-26 19:27,19,Frankfurt(Main) Hbf,Stuttgart Hbf,IC,rain,False,True,False,1.7,False
2023-09-26,Tuesday,9,2023-09-26 19:49,19,Cologne Hbf,Bonn Hbf,RE,rain,False,True,False,7.4,True
2023-09-26,Tuesday,9,2023-09-26 21:24,21,Frankfurt(Main) Hbf,Mainz Hbf,S-Bahn,clear,False,False,False,2.2,False
2023-09-27,Wednesday,9,2023-09-27 06:24,6,Munich Hbf,Frankfurt(Main) Hbf,ICE,rain,True,False,False,12.7,True
2023-09-27,Wednesday,9,2023-09-27 07:24,7,Cologne Hbf,Bonn Hbf,RE,rain,True,True,False,1.0,False
2023-09-27,Wednesday,9,2023-09-27 11:06,11,Leipzig Hbf,Dresden Hbf,RE,clear,False,False,False,0.7,False
2023-09-27,Wednesday,9,2023-09-27 11:35,11,Cologne Hbf,Bonn Hbf,RE,clear,True,False,False,1.7,False
2023-09-27,Wednesday,9,2023-09-27 11:41,11,Berlin Hbf,Hamburg Hbf,ICE,rain,False,False,False,3.2,False
2023-09-27,Wednesday,9,2023-09-27 14:30,14,Berlin Hbf,Potsdam Hbf,S-Bahn,clear,False,False,False,2.4,False
2023-09-27,Wednesday,9,2023-09-27 16:37,16,Frankfurt(Main) Hbf,Mainz Hbf,S-Bahn,clear,False,False,False,2.3,False
2023-09-27,Wednesday,9,2023-09-27 20:53,20,Munich Hbf,Frankfurt(Main) Hbf,ICE,clear,False,False,False,2.8,False
2023-09-27,Wednesday,9,2023-09-27 21:10,21,Hamburg Hbf,Hannover Hbf,IC,clear,False,False,False,3.2,False
2023-09-27,Wednesday,9,2023-09-27 21:11,21,Cologne Hbf,Berlin Hbf,ICE,clear,False,False,False,4.3,False
2023-09-27,Wednesday,9,2023-09-27 21:53,21,Cologne Hbf,Berlin Hbf,ICE,rain,False,False,False,1.8,False
2023-09-28,Thursday,9,2023-09-28 05:40,5,Frankfurt(Main) Hbf,Stuttgart Hbf,IC,rain,False,False,False,1.9,False
2023-09-28,Thursday,9,2023-09-28 05:54,5,Munich Hbf,Augsburg Hbf,RE,rain,False,False,False,0.1,False
2023-09-28,Thursday,9,2023-09-28 07:09,7,Frankfurt(Main) Hbf,Mainz Hbf,S-Bahn,clear,True,True,False,7.2,True
2023-09-28,Thursday,9,2023-09-28 08:07,8,Leipzig Hbf,Dresden Hbf,RE,clear,False,True,False,2.1,False
2023-09-28,Thursday,9,2023-09-28 08:51,8,Leipzig Hbf,Dresden Hbf,RE,clear,False,True,False,0.3,False
2023-09-28,Thursday,9,2023-09-28 09:38,9,Frankfurt(Main) Hbf,Mainz Hbf,S-Bahn,clear,True,False,False,2.0,False
2023-09-28,Thursday,9,2023-09-28 19:17,19,Berlin Hbf,Hamburg Hbf,ICE,clear,False,True,False,4.9,False
2023-09-29,Friday,9,2023-09-29 07:58,7,Berlin Hbf,Hamburg Hbf,ICE,clear,True,True,False,3.7,False
2023-09-29,Friday,9,2023-09-29 07:58,7,Cologne Hbf,Bonn Hbf,RE,clear,False,True,False,0.2,False
2023-09-29,Friday,9,2023-09-29 08:30,8,Munich Hbf,Frankfurt(Main) Hbf,ICE,rain,False,True,False,57.1,True
2023-09-29,Friday,9,2023-09-29 08:56,8,Cologne Hbf,Bonn Hbf,RE,clear,False,True,False,1.3,False
2023-09-29,Friday,9,2023-09-29 09:36,9,Munich Hbf,Augsburg Hbf,RE,storm,True,False,False,7.2,True
2023-09-29,Friday,9,2023-09-29 09:56,9,Berlin Hbf,Potsdam Hbf,S-Bahn,clear,False,False,False,2.3,False
2023-09-29,Friday,9,2023-09-29 11:28,11,Frankfurt(Main) Hbf,Stuttgart Hbf,IC,clear,False,False,False,1.7,False
2023-09-29,Friday,9,2023-09-29 17:09,17,Hamburg Hbf,Hannover Hbf,IC,clear,False,True,False,4.3,False
2023-09-29,Friday,9,2023-09-29 21:57,21,Munich Hbf,Frankfurt(Main) Hbf,ICE,rain,True,False,False,9.7,True
2023-09-30,Saturday,9,2023-09-30 05:41,5,Munich Hbf,Frankfurt(Main) Hbf,ICE,rain,False,False,True,4.5,False
2023-09-30,Saturday,9,2023-09-30 07:04,7,Berlin Hbf,Hamburg Hbf,ICE,clear,True,True,True,10.6,True
2023-09-30,Saturday,9,2023-09-30 08:49,8,Berlin Hbf,Potsdam Hbf,S-Bahn,rain,False,True,True,1.0,False
2023-09-30,Saturday,9,2023-09-30 10:26,10,Leipzig Hbf,Dresden Hbf,RE,clear,False,False,True,2.7,False
2023-09-30,Saturday,9,2023-09-30 13:30,13,Hamburg Hbf,Hannover Hbf,IC,clear,False,False,True,5.0,False
2023-09-30,Saturday,9,2023-09-30 14:03,14,Hamburg Hbf,Hannover Hbf,IC,clear,True,False,True,7.5,True
2023-09-30,Saturday,9,2023-09-30 16:04,16,Berlin Hbf,Potsdam Hbf,S-Bahn,clear,False,False,True,0.7,False
2023-09-30,Saturday,9,2023-09-30 16:50,16,Hamburg Hbf,Hannover Hbf,IC,storm,False,False,True,7.0,True
2023-09-30,Saturday,9,2023-09-30 22:00,22,Berlin Hbf,Hamburg Hbf,ICE,clear,True,False,True,3.3,False
2023-09-30,Saturday,9,2023-09-30 22:53,22,Munich Hbf,Frankfurt(Main) Hbf,ICE,clear,False,False,True,1.4,False
2023-10-01,Sunday,10,2023-10-01 08:03,8,Leipzig Hbf,Dresden Hbf,RE,clear,True,True,True,6.7,True
2023-10-01,Sunday,10,2023-10-01 08:39,8,Munich Hbf,Augsburg Hbf,RE,storm,False,True,True,4.6,False
2023-10-01,Sunday,10,2023-10-01 09:12,9,Berlin Hbf,Potsdam Hbf,S-Bahn,clear,False,False,True,5.2,True
2023-10-01,Sunday,10,2023-10-01 09:17,9,Cologne Hbf,Bonn Hbf,RE,clear,True,False,True,3.2,False
2023-10-01,Sunday,10,2023-10-01 10:19,10,Cologne Hbf,Berlin Hbf,ICE,clear,False,False,True,2.5,False
2023-10-01,Sunday,10,2023-10-01 10:50,10,Frankfurt(Main) Hbf,Stuttgart Hbf,IC,clear,False,False,True,72.4,True
2023-10-01,Sunday,10,2023-10-01 15:09,15,Frankfurt(Main) Hbf,Stuttgart Hbf,IC,storm,False,False,True,3.0,False
2023-10-01,Sunday,10,2023-10-01 17:13,17,Frankfurt(Main) Hbf,Mainz Hbf,S-Bahn,snow,False,True,True,0.5,False
2023-10-01,Sunday,10,2023-10-01 17:48,17,Hamburg Hbf,Hannover Hbf,IC,clear,False,True,True,2.5,False
2023-10-01,Sunday,10,2023-10-01 18:00,18,Berlin Hbf,Potsdam Hbf,S-Bahn,rain,False,True,True,1.3,False
2023-10-01,Sunday,10,2023-10-01 18:11,18,Berlin Hbf,Potsdam Hbf,S-Bahn,rain,False,True,True,1.7,False
2023-10-01,Sunday,10,2023-10-01 19:25,19,Hamburg Hbf,Hannover Hbf,IC,storm,False,True,True,5.2,True
2023-10-01,Sunday,10,2023-10-01 22:06,22,Berlin Hbf,Hamburg Hbf,ICE,storm,False,False,True,3.7,False
2023-10-02,Monday,10,2023-10-02 07:38,7,Frankfurt(Main) Hbf,Mainz Hbf,S-Bahn,rain,False,True,False,1.9,False
2023-10-02,Monday,10,2023-10-02 08:51,8,Cologne Hbf,Bonn Hbf,RE,rain,False,True,False,2.6,False
2023-10-02,Monday,10,2023-10-02 11:25,11,Munich Hbf,Frankfurt(Main) Hbf,ICE,clear,False,False,False,1.2,False
2023-10-02,Monday,10,2023-10-02 14:09,14,Hamburg Hbf,Hannover Hbf,IC,rain,False,False,False,6.4,True
2023-10-02,Monday,10,2023-10-02 16:44,16,Leipzig Hbf,Dresden Hbf,RE,rain,False,False,False,1.1,False
2023-10-02,Monday,10,2023-10-02 17:52,17,Frankfurt(Main) Hbf,Stuttgart Hbf,IC,clear,False,True,False,2.5,False
2023-10-02,Monday,10,2023-10-02 19:47,19,Berlin Hbf,Hamburg Hbf,ICE,storm,False,True,False,13.2,True
2023-10-02,Monday,10,2023-10-02 19:58,19,Hamburg Hbf,Hannover Hbf,IC,rain,False,True,False,9.2,True
2023-10-03,Tuesday,10,2023-10-03 07:05,7,Berlin Hbf,Potsdam Hbf,S-Bahn,rain,False,True,False,3.6,False
2023-10-03,Tuesday,10,2023-10-03 12:05,12,Munich Hbf,Augsburg Hbf,RE,rain,False,False,False,3.0,False
2023-10-03,Tuesday,10,2023-10-03 12:49,12,Berlin Hbf,Potsdam Hbf,S-Bahn,rain,False,False,False,2.7,False
2023-10-03,Tuesday,10,2023-10-03 13:14,13,Berlin Hbf,Hamburg Hbf,ICE,rain,True,False,False,3.6,False
2023-10-03,Tuesday,10,2023-10-03 14:56,14,Munich Hbf,Augsburg Hbf,RE,clear,True,False,False,4.5,False
2023-10-03,Tuesday,10,2023-10-03 16:11,16,Berlin Hbf,Potsdam Hbf,S-Bahn,clear,False,False,False,2.3,False
2023-10-03,Tuesday,10,2023-10-03 17:30,17,Cologne Hbf,Bonn Hbf,RE,storm,False,True,False,2.9,False
2023-10-03,Tuesday,10,2023-10-03 17:44,17,Munich Hbf,Frankfurt(Main) Hbf,ICE,storm,False,True,False,12.5,True
2023-10-03,Tuesday,10,2023-10-03 17:46,17,Cologne Hbf,Berlin Hbf,ICE,clear,False,True,False,6.2,True
2023-10-03,Tuesday,10,2023-10-03 18:27,18,Cologne Hbf,Berlin Hbf,ICE,storm,False,True,False,6.2,True
2023-10-03,Tuesday,10,2023-10-03 22:31,22,Frankfurt(Main) Hbf,Stuttgart Hbf,IC,clear,False,False,False,4.2,False
2023-10-03,Tuesday,10,2023-10-03 22:58,22,Berlin Hbf,Hamburg Hbf,ICE,clear,False,False,False,7.0,True
2023-10-04,Wednesday,10,2023-10-04 06:31,6,Hamburg Hbf,Hannover Hbf,IC,rain,False,False,False,3.8,False
2023-10-04,Wednesday,10,2023-10-04 07:06,7,Munich Hbf,Augsburg Hbf,RE,storm,False,True,False,3.1,False
2023-10-04,Wednesday,10,2023-10-04 09:00,9,Berlin Hbf,Potsdam Hbf,S-Bahn,rain,False,False,False,2.8,False
2023-10-04,Wednesday,10,2023-10-04 16:39,16,Leipzig Hbf,Dresden Hbf,RE,clear,False,False,False,0.4,False
2023-10-04,Wednesday,10,2023-10-04 17:20,17,Hamburg Hbf,Hannover Hbf,IC,snow,False,True,False,10.4,True
2023-10-04,Wednesday,10,2023-10-04 17:56,17,Berlin Hbf,Hamburg Hbf,ICE,snow,False,True,False,13.4,True
2023-10-04,Wednesday,10,2023-10-04 18:05,18,Leipzig Hbf,Dresden Hbf,RE,clear,False,True,False,3.9,False
2023-10-04,Wednesday,10,2023-10-04 18:29,18,Berlin Hbf,Hamburg Hbf,ICE,clear,False,True,False,4.3,False
2023-10-04,Wednesday,10,2023-10-04 18:32,18,Berlin Hbf,Hamburg Hbf,ICE,rain,False,True,False,2.5,False
2023-10-04,Wednesday,10,2023-10-04 20:47,20,Frankfurt(Main) Hbf,Mainz Hbf,S-Bahn,clear,False,False,False,0.6,False
2023-10-05,Thursday,10,2023-10-05 05:42,5,Berlin Hbf,Hamburg Hbf,ICE,clear,False,False,False,9.0,True
2023-10-05,Thursday,10,2023-10-05 06:50,6,Cologne Hbf,Berlin Hbf,ICE,rain,False,False,False,4.9,False
2023-10-05,Thursday,10,2023-10-05 07:56,7,Cologne Hbf,Berlin Hbf,ICE,rain,False,True,False,8.9,True
2023-10-05,Thursday,10,2023-10-05 08:47,8,Frankfurt(Main) Hbf,Mainz Hbf,S-Bahn,clear,False,True,False,1.0,False
2023-10-05,Thursday,10,2023-10-05 17:55,17,Berlin Hbf,Hamburg Hbf,ICE,clear,False,True,False,7.0,True
2023-10-05,Thursday,10,2023-10-05 20:48,20,Munich Hbf,Augsburg Hbf,RE,clear,True,False,False,0.6,False
2023-10-05,Thursday,10,2023-10-05 20:58,20,Munich Hbf,Frankfurt(Main) Hbf,ICE,clear,False,False,False,5.1,True
2023-10-05,Thursday,10,2023-10-05 21:38,21,Berlin Hbf,Potsdam Hbf,S-Bahn,rain,False,False,False,1.2,False
2023-10-06,Friday,10,2023-10-06 07:50,7,Cologne Hbf,Bonn Hbf,RE,rain,False,True,False,2.9,False
2023-10-06,Friday,10,2023-10-06 07:53,7,Frankfurt(Main) Hbf,Mainz Hbf,S-Bahn,storm,True,True,False,1.6,False
2023-10-06,Friday,10,2023-10-06 07:54,7,Cologne Hbf,Bonn Hbf,RE,storm,False,True,False,37.1,True
2023-10-06,Friday,10,2023-10-06 07:56,7,Frankfurt(Main) Hbf,Stuttgart Hbf,IC,rain,False,True,False,3.7,False
2023-10-06,Friday,10,2023-10-06 08:42,8,Cologne Hbf,Berlin Hbf,ICE,storm,False,True,False,14.7,True
2023-10-06,Friday,10,2023-10-06 10:53,10,Frankfurt(Main) Hbf,Mainz Hbf,S-Bahn,clear,False,False,False,2.5,False
2023-10-06,Friday,10,2023-10-06 14:59,14,Cologne Hbf,Berlin Hbf,ICE,rain,False,False,False,6.6,True
2023-10-06,Friday,10,2023-10-06 20:28,20,Cologne Hbf,Berlin Hbf,ICE,rain,True,False,False,6.8,True
2023-10-07,Saturday,10,2023-10-07 06:57,6,Berlin Hbf,Potsdam Hbf,S-Bahn,rain,False,False,True,4.4,False
2023-10-07,Saturday,10,2023-10-07 09:45,9,Frankfurt(Main) Hbf,Stuttgart Hbf,IC,rain,False,False,True,4.5,False
2023-10-07,Saturday,10,2023-10-07 13:13,13,Cologne Hbf,Berlin Hbf,ICE,clear,False,False,True,2.6,False
2023-10-07,Saturday,10,2023-10-07 14:39,14,Hamburg Hbf,Hannover Hbf,IC,clear,True,False,True,6.4,True
2023-10-07,Saturday,10,2023-10-07 17:20,17,Leipzig Hbf,Dresden Hbf,RE,rain,True,True,True,1.3,False
2023-10-07,Saturday,10,2023-10-07 19:21,19,Berlin Hbf,Hamburg Hbf,ICE,clear,False,True,True,1.8,False
2023-10-07,Saturday,10,2023-10-07 20:22,20,Berlin Hbf,Potsdam Hbf,S-Bahn,rain,False,False,True,0.2,False
2023-10-07,Saturday,10,2023-10-07 22:36,22,Berlin Hbf,Potsdam Hbf,S-Bahn,clear,True,False,True,7.2,True
2023-10-08,Sunday,10,2023-10-08 06:11,6,Frankfurt(Main) Hbf,Mainz Hbf,S-Bahn,rain,False,False,True,2.3,False
2023-10-08,Sunday,10,2023-10-08 06:37,6,Munich Hbf,Augsburg Hbf,RE,clear,False,False,True,0.5,False
2023-10-08,Sunday,10,2023-10-08 13:11,13,Cologne Hbf,Berlin Hbf,ICE,clear,False,False,True,6.9,True
2023-10-08,Sunday,10,2023-10-08 17:00,17,Berlin Hbf,Hamburg Hbf,ICE,rain,False,True,True,4.4,False
2023-10-08,Sunday,10,2023-10-08 17:50,17,Cologne Hbf,Bonn Hbf,RE,storm,False,True,True,1.3,False
2023-10-08,Sunday,10,2023-10-08 17:57,17,Berlin Hbf,Potsdam Hbf,S-Bahn,clear,False,True,True,2.9,False
2023-10-08,Sunday,10,2023-10-08 18:31,18,Berlin Hbf,Potsdam Hbf,S-Bahn,clear,False,True,True,1.2,False
2023-10-08,Sunday,10,2023-10-08 19:33,19,Hamburg Hbf,Hannover Hbf,IC,clear,False,True,True,1.1,False
2023-10-09,Monday,10,2023-10-09 07:07,7,Frankfurt(Main) Hbf,Mainz Hbf,S-Bahn,clear,False,True,False,1.5,False
2023-10-09,Monday,10,2023-10-09 07:19,7,Cologne Hbf,Bonn Hbf,RE,rain,True,True,False,1.2,False
2023-10-09,Monday,10,2023-10-09 07:50,7,Berlin Hbf,Potsdam Hbf,S-Bahn,storm,False,True,False,0.2,False
2023-10-09,Monday,10,2023-10-09 08:06,8,Frankfurt(Main) Hbf,Mainz Hbf,S-Bahn,storm,False,True,False,0.7,False
2023-10-09,Monday,10,2023-10-09 08:53,8,Munich Hbf,Frankfurt(Main) Hbf,ICE,clear,False,True,False,6.0,True
2023-10-09,Monday,10,2023-10-09 10:03,10,Munich Hbf,Frankfurt(Main) Hbf,ICE,clear,False,False,False,7.7,True
2023-10-09,Monday,10,2023-10-09 11:36,11,Munich Hbf,Augsburg Hbf,RE,rain,True,False,False,2.6,False
2023-10-09,Monday,10,2023-10-09 12:13,12,Frankfurt(Main) Hbf,Mainz Hbf,S-Bahn,rain,False,False,False,1.4,False
2023-10-09,Monday,10,2023-10-09 14:56,14,Berlin Hbf,Potsdam Hbf,S-Bahn,clear,True,False,False,1.6,False
2023-10-09,Monday,10,2023-10-09 18:57,18,Munich Hbf,Frankfurt(Main) Hbf,ICE,clear,False,True,False,3.0,False
2023-10-09,Monday,10,2023-10-09 21:24,21,Cologne Hbf,Berlin Hbf,ICE,storm,False,False,False,10.5,True
2023-10-09,Monday,10,2023-10-09 21:49,21,Cologne Hbf,Berlin Hbf,ICE,rain,False,False,False,3.2,False
2023-10-10,Tuesday,10,2023-10-10 07:37,7,Cologne Hbf,Bonn Hbf,RE,clear,False,True,False,3.1,False
2023-10-10,Tuesday,10,2023-10-10 09:39,9,Leipzig Hbf,Dresden Hbf,RE,rain,False,False,False,68.0,True
2023-10-10,Tuesday,10,2023-10-10 10:43,10,Frankfurt(Main) Hbf,Mainz Hbf,S-Bahn,rain,False,False,False,0.6,False
2023-10-10,Tuesday,10,2023-10-10 11:31,11,Frankfurt(Main) Hbf,Stuttgart Hbf,IC,clear,False,False,False,8.0,True
2023-10-10,Tuesday,10,2023-10-10 12:09,12,Hamburg Hbf,Hannover Hbf,IC,clear,False,False,False,1.2,False
2023-10-10,Tuesday,10,2023-10-10 14:52,14,Frankfurt(Main) Hbf,Stuttgart Hbf,IC,clear,False,False,False,5.9,True
2023-10-10,Tuesday,10,2023-10-10 22:58,22,Hamburg Hbf,Hannover Hbf,IC,rain,False,False,False,37.6,True
2023-10-11,Wednesday,10,2023-10-11 06:51,6,Berlin Hbf,Hamburg Hbf,ICE,rain,True,False,False,8.2,True
2023-10-11,Wednesday,10,2023-10-11 08:05,8,Frankfurt(Main) Hbf,Mainz Hbf,S-Bahn,rain,False,True,False,0.4,False
2023-10-11,Wednesday,10,2023-10-11 08:31,8,Berlin Hbf,Hamburg Hbf,ICE,rain,True,True,False,14.5,True
2023-10-11,Wednesday,10,2023-10-11 08:50,8,Frankfurt(Main) Hbf,Mainz Hbf,S-Bahn,clear,False,True,False,1.0,False
2023-10-11,Wednesday,10,2023-10-11 10:05,10,Cologne Hbf,Berlin Hbf,ICE,rain,False,False,False,8.8,True
2023-10-11,Wednesday,10,2023-10-11 10:22,10,Cologne Hbf,Berlin Hbf,ICE,clear,False,False,False,1.1,False
2023-10-11,Wednesday,10,2023-10-11 11:38,11,Munich Hbf,Augsburg Hbf,RE,storm,False,False,False,3.1,False
2023-10-11,Wednesday,10,2023-10-11 12:40,12,Leipzig Hbf,Dresden Hbf,RE,rain,False,False,False,2.9,False
2023-10-11,Wednesday,10,2023-10-11 14:07,14,Hamburg Hbf,Hannover Hbf,IC,rain,False,False,False,1.9,False
2023-10-11,Wednesday,10,2023-10-11 20:03,20,Munich Hbf,Augsburg Hbf,RE,clear,False,False,False,2.4,False
2023-10-11,Wednesday,10,2023-10-11 20:45,20,Berlin Hbf,Hamburg Hbf,ICE,rain,False,False,False,1.4,False
2023-10-11,Wednesday,10,2023-10-11 22:17,22,Cologne Hbf,Berlin Hbf,ICE,storm,False,False,False,10.7,True
2023-10-12,Thursday,10,2023-10-12 05:33,5,Frankfurt(Main) Hbf,Stuttgart Hbf,IC,clear,False,False,False,1.8,False
2023-10-12,Thursday,10,2023-10-12 08:52,8,Berlin Hbf,Hamburg Hbf,ICE,rain,False,True,False,2.0,False
2023-10-12,Thursday,10,2023-10-12 09:23,9,Frankfurt(Main) Hbf,Mainz Hbf,S-Bahn,rain,False,False,False,1.6,False
2023-10-12,Thursday,10,2023-10-12 11:22,11,Cologne Hbf,Berlin Hbf,ICE,rain,False,False,False,7.2,True
2023-10-12,Thursday,10,2023-10-12 15:27,15,Munich Hbf,Frankfurt(Main) Hbf,ICE,clear,True,False,False,4.3,False
2023-10-12,Thursday,10,2023-10-12 15:47,15,Frankfurt(Main) Hbf,Mainz Hbf,S-Bahn,clear,False,False,False,4.4,False
2023-10-12,Thursday,10,2023-10-12 17:25,17,Frankfurt(Main) Hbf,Mainz Hbf,S-Bahn,rain,False,True,False,0.6,False
2023-10-12,Thursday,10,2023-10-12 17:45,17,Cologne Hbf,Bonn Hbf,RE,clear,False,True,False,3.8,False
2023-10-13,Friday,10,2023-10-13 07:29,7,Frankfurt(Main) Hbf,Mainz Hbf,S-Bahn,rain,False,True,False,0.5,False
2023-10-13,Friday,10,2023-10-13 08:45,8,Berlin Hbf,Potsdam Hbf,S-Bahn,clear,False,True,False,3.2,False
2023-10-13,Friday,10,2023-10-13 10:00,10,Hamburg Hbf,Hannover Hbf,IC,clear,False,False,False,7.4,True
2023-10-13,Friday,10,2023-10-13 10:54,10,Munich Hbf,Frankfurt(Main) Hbf,ICE,clear,False,False,False,7.3,True
2023-10-13,Friday,10,2023-10-13 13:16,13,Frankfurt(Main) Hbf,Stuttgart Hbf,IC,rain,False,False,False,3.6,False
2023-10-13,Friday,10,2023-10-13 14:46,14,Frankfurt(Main) Hbf,Stuttgart Hbf,IC,clear,False,False,False,1.0,False
2023-10-13,Friday,10,2023-10-13 15:30,15,Berlin Hbf,Potsdam Hbf,S-Bahn,rain,False,False,False,2.7,False
2023-10-13,Friday,10,2023-10-13 16:40,16,Cologne Hbf,Berlin Hbf,ICE,clear,False,False,False,3.4,False
2023-10-13,Friday,10,2023-10-13 18:41,18,Cologne Hbf,Bonn Hbf,RE,rain,True,True,False,4.7,False
2023-10-13,Friday,10,2023-10-13 20:09,20,Frankfurt(Main) Hbf,Stuttgart Hbf,IC,storm,False,False,False,10.5,True
2023-10-13,Friday,10,2023-10-13 22:26,22,Leipzig Hbf,Dresden Hbf,RE,rain,False,False,False,2.9,False
2023-10-14,Saturday,10,2023-10-14 05:10,5,Frankfurt(Main) Hbf,Stuttgart Hbf,IC,clear,False,False,True,3.4,False
2023-10-14,Saturday,10,2023-10-14 06:19,6,Munich Hbf,Frankfurt(Main) Hbf,ICE,rain,False,False,True,6.1,True
2023-10-14,Saturday,10,2023-10-14 06:23,6,Berlin Hbf,Hamburg Hbf,ICE,clear,False,False,True,2.8,False
2023-10-14,Saturday,10,2023-10-14 07:57,7,Cologne Hbf,Bonn Hbf,RE,rain,False,True,True,3.2,False
2023-10-14,Saturday,10,2023-10-14 08:22,8,Frankfurt(Main) Hbf,Mainz Hbf,S-Bahn,rain,True,True,True,4.1,False
2023-10-14,Saturday,10,2023-10-14 10:21,10,Leipzig Hbf,Dresden Hbf,RE,rain,False,False,True,0.4,False
2023-10-14,Saturday,10,2023-10-14 10:35,10,Cologne Hbf,Berlin Hbf,ICE,clear,False,False,True,6.1,True
2023-10-14,Saturday,10,2023-10-14 11:43,11,Hamburg Hbf,Hannover Hbf,IC,clear,False,False,True,1.5,False
2023-10-14,Saturday,10,2023-10-14 13:07,13,Cologne Hbf,Bonn Hbf,RE,clear,False,False,True,1.2,False
2023-10-14,Saturday,10,2023-10-14 13:49,13,Hamburg Hbf,Hannover Hbf,IC,rain,False,False,True,1.0,False
2023-10-14,Saturday,10,2023-10-14 13:51,13,Munich Hbf,Augsburg Hbf,RE,snow,False,False,True,2.2,False
2023-10-14,Saturday,10,2023-10-14 14:09,14,Frankfurt(Main) Hbf,Stuttgart Hbf,IC,clear,False,False,True,2.3,False
2023-10-14,Saturday,10,2023-10-14 16:49,16,Hamburg Hbf,Hannover Hbf,IC,rain,False,False,True,4.8,False
2023-10-14,Saturday,10,2023-10-14 16:53,16,Cologne Hbf,Bonn Hbf,RE,rain,False,False,True,2.0,False
2023-10-14,Saturday,10,2023-10-14 16:56,16,Hamburg Hbf,Hannover Hbf,IC,rain,False,False,True,1.4,False
2023-10-14,Saturday,10,2023-10-14 17:58,17,Berlin Hbf,Hamburg Hbf,ICE,clear,False,True,True,14.5,True
2023-10-14,Saturday,10,2023-10-14 20:06,20,Frankfurt(Main) Hbf,Mainz Hbf,S-Bahn,rain,False,False,True,6.7,True
2023-10-15,Sunday,10,2023-10-15 12:40,12,Berlin Hbf,Hamburg Hbf,ICE,rain,False,False,True,5.2,True
2023-10-15,Sunday,10,2023-10-15 12:43,12,Leipzig Hbf,Dresden Hbf,RE,clear,False,False,True,0.9,False
2023-10-15,Sunday,10,2023-10-15 14:51,14,Hamburg Hbf,Hannover Hbf,IC,rain,False,False,True,1.7,False
2023-10-15,Sunday,10,2023-10-15 15:01,15,Munich Hbf,Augsburg Hbf,RE,clear,False,False,True,0.9,False
2023-10-15,Sunday,10,2023-10-15 16:14,16,Hamburg Hbf,Hannover Hbf,IC,storm,False,False,True,3.7,False
2023-10-15,Sunday,10,2023-10-15 22:17,22,Munich Hbf,Frankfurt(Main) Hbf,ICE,clear,False,False,True,5.4,True
2023-10-16,Monday,10,2023-10-16 06:01,6,Berlin Hbf,Hamburg Hbf,ICE,clear,False,False,False,1.1,False
2023-10-16,Monday,10,2023-10-16 06:31,6,Frankfurt(Main) Hbf,Stuttgart Hbf,IC,snow,False,False,False,11.9,True
2023-10-16,Monday,10,2023-10-16 06:36,6,Cologne Hbf,Bonn Hbf,RE,rain,False,False,False,0.7,False
2023-10-16,Monday,10,2023-10-16 07:15,7,Cologne Hbf,Berlin Hbf,ICE,rain,True,True,False,12.1,True
2023-10-16,Monday,10,2023-10-16 08:10,8,Frankfurt(Main) Hbf,Mainz Hbf,S-Bahn,clear,False,True,False,2.9,False
2023-10-16,Monday,10,2023-10-16 09:47,9,Frankfurt(Main) Hbf,Mainz Hbf,S-Bahn,rain,False,False,False,1.5,False
2023-10-16,Monday,10,2023-10-16 11:35,11,Frankfurt(Main) Hbf,Stuttgart Hbf,IC,rain,False,False,False,7.5,True
2023-10-16,Monday,10,2023-10-16 15:00,15,Berlin Hbf,Hamburg Hbf,ICE,rain,False,False,False,5.3,True
2023-10-16,Monday,10,2023-10-16 16:05,16,Cologne Hbf,Bonn Hbf,RE,clear,False,False,False,0.8,False
2023-10-16,Monday,10,2023-10-16 18:36,18,Munich Hbf,Augsburg Hbf,RE,clear,False,True,False,7.2,True
2023-10-16,Monday,10,2023-10-16 18:55,18,Frankfurt(Main) Hbf,Stuttgart Hbf,IC,clear,False,True,False,4.8,False
2023-10-16,Monday,10,2023-10-16 19:33,19,Berlin Hbf,Potsdam Hbf,S-Bahn,rain,False,True,False,3.5,False
2023-10-16,Monday,10,2023-10-16 19:41,19,Munich Hbf,Frankfurt(Main) Hbf,ICE,clear,False,True,False,4.6,False
2023-10-16,Monday,10,2023-10-16 20:37,20,Berlin Hbf,Hamburg Hbf,ICE,rain,False,False,False,4.6,False
2023-10-16,Monday,10,2023-10-16 20:44,20,Berlin Hbf,Potsdam Hbf,S-Bahn,clear,False,False,False,0.8,False
2023-10-16,Monday,10,2023-10-16 21:06,21,Hamburg Hbf,Hannover Hbf,IC,rain,False,False,False,3.2,False
2023-10-16,Monday,10,2023-10-16 21:42,21,Frankfurt(Main) Hbf,Stuttgart Hbf,IC,snow,False,False,False,4.7,False
2023-10-17,Tuesday,10,2023-10-17 07:23,7,Munich Hbf,Augsburg Hbf,RE,clear,False,True,False,3.2,False
2023-10-17,Tuesday,10,2023-10-17 08:31,8,Munich Hbf,Augsburg Hbf,RE,rain,False,True,False,3.3,False
2023-10-17,Tuesday,10,2023-10-17 08:53,8,Berlin Hbf,Potsdam Hbf,S-Bahn,rain,False,True,False,8.8,True
2023-10-17,Tuesday,10,2023-10-17 09:39,9,Hamburg Hbf,Hannover Hbf,IC,clear,False,False,False,3.8,False
2023-10-17,Tuesday,10,2023-10-17 11:49,11,Hamburg Hbf,Hannover Hbf,IC,snow,False,False,False,2.3,False
2023-10-17,Tuesday,10,2023-10-17 13:36,13,Berlin Hbf,Potsdam Hbf,S-Bahn,rain,False,False,False,7.7,True
2023-10-17,Tuesday,10,2023-10-17 13:51,13,Hamburg Hbf,Hannover Hbf,IC,clear,False,False,False,3.1,False
2023-10-17,Tuesday,10,2023-10-17 17:46,17,Munich Hbf,Frankfurt(Main) Hbf,ICE,clear,False,True,False,8.7,True
2023-10-17,Tuesday,10,2023-10-17 17:56,17,Berlin Hbf,Potsdam Hbf,S-Bahn,rain,False,True,False,6.0,True
2023-10-17,Tuesday,10,2023-10-17 18:45,18,Munich Hbf,Augsburg Hbf,RE,rain,False,True,False,1.9,False
2023-10-17,Tuesday,10,2023-10-17 19:06,19,Berlin Hbf,Hamburg Hbf,ICE,rain,False,True,False,6.7,True
2023-10-18,Wednesday,10,2023-10-18 05:29,5,Hamburg Hbf,Hannover Hbf,IC,rain,False,False,False,4.7,False
2023-10-18,Wednesday,10,2023-10-18 07:14,7,Cologne Hbf,Bonn Hbf,RE,clear,False,True,False,6.9,True
2023-10-18,Wednesday,10,2023-10-18 12:24,12,Berlin Hbf,Potsdam Hbf,S-Bahn,clear,False,False,False,1.9,False
2023-10-18,Wednesday,10,2023-10-18 12:59,12,Cologne Hbf,Bonn Hbf,RE,clear,False,False,False,2.4,False
2023-10-18,Wednesday,10,2023-10-18 13:48,13,Munich Hbf,Augsburg Hbf,RE,clear,False,False,False,1.0,False
2023-10-18,Wednesday,10,2023-10-18 13:56,13,Munich Hbf,Augsburg Hbf,RE,clear,True,False,False,3.0,False
2023-10-18,Wednesday,10,2023-10-18 17:24,17,Frankfurt(Main) Hbf,Stuttgart Hbf,IC,clear,False,True,False,1.0,False
2023-10-18,Wednesday,10,2023-10-18 19:09,19,Munich Hbf,Augsburg Hbf,RE,rain,False,True,False,2.6,False
2023-10-18,Wednesday,10,2023-10-18 20:08,20,Cologne Hbf,Bonn Hbf,RE,clear,False,False,False,0.7,False
2023-10-19,Thursday,10,2023-10-19 07:06,7,Frankfurt(Main) Hbf,Stuttgart Hbf,IC,clear,False,True,False,4.1,False
2023-10-19,Thursday,10,2023-10-19 13:28,13,Hamburg Hbf,Hannover Hbf,IC,clear,False,False,False,4.3,False
2023-10-19,Thursday,10,2023-10-19 16:10,16,Berlin Hbf,Potsdam Hbf,S-Bahn,clear,False,False,False,0.7,False
2023-10-19,Thursday,10,2023-10-19 17:20,17,Munich Hbf,Augsburg Hbf,RE,rain,False,True,False,0.3,False
2023-10-19,Thursday,10,2023-10-19 17:33,17,Berlin Hbf,Potsdam Hbf,S-Bahn,storm,False,True,False,1.9,False
2023-10-19,Thursday,10,2023-10-19 17:45,17,Cologne Hbf,Bonn Hbf,RE,storm,False,True,False,2.1,False
2023-10-19,Thursday,10,2023-10-19 17:52,17,Munich Hbf,Augsburg Hbf,RE,clear,False,True,False,2.8,False
2023-10-19,Thursday,10,2023-10-19 17:58,17,Munich Hbf,Frankfurt(Main) Hbf,ICE,clear,False,True,False,5.4,True
2023-10-19,Thursday,10,2023-10-19 18:23,18,Berlin Hbf,Hamburg Hbf,ICE,snow,False,True,False,12.7,True
2023-10-20,Friday,10,2023-10-20 05:52,5,Berlin Hbf,Hamburg Hbf,ICE,clear,True,False,False,1.3,False
2023-10-20,Friday,10,2023-10-20 10:20,10,Berlin Hbf,Potsdam Hbf,S-Bahn,clear,False,False,False,5.5,True
2023-10-20,Friday,10,2023-10-20 10:58,10,Munich Hbf,Augsburg Hbf,RE,storm,False,False,False,1.8,False
2023-10-20,Friday,10,2023-10-20 14:22,14,Berlin Hbf,Potsdam Hbf,S-Bahn,clear,False,False,False,62.5,True
2023-10-20,Friday,10,2023-10-20 15:57,15,Cologne Hbf,Bonn Hbf,RE,clear,False,False,False,67.5,True
2023-10-20,Friday,10,2023-10-20 17:26,17,Berlin Hbf,Hamburg Hbf,ICE,rain,False,True,False,5.1,True
2023-10-20,Friday,10,2023-10-20 20:58,20,Munich Hbf,Frankfurt(Main) Hbf,ICE,clear,False,False,False,5.9,True
2023-10-20,Friday,10,2023-10-20 21:53,21,Hamburg Hbf,Hannover Hbf,IC,clear,True,False,False,2.1,False
2023-10-21,Saturday,10,2023-10-21 06:58,6,Berlin Hbf,Potsdam Hbf,S-Bahn,clear,False,False,True,1.8,False
2023-10-21,Saturday,10,2023-10-21 07:26,7,Munich Hbf,Frankfurt(Main) Hbf,ICE,clear,False,True,True,9.5,True
2023-10-21,Saturday,10,2023-10-21 07:35,7,Munich Hbf,Augsburg Hbf,RE,clear,False,True,True,1.0,False
2023-10-21,Saturday,10,2023-10-21 08:17,8,Munich Hbf,Augsburg Hbf,RE,clear,True,True,True,1.2,False
2023-10-21,Saturday,10,2023-10-21 09:33,9,Frankfurt(Main) Hbf,Mainz Hbf,S-Bahn,clear,False,False,True,1.0,False
2023-10-21,Saturday,10,2023-10-21 11:23,11,Munich Hbf,Frankfurt(Main) Hbf,ICE,clear,False,False,True,2.0,False
2023-10-21,Saturday,10,2023-10-21 11:46,11,Leipzig Hbf,Dresden Hbf,RE,snow,False,False,True,2.5,False
2023-10-21,Saturday,10,2023-10-21 15:07,15,Munich Hbf,Augsburg Hbf,RE,rain,False,False,True,1.6,False
2023-10-21,Saturday,10,2023-10-21 16:47,16,Leipzig Hbf,Dresden Hbf,RE,storm,False,False,True,4.1,False
2023-10-21,Saturday,10,2023-10-21 18:18,18,Leipzig Hbf,Dresden Hbf,RE,storm,False,True,True,5.0,False
2023-10-21,Saturday,10,2023-10-21 19:20,19,Cologne Hbf,Bonn Hbf,RE,rain,False,True,True,1.9,False
2023-10-21,Saturday,10,2023-10-21 20:02,20,Hamburg Hbf,Hannover Hbf,IC,clear,False,False,True,3.7,False
2023-10-21,Saturday,10,2023-10-21 20:20,20,Cologne Hbf,Bonn Hbf,RE,snow,False,False,True,1.6,False
2023-10-21,Saturday,10,2023-10-21 21:09,21,Munich Hbf,Frankfurt(Main) Hbf,ICE,snow,False,False,True,6.5,True
2023-10-22,Sunday,10,2023-10-22 07:59,7,Munich Hbf,Augsburg Hbf,RE,clear,False,True,True,0.6,False
2023-10-22,Sunday,10,2023-10-22 08:01,8,Cologne Hbf,Berlin Hbf,ICE,rain,False,True,True,8.6,True
2023-10-22,Sunday,10,2023-10-22 08:27,8,Cologne Hbf,Bonn Hbf,RE,rain,False,True,True,2.4,False
2023-10-22,Sunday,10,2023-10-22 09:49,9,Munich Hbf,Augsburg Hbf,RE,clear,False,False,True,2.9,False
2023-10-22,Sunday,10,2023-10-22 10:38,10,Munich Hbf,Frankfurt(Main) Hbf,ICE,clear,False,False,True,4.9,False
2023-10-22,Sunday,10,2023-10-22 10:51,10,Berlin Hbf,Hamburg Hbf,ICE,clear,False,False,True,3.2,False
2023-10-22,Sunday,10,2023-10-22 12:50,12,Frankfurt(Main) Hbf,Stuttgart Hbf,IC,rain,False,False,True,4.3,False
2023-10-22,Sunday,10,2023-10-22 16:25,16,Leipzig Hbf,Dresden Hbf,RE,clear,False,False,True,1.1,False
2023-10-22,Sunday,10,2023-10-22 16:47,16,Berlin Hbf,Potsdam Hbf,S-Bahn,snow,False,False,True,1.8,False
2023-10-22,Sunday,10,2023-10-22 18:16,18,Hamburg Hbf,Hannover Hbf,IC,clear,False,True,True,2.7,False
2023-10-22,Sunday,10,2023-10-22 18:47,18,Hamburg Hbf,Hannover Hbf,IC,clear,True,True,True,2.3,False
2023-10-22,Sunday,10,2023-10-22 22:06,22,Leipzig Hbf,Dresden Hbf,RE,rain,False,False,True,1.3,False
2023-10-22,Sunday,10,2023-10-22 22:48,22,Munich Hbf,Augsburg Hbf,RE,clear,False,False,True,2.3,False
2023-10-23,Monday,10,2023-10-23 07:31,7,Cologne Hbf,Berlin Hbf,ICE,clear,False,True,False,6.4,True
2023-10-23,Monday,10,2023-10-23 09:00,9,Munich Hbf,Augsburg Hbf,RE,clear,False,False,False,0.7,False
2023-10-23,Monday,10,2023-10-23 09:06,9,Frankfurt(Main) Hbf,Mainz Hbf,S-Bahn,clear,False,False,False,2.4,False
2023-10-23,Monday,10,2023-10-23 09:47,9,Frankfurt(Main) Hbf,Mainz Hbf,S-Bahn,rain,False,False,False,2.4,False
2023-10-23,Monday,10,2023-10-23 09:50,9,Leipzig Hbf,Dresden Hbf,RE,clear,False,False,False,1.0,False
2023-10-23,Monday,10,2023-10-23 11:24,11,Frankfurt(Main) Hbf,Stuttgart Hbf,IC,clear,False,False,False,0.7,False
2023-10-23,Monday,10,2023-10-23 14:08,14,Munich Hbf,Frankfurt(Main) Hbf,ICE,snow,False,False,False,6.5,True
2023-10-23,Monday,10,2023-10-23 16:14,16,Munich Hbf,Augsburg Hbf,RE,clear,False,False,False,4.4,False
2023-10-23,Monday,10,2023-10-23 16:23,16,Frankfurt(Main) Hbf,Mainz Hbf,S-Bahn,clear,False,False,False,3.7,False
2023-10-23,Monday,10,2023-10-23 21:12,21,Hamburg Hbf,Hannover Hbf,IC,rain,False,False,False,3.6,False
2023-10-24,Tuesday,10,2023-10-24 05:40,5,Munich Hbf,Frankfurt(Main) Hbf,ICE,clear,False,False,False,2.1,False
2023-10-24,Tuesday,10,2023-10-24 06:58,6,Berlin Hbf,Potsdam Hbf,S-Bahn,clear,False,False,False,1.9,False
2023-10-24,Tuesday,10,2023-10-24 08:10,8,Leipzig Hbf,Dresden Hbf,RE,clear,False,True,False,3.7,False
2023-10-24,Tuesday,10,2023-10-24 10:34,10,Munich Hbf,Frankfurt(Main) Hbf,ICE,clear,False,False,False,3.5,False
2023-10-24,Tuesday,10,2023-10-24 10:49,10,Munich Hbf,Augsburg Hbf,RE,rain,False,False,False,50.8,True
2023-10-24,Tuesday,10,2023-10-24 11:44,11,Cologne Hbf,Bonn Hbf,RE,rain,True,False,False,1.6,False
2023-10-24,Tuesday,10,2023-10-24 13:06,13,Frankfurt(Main) Hbf,Mainz Hbf,S-Bahn,clear,True,False,False,1.5,False
2023-10-24,Tuesday,10,2023-10-24 14:45,14,Frankfurt(Main) Hbf,Mainz Hbf,S-Bahn,clear,False,False,False,2.2,False
2023-10-24,Tuesday,10,2023-10-24 15:20,15,Frankfurt(Main) Hbf,Mainz Hbf,S-Bahn,rain,False,False,False,31.4,True
2023-10-24,Tuesday,10,2023-10-24 15:45,15,Hamburg Hbf,Hannover Hbf,IC,clear,False,False,False,0.4,False
2023-10-24,Tuesday,10,2023-10-24 16:18,16,Berlin Hbf,Hamburg Hbf,ICE,clear,False,False,False,1.0,False
2023-10-24,Tuesday,10,2023-10-24 16:40,16,Frankfurt(Main) Hbf,Stuttgart Hbf,IC,storm,False,False,False,5.9,True
2023-10-24,Tuesday,10,2023-10-24 16:44,16,Cologne Hbf,Berlin Hbf,ICE,clear,False,False,False,5.8,True
2023-10-24,Tuesday,10,2023-10-24 17:35,17,Berlin Hbf,Potsdam Hbf,S-Bahn,clear,False,True,False,2.5,False
2023-10-24,Tuesday,10,2023-10-24 18:00,18,Cologne Hbf,Bonn Hbf,RE,snow,True,True,False,6.1,True
2023-10-24,Tuesday,10,2023-10-24 20:05,20,Cologne Hbf,Berlin Hbf,ICE,clear,False,False,False,4.2,False
2023-10-24,Tuesday,10,2023-10-24 21:17,21,Berlin Hbf,Hamburg Hbf,ICE,clear,False,False,False,2.8,False
2023-10-25,Wednesday,10,2023-10-25 05:39,5,Berlin Hbf,Potsdam Hbf,S-Bahn,clear,False,False,False,1.1,False
2023-10-25,Wednesday,10,2023-10-25 07:31,7,Frankfurt(Main) Hbf,Stuttgart Hbf,IC,rain,False,True,False,2.4,False
2023-10-25,Wednesday,10,2023-10-25 07:33,7,Leipzig Hbf,Dresden Hbf,RE,rain,False,True,False,1.0,False
2023-10-25,Wednesday,10,2023-10-25 08:32,8,Munich Hbf,Frankfurt(Main) Hbf,ICE,storm,False,True,False,8.7,True
2023-10-25,Wednesday,10,2023-10-25 08:51,8,Munich Hbf,Frankfurt(Main) Hbf,ICE,rain,False,True,False,8.1,True
2023-10-25,Wednesday,10,2023-10-25 18:47,18,Munich Hbf,Augsburg Hbf,RE,rain,False,True,False,1.2,False
2023-10-25,Wednesday,10,2023-10-25 19:09,19,Hamburg Hbf,Hannover Hbf,IC,clear,False,True,False,2.4,False
2023-10-25,Wednesday,10,2023-10-25 19:36,19,Cologne Hbf,Berlin Hbf,ICE,clear,False,True,False,3.6,False
2023-10-25,Wednesday,10,2023-10-25 19:41,19,Cologne Hbf,Bonn Hbf,RE,clear,True,True,False,2.5,False
2023-10-25,Wednesday,10,2023-10-25 21:52,21,Munich Hbf,Frankfurt(Main) Hbf,ICE,rain,False,False,False,3.6,False
2023-10-26,Thursday,10,2023-10-26 07:46,7,Munich Hbf,Augsburg Hbf,RE,rain,False,True,False,2.8,False
2023-10-26,Thursday,10,2023-10-26 09:36,9,Munich Hbf,Frankfurt(Main) Hbf,ICE,clear,False,False,False,4.5,False
2023-10-26,Thursday,10,2023-10-26 11:06,11,Hamburg Hbf,Hannover Hbf,IC,storm,False,False,False,2.9,False
2023-10-26,Thursday,10,2023-10-26 11:53,11,Hamburg Hbf,Hannover Hbf,IC,storm,False,False,False,5.3,True
2023-10-26,Thursday,10,2023-10-26 14:42,14,Munich Hbf,Frankfurt(Main) Hbf,ICE,rain,False,False,False,12.0,True
2023-10-26,Thursday,10,2023-10-26 14:58,14,Cologne Hbf,Berlin Hbf,ICE,clear,False,False,False,2.7,False
2023-10-26,Thursday,10,2023-10-26 16:03,16,Hamburg Hbf,Hannover Hbf,IC,storm,False,False,False,4.4,False
2023-10-26,Thursday,10,2023-10-26 16:22,16,Frankfurt(Main) Hbf,Mainz Hbf,S-Bahn,clear,False,False,False,3.0,False
2023-10-26,Thursday,10,2023-10-26 17:31,17,Cologne Hbf,Bonn Hbf,RE,clear,False,True,False,1.5,False
2023-10-26,Thursday,10,2023-10-26 19:25,19,Frankfurt(Main) Hbf,Mainz Hbf,S-Bahn,rain,False,True,False,1.3,False
2023-10-26,Thursday,10,2023-10-26 21:23,21,Munich Hbf,Frankfurt(Main) Hbf,ICE,rain,False,False,False,6.7,True
2023-10-26,Thursday,10,2023-10-26 21:50,21,Frankfurt(Main) Hbf,Stuttgart Hbf,IC,rain,False,False,False,7.3,True
2023-10-26,Thursday,10,2023-10-26 22:16,22,Frankfurt(Main) Hbf,Stuttgart Hbf,IC,clear,False,False,False,4.6,False
2023-10-27,Friday,10,2023-10-27 07:33,7,Leipzig Hbf,Dresden Hbf,RE,rain,False,True,False,5.2,True
2023-10-27,Friday,10,2023-10-27 08:32,8,Cologne Hbf,Bonn Hbf,RE,storm,False,True,False,3.7,False
2023-10-27,Friday,10,2023-10-27 10:01,10,Leipzig Hbf,Dresden Hbf,RE,storm,False,False,False,1.5,False
2023-10-27,Friday,10,2023-10-27 13:28,13,Hamburg Hbf,Hannover Hbf,IC,snow,False,False,False,7.0,True
2023-10-27,Friday,10,2023-10-27 16:07,16,Munich Hbf,Augsburg Hbf,RE,storm,False,False,False,1.7,False
2023-10-27,Friday,10,2023-10-27 16:59,16,Frankfurt(Main) Hbf,Stuttgart Hbf,IC,clear,False,False,False,3.7,False
2023-10-27,Friday,10,2023-10-27 17:00,17,Berlin Hbf,Potsdam Hbf,S-Bahn,clear,False,True,False,2.1,False
2023-10-27,Friday,10,2023-10-27 19:35,19,Frankfurt(Main) Hbf,Mainz Hbf,S-Bahn,rain,False,True,False,1.5,False
2023-10-27,Friday,10,2023-10-27 22:55,22,Berlin Hbf,Hamburg Hbf,ICE,snow,False,False,False,11.3,True
2023-10-28,Saturday,10,2023-10-28 06:22,6,Hamburg Hbf,Hannover Hbf,IC,clear,False,False,True,2.7,False
2023-10-28,Saturday,10,2023-10-28 07:28,7,Munich Hbf,Augsburg Hbf,RE,clear,False,True,True,2.4,False
2023-10-28,Saturday,10,2023-10-28 11:11,11,Munich Hbf,Frankfurt(Main) Hbf,ICE,rain,True,False,True,5.5,True
2023-10-28,Saturday,10,2023-10-28 11:25,11,Leipzig Hbf,Dresden Hbf,RE,storm,True,False,True,3.4,False
2023-10-28,Saturday,10,2023-10-28 12:02,12,Leipzig Hbf,Dresden Hbf,RE,snow,True,False,True,4.3,False
2023-10-28,Saturday,10,2023-10-28 12:47,12,Berlin Hbf,Hamburg Hbf,ICE,clear,True,False,True,5.5,True
2023-10-28,Saturday,10,2023-10-28 14:45,14,Frankfurt(Main) Hbf,Stuttgart Hbf,IC,storm,False,False,True,7.8,True
2023-10-28,Saturday,10,2023-10-28 16:45,16,Frankfurt(Main) Hbf,Mainz Hbf,S-Bahn,clear,True,False,True,4.0,False
2023-10-28,Saturday,10,2023-10-28 17:10,17,Frankfurt(Main) Hbf,Mainz Hbf,S-Bahn,clear,False,True,True,3.6,False
2023-10-28,Saturday,10,2023-10-28 17:20,17,Frankfurt(Main) Hbf,Mainz Hbf,S-Bahn,snow,False,True,True,2.1,False
2023-10-28,Saturday,10,2023-10-28 20:06,20,Frankfurt(Main) Hbf,Mainz Hbf,S-Bahn,clear,True,False,True,1.0,False
2023-10-29,Sunday,10,2023-10-29 05:50,5,Frankfurt(Main) Hbf,Stuttgart Hbf,IC,clear,False,False,True,1.4,False
2023-10-29,Sunday,10,2023-10-29 06:40,6,Cologne Hbf,Berlin Hbf,ICE,rain,False,False,True,6.4,True
2023-10-29,Sunday,10,2023-10-29 08:07,8,Munich Hbf,Frankfurt(Main) Hbf,ICE,clear,False,True,True,5.7,True
2023-10-29,Sunday,10,2023-10-29 09:02,9,Berlin Hbf,Potsdam Hbf,S-Bahn,rain,False,False,True,2.3,False
2023-10-29,Sunday,10,2023-10-29 12:25,12,Berlin Hbf,Potsdam Hbf,S-Bahn,rain,False,False,True,2.5,False
2023-10-29,Sunday,10,2023-10-29 13:08,13,Cologne Hbf,Bonn Hbf,RE,clear,False,False,True,1.7,False
2023-10-29,Sunday,10,2023-10-29 13:31,13,Munich Hbf,Frankfurt(Main) Hbf,ICE,rain,False,False,True,2.4,False
2023-10-29,Sunday,10,2023-10-29 14:28,14,Munich Hbf,Frankfurt(Main) Hbf,ICE,clear,True,False,True,10.6,True
2023-10-29,Sunday,10,2023-10-29 15:46,15,Leipzig Hbf,Dresden Hbf,RE,rain,False,False,True,2.6,False
2023-10-29,Sunday,10,2023-10-29 16:19,16,Munich Hbf,Augsburg Hbf,RE,rain,False,False,True,3.6,False
2023-10-29,Sunday,10,2023-10-29 17:09,17,Munich Hbf,Frankfurt(Main) Hbf,ICE,clear,True,True,True,6.0,True
2023-10-29,Sunday,10,2023-10-29 19:08,19,Berlin Hbf,Hamburg Hbf,ICE,storm,False,True,True,4.1,False
2023-10-29,Sunday,10,2023-10-29 20:46,20,Hamburg Hbf,Hannover Hbf,IC,rain,False,False,True,5.3,True
2023-10-29,Sunday,10,2023-10-29 22:36,22,Frankfurt(Main) Hbf,Mainz Hbf,S-Bahn,rain,False,False,True,6.0,True
2023-10-30,Monday,10,2023-10-30 08:02,8,Cologne Hbf,Berlin Hbf,ICE,clear,False,True,False,6.2,True
2023-10-30,Monday,10,2023-10-30 08:08,8,Hamburg Hbf,Hannover Hbf,IC,rain,False,True,False,9.3,True
2023-10-30,Monday,10,2023-10-30 08:22,8,Berlin Hbf,Potsdam Hbf,S-Bahn,clear,True,True,False,0.3,False
2023-10-30,Monday,10,2023-10-30 10:59,10,Cologne Hbf,Berlin Hbf,ICE,clear,False,False,False,3.2,False
2023-10-30,Monday,10,2023-10-30 12:50,12,Frankfurt(Main) Hbf,Stuttgart Hbf,IC,rain,False,False,False,3.3,False
2023-10-30,Monday,10,2023-10-30 20:44,20,Munich Hbf,Frankfurt(Main) Hbf,ICE,clear,False,False,False,2.2,False
2023-10-31,Tuesday,10,2023-10-31 07:20,7,Frankfurt(Main) Hbf,Mainz Hbf,S-Bahn,clear,False,True,False,1.6,False
2023-10-31,Tuesday,10,2023-10-31 09:57,9,Leipzig Hbf,Dresden Hbf,RE,rain,True,False,False,4.2,False
2023-10-31,Tuesday,10,2023-10-31 10:46,10,Berlin Hbf,Hamburg Hbf,ICE,clear,False,False,False,1.2,False
2023-10-31,Tuesday,10,2023-10-31 12:18,12,Leipzig Hbf,Dresden Hbf,RE,clear,False,False,False,2.0,False
2023-10-31,Tuesday,10,2023-10-31 12:20,12,Frankfurt(Main) Hbf,Mainz Hbf,S-Bahn,rain,False,False,False,0.7,False
2023-10-31,Tuesday,10,2023-10-31 14:17,14,Munich Hbf,Augsburg Hbf,RE,clear,False,False,False,3.0,False
2023-10-31,Tuesday,10,2023-10-31 15:23,15,Munich Hbf,Augsburg Hbf,RE,storm,False,False,False,3.5,False
2023-10-31,Tuesday,10,2023-10-31 16:04,16,Munich Hbf,Augsburg Hbf,RE,storm,False,False,False,0.0,False
2023-10-31,Tuesday,10,2023-10-31 16:43,16,Frankfurt(Main) Hbf,Stuttgart Hbf,IC,rain,False,False,False,2.0,False
2023-10-31,Tuesday,10,2023-10-31 16:49,16,Munich Hbf,Augsburg Hbf,RE,clear,True,False,False,5.7,True
2023-10-31,Tuesday,10,2023-10-31 17:19,17,Frankfurt(Main) Hbf,Mainz Hbf,S-Bahn,rain,False,True,False,2.5,False
2023-10-31,Tuesday,10,2023-10-31 17:22,17,Berlin Hbf,Hamburg Hbf,ICE,rain,False,True,False,10.4,True
2023-10-31,Tuesday,10,2023-10-31 18:22,18,Cologne Hbf,Berlin Hbf,ICE,rain,False,True,False,13.1,True
2023-10-31,Tuesday,10,2023-10-31 18:30,18,Hamburg Hbf,Hannover Hbf,IC,clear,False,True,False,1.2,False
2023-10-31,Tuesday,10,2023-10-31 20:53,20,Munich Hbf,Frankfurt(Main) Hbf,ICE,snow,False,False,False,10.4,True
2023-11-01,Wednesday,11,2023-11-01 06:31,6,Munich Hbf,Frankfurt(Main) Hbf,ICE,clear,False,False,False,8.1,True
2023-11-01,Wednesday,11,2023-11-01 07:12,7,Berlin Hbf,Hamburg Hbf,ICE,clear,False,True,False,3.9,False
2023-11-01,Wednesday,11,2023-11-01 08:00,8,Leipzig Hbf,Dresden Hbf,RE,clear,False,True,False,1.6,False
2023-11-01,Wednesday,11,2023-11-01 09:49,9,Hamburg Hbf,Hannover Hbf,IC,storm,False,False,False,3.5,False
2023-11-01,Wednesday,11,2023-11-01 09:56,9,Berlin Hbf,Potsdam Hbf,S-Bahn,rain,False,False,False,0.3,False
2023-11-01,Wednesday,11,2023-11-01 10:13,10,Frankfurt(Main) Hbf,Stuttgart Hbf,IC,clear,False,False,False,4.5,False
2023-11-01,Wednesday,11,2023-11-01 16:21,16,Cologne Hbf,Bonn Hbf,RE,rain,True,False,False,4.4,False
2023-11-01,Wednesday,11,2023-11-01 17:13,17,Munich Hbf,Augsburg Hbf,RE,rain,False,True,False,1.2,False
2023-11-01,Wednesday,11,2023-11-01 17:55,17,Berlin Hbf,Potsdam Hbf,S-Bahn,rain,False,True,False,4.3,False
2023-11-01,Wednesday,11,2023-11-01 19:38,19,Frankfurt(Main) Hbf,Stuttgart Hbf,IC,snow,False,True,False,8.5,True
2023-11-01,Wednesday,11,2023-11-01 19:46,19,Frankfurt(Main) Hbf,Stuttgart Hbf,IC,clear,False,True,False,62.4,True
2023-11-02,Thursday,11,2023-11-02 05:34,5,Cologne Hbf,Berlin Hbf,ICE,snow,False,False,False,10.6,True
2023-11-02,Thursday,11,2023-11-02 05:46,5,Munich Hbf,Augsburg Hbf,RE,clear,False,False,False,3.5,False
2023-11-02,Thursday,11,2023-11-02 06:53,6,Hamburg Hbf,Hannover Hbf,IC,clear,False,False,False,8.1,True
2023-11-02,Thursday,11,2023-11-02 08:20,8,Frankfurt(Main) Hbf,Mainz Hbf,S-Bahn,clear,False,True,False,2.7,False
2023-11-02,Thursday,11,2023-11-02 10:22,10,Frankfurt(Main) Hbf,Stuttgart Hbf,IC,snow,False,False,False,3.3,False
2023-11-02,Thursday,11,2023-11-02 11:43,11,Cologne Hbf,Bonn Hbf,RE,storm,False,False,False,3.3,False
2023-11-02,Thursday,11,2023-11-02 15:37,15,Cologne Hbf,Berlin Hbf,ICE,rain,False,False,False,5.9,True
2023-11-02,Thursday,11,2023-11-02 16:00,16,Berlin Hbf,Hamburg Hbf,ICE,snow,False,False,False,6.1,True
2023-11-02,Thursday,11,2023-11-02 16:15,16,Leipzig Hbf,Dresden Hbf,RE,snow,False,False,False,3.6,False
2023-11-02,Thursday,11,2023-11-02 16:55,16,Frankfurt(Main) Hbf,Stuttgart Hbf,IC,clear,False,False,False,4.5,False
2023-11-02,Thursday,11,2023-11-02 17:10,17,Leipzig Hbf,Dresden Hbf,RE,clear,False,True,False,1.7,False
2023-11-02,Thursday,11,2023-11-02 17:30,17,Cologne Hbf,Bonn Hbf,RE,clear,False,True,False,1.5,False
2023-11-02,Thursday,11,2023-11-02 17:41,17,Cologne Hbf,Bonn Hbf,RE,snow,False,True,False,2.7,False
2023-11-02,Thursday,11,2023-11-02 18:03,18,Munich Hbf,Augsburg Hbf,RE,rain,False,True,False,2.5,False
2023-11-02,Thursday,11,2023-11-02 18:04,18,Munich Hbf,Frankfurt(Main) Hbf,ICE,snow,False,True,False,17.9,True
2023-11-02,Thursday,11,2023-11-02 18:33,18,Leipzig Hbf,Dresden Hbf,RE,clear,False,True,False,3.7,False
2023-11-02,Thursday,11,2023-11-02 18:47,18,Munich Hbf,Augsburg Hbf,RE,clear,False,True,False,2.3,False
2023-11-02,Thursday,11,2023-11-02 19:53,19,Cologne Hbf,Berlin Hbf,ICE,snow,True,True,False,14.6,True
2023-11-02,Thursday,11,2023-11-02 20:16,20,Berlin Hbf,Hamburg Hbf,ICE,storm,False,False,False,4.7,False
2023-11-03,Friday,11,2023-11-03 05:30,5,Cologne Hbf,Berlin Hbf,ICE,rain,False,False,False,5.7,True
2023-11-03,Friday,11,2023-11-03 06:54,6,Berlin Hbf,Potsdam Hbf,S-Bahn,clear,False,False,False,0.9,False
2023-11-03,Friday,11,2023-11-03 08:04,8,Frankfurt(Main) Hbf,Mainz Hbf,S-Bahn,clear,False,True,False,2.4,False
2023-11-03,Friday,11,2023-11-03 11:29,11,Cologne Hbf,Berlin Hbf,ICE,snow,False,False,False,21.7,True
2023-11-03,Friday,11,2023-11-03 11:37,11,Cologne Hbf,Berlin Hbf,ICE,clear,False,False,False,5.4,True
2023-11-03,Friday,11,2023-11-03 16:52,16,Munich Hbf,Frankfurt(Main) Hbf,ICE,clear,False,False,False,8.3,True
2023-11-03,Friday,11,2023-11-03 17:14,17,Cologne Hbf,Bonn Hbf,RE,clear,False,True,False,1.1,False
2023-11-03,Friday,11,2023-11-03 22:27,22,Berlin Hbf,Hamburg Hbf,ICE,clear,False,False,False,3.1,False
2023-11-04,Saturday,11,2023-11-04 06:20,6,Frankfurt(Main) Hbf,Mainz Hbf,S-Bahn,rain,False,False,True,1.2,False
2023-11-04,Saturday,11,2023-11-04 07:52,7,Munich Hbf,Frankfurt(Main) Hbf,ICE,clear,False,True,True,4.7,False
2023-11-04,Saturday,11,2023-11-04 09:22,9,Hamburg Hbf,Hannover Hbf,IC,rain,False,False,True,1.1,False
2023-11-04,Saturday,11,2023-11-04 09:38,9,Berlin Hbf,Hamburg Hbf,ICE,snow,False,False,True,5.7,True
2023-11-04,Saturday,11,2023-11-04 12:40,12,Berlin Hbf,Potsdam Hbf,S-Bahn,rain,False,False,True,0.9,False
2023-11-04,Saturday,11,2023-11-04 12:46,12,Leipzig Hbf,Dresden Hbf,RE,clear,False,False,True,0.2,False
2023-11-04,Saturday,11,2023-11-04 14:07,14,Cologne Hbf,Berlin Hbf,ICE,clear,False,False,True,0.7,False
2023-11-04,Saturday,11,2023-11-04 18:51,18,Berlin Hbf,Hamburg Hbf,ICE,rain,False,True,True,4.8,False
2023-11-05,Sunday,11,2023-11-05 07:08,7,Leipzig Hbf,Dresden Hbf,RE,clear,True,True,True,3.6,False
2023-11-05,Sunday,11,2023-11-05 07:27,7,Cologne Hbf,Bonn Hbf,RE,clear,False,True,True,0.8,False
2023-11-05,Sunday,11,2023-11-05 07:48,7,Cologne Hbf,Bonn Hbf,RE,rain,False,True,True,4.3,False
2023-11-05,Sunday,11,2023-11-05 10:18,10,Berlin Hbf,Potsdam Hbf,S-Bahn,snow,False,False,True,0.6,False
2023-11-05,Sunday,11,2023-11-05 11:20,11,Frankfurt(Main) Hbf,Mainz Hbf,S-Bahn,rain,False,False,True,1.3,False
2023-11-05,Sunday,11,2023-11-05 12:04,12,Hamburg Hbf,Hannover Hbf,IC,rain,False,False,True,4.9,False
2023-11-05,Sunday,11,2023-11-05 12:41,12,Berlin Hbf,Potsdam Hbf,S-Bahn,clear,False,False,True,3.0,False
2023-11-05,Sunday,11,2023-11-05 13:41,13,Hamburg Hbf,Hannover Hbf,IC,rain,False,False,True,4.5,False
2023-11-05,Sunday,11,2023-11-05 15:17,15,Berlin Hbf,Hamburg Hbf,ICE,rain,False,False,True,2.4,False
2023-11-05,Sunday,11,2023-11-05 17:23,17,Munich Hbf,Augsburg Hbf,RE,rain,True,True,True,3.1,False
2023-11-05,Sunday,11,2023-11-05 19:08,19,Frankfurt(Main) Hbf,Stuttgart Hbf,IC,rain,False,True,True,1.5,False
2023-11-05,Sunday,11,2023-11-05 21:55,21,Frankfurt(Main) Hbf,Stuttgart Hbf,IC,snow,False,False,True,4.2,False
2023-11-05,Sunday,11,2023-11-05 22:00,22,Frankfurt(Main) Hbf,Stuttgart Hbf,IC,snow,False,False,True,3.4,False
2023-11-06,Monday,11,2023-11-06 05:10,5,Berlin Hbf,Hamburg Hbf,ICE,snow,False,False,False,8.1,True
2023-11-06,Monday,11,2023-11-06 09:25,9,Berlin Hbf,Hamburg Hbf,ICE,rain,True,False,False,8.5,True
2023-11-06,Monday,11,2023-11-06 10:23,10,Munich Hbf,Frankfurt(Main) Hbf,ICE,snow,False,False,False,11.0,True
2023-11-06,Monday,11,2023-11-06 10:35,10,Hamburg Hbf,Hannover Hbf,IC,snow,False,False,False,5.6,True
2023-11-06,Monday,11,2023-11-06 15:41,15,Munich Hbf,Augsburg Hbf,RE,clear,False,False,False,0.8,False
2023-11-06,Monday,11,2023-11-06 16:36,16,Cologne Hbf,Berlin Hbf,ICE,rain,False,False,False,8.5,True
2023-11-06,Monday,11,2023-11-06 17:29,17,Cologne Hbf,Bonn Hbf,RE,rain,False,True,False,1.1,False
2023-11-06,Monday,11,2023-11-06 18:41,18,Frankfurt(Main) Hbf,Stuttgart Hbf,IC,rain,False,True,False,5.1,True
2023-11-06,Monday,11,2023-11-06 19:35,19,Frankfurt(Main) Hbf,Stuttgart Hbf,IC,snow,False,True,False,8.8,True
2023-11-06,Monday,11,2023-11-06 20:21,20,Frankfurt(Main) Hbf,Mainz Hbf,S-Bahn,clear,False,False,False,1.6,False
2023-11-06,Monday,11,2023-11-06 21:38,21,Berlin Hbf,Hamburg Hbf,ICE,snow,False,False,False,2.2,False
2023-11-06,Monday,11,2023-11-06 22:14,22,Munich Hbf,Frankfurt(Main) Hbf,ICE,rain,False,False,False,9.2,True
2023-11-07,Tuesday,11,2023-11-07 06:07,6,Munich Hbf,Augsburg Hbf,RE,snow,False,False,False,9.2,True
2023-11-07,Tuesday,11,2023-11-07 06:39,6,Hamburg Hbf,Hannover Hbf,IC,clear,False,False,False,3.0,False
2023-11-07,Tuesday,11,2023-11-07 07:49,7,Leipzig Hbf,Dresden Hbf,RE,snow,False,True,False,4.6,False
2023-11-07,Tuesday,11,2023-11-07 07:57,7,Munich Hbf,Augsburg Hbf,RE,clear,False,True,False,2.1,False
2023-11-07,Tuesday,11,2023-11-07 08:43,8,Berlin Hbf,Potsdam Hbf,S-Bahn,clear,False,True,False,1.2,False
2023-11-07,Tuesday,11,2023-11-07 08:53,8,Munich Hbf,Augsburg Hbf,RE,rain,False,True,False,1.7,False
2023-11-07,Tuesday,11,2023-11-07 09:30,9,Frankfurt(Main) Hbf,Mainz Hbf,S-Bahn,clear,False,False,False,3.7,False
2023-11-07,Tuesday,11,2023-11-07 11:15,11,Cologne Hbf,Bonn Hbf,RE,clear,False,False,False,1.0,False
2023-11-07,Tuesday,11,2023-11-07 13:54,13,Frankfurt(Main) Hbf,Stuttgart Hbf,IC,rain,False,False,False,2.5,False
2023-11-07,Tuesday,11,2023-11-07 14:43,14,Berlin Hbf,Potsdam Hbf,S-Bahn,rain,False,False,False,1.2,False
2023-11-07,Tuesday,11,2023-11-07 15:16,15,Berlin Hbf,Potsdam Hbf,S-Bahn,rain,False,False,False,1.4,False
2023-11-07,Tuesday,11,2023-11-07 15:57,15,Cologne Hbf,Bonn Hbf,RE,snow,False,False,False,3.0,False
2023-11-07,Tuesday,11,2023-11-07 16:25,16,Munich Hbf,Frankfurt(Main) Hbf,ICE,snow,False,False,False,3.4,False
2023-11-07,Tuesday,11,2023-11-07 19:00,19,Munich Hbf,Augsburg Hbf,RE,rain,False,True,False,1.5,False
2023-11-07,Tuesday,11,2023-11-07 19:44,19,Berlin Hbf,Potsdam Hbf,S-Bahn,clear,False,True,False,2.3,False
2023-11-07,Tuesday,11,2023-11-07 19:54,19,Munich Hbf,Augsburg Hbf,RE,rain,False,True,False,0.7,False
2023-11-08,Wednesday,11,2023-11-08 06:59,6,Berlin Hbf,Hamburg Hbf,ICE,clear,False,False,False,3.8,False
2023-11-08,Wednesday,11,2023-11-08 09:28,9,Cologne Hbf,Bonn Hbf,RE,rain,True,False,False,3.6,False
2023-11-08,Wednesday,11,2023-11-08 09:45,9,Berlin Hbf,Potsdam Hbf,S-Bahn,clear,False,False,False,2.3,False
2023-11-08,Wednesday,11,2023-11-08 11:05,11,Hamburg Hbf,Hannover Hbf,IC,rain,True,False,False,4.7,False
2023-11-08,Wednesday,11,2023-11-08 13:10,13,Berlin Hbf,Hamburg Hbf,ICE,rain,False,False,False,6.7,True
2023-11-08,Wednesday,11,2023-11-08 13:52,13,Hamburg Hbf,Hannover Hbf,IC,clear,False,False,False,1.4,False
2023-11-08,Wednesday,11,2023-11-08 15:43,15,Hamburg Hbf,Hannover Hbf,IC,clear,False,False,False,2.7,False
2023-11-08,Wednesday,11,2023-11-08 16:18,16,Munich Hbf,Frankfurt(Main) Hbf,ICE,clear,False,False,False,1.1,False
2023-11-08,Wednesday,11,2023-11-08 17:08,17,Cologne Hbf,Bonn Hbf,RE,rain,False,True,False,1.6,False
2023-11-08,Wednesday,11,2023-11-08 17:44,17,Berlin Hbf,Hamburg Hbf,ICE,rain,False,True,False,5.9,True
2023-11-08,Wednesday,11,2023-11-08 19:44,19,Hamburg Hbf,Hannover Hbf,IC,clear,True,True,False,8.6,True
2023-11-08,Wednesday,11,2023-11-08 20:32,20,Berlin Hbf,Potsdam Hbf,S-Bahn,clear,False,False,False,0.9,False
2023-11-09,Thursday,11,2023-11-09 07:39,7,Cologne Hbf,Bonn Hbf,RE,clear,False,True,False,2.5,False
2023-11-09,Thursday,11,2023-11-09 08:31,8,Berlin Hbf,Potsdam Hbf,S-Bahn,clear,False,True,False,0.5,False
2023-11-09,Thursday,11,2023-11-09 08:42,8,Munich Hbf,Augsburg Hbf,RE,clear,False,True,False,0.6,False
2023-11-09,Thursday,11,2023-11-09 10:20,10,Munich Hbf,Augsburg Hbf,RE,rain,False,False,False,0.6,False
2023-11-09,Thursday,11,2023-11-09 15:27,15,Berlin Hbf,Potsdam Hbf,S-Bahn,clear,False,False,False,0.3,False
2023-11-09,Thursday,11,2023-11-09 17:03,17,Munich Hbf,Frankfurt(Main) Hbf,ICE,clear,False,True,False,4.5,False
2023-11-09,Thursday,11,2023-11-09 17:32,17,Berlin Hbf,Potsdam Hbf,S-Bahn,storm,False,True,False,0.5,False
2023-11-09,Thursday,11,2023-11-09 21:40,21,Berlin Hbf,Potsdam Hbf,S-Bahn,clear,False,False,False,3.8,False
2023-11-10,Friday,11,2023-11-10 05:23,5,Leipzig Hbf,Dresden Hbf,RE,clear,False,False,False,1.1,False
2023-11-10,Friday,11,2023-11-10 06:26,6,Munich Hbf,Frankfurt(Main) Hbf,ICE,clear,False,False,False,5.6,True
2023-11-10,Friday,11,2023-11-10 07:50,7,Munich Hbf,Frankfurt(Main) Hbf,ICE,clear,True,True,False,8.0,True
2023-11-10,Friday,11,2023-11-10 08:28,8,Cologne Hbf,Bonn Hbf,RE,snow,True,True,False,7.1,True
2023-11-10,Friday,11,2023-11-10 08:52,8,Leipzig Hbf,Dresden Hbf,RE,rain,False,True,False,1.9,False
2023-11-10,Friday,11,2023-11-10 10:56,10,Frankfurt(Main) Hbf,Stuttgart Hbf,IC,clear,False,False,False,2.1,False
2023-11-10,Friday,11,2023-11-10 11:53,11,Berlin Hbf,Hamburg Hbf,ICE,clear,True,False,False,3.5,False
2023-11-10,Friday,11,2023-11-10 15:36,15,Frankfurt(Main) Hbf,Stuttgart Hbf,IC,clear,True,False,False,5.0,False
2023-11-10,Friday,11,2023-11-10 15:49,15,Frankfurt(Main) Hbf,Stuttgart Hbf,IC,clear,False,False,False,2.3,False
2023-11-10,Friday,11,2023-11-10 15:57,15,Berlin Hbf,Hamburg Hbf,ICE,clear,False,False,False,2.5,False
2023-11-10,Friday,11,2023-11-10 17:07,17,Munich Hbf,Augsburg Hbf,RE,clear,False,True,False,0.1,False
2023-11-10,Friday,11,2023-11-10 17:12,17,Munich Hbf,Frankfurt(Main) Hbf,ICE,snow,False,True,False,24.5,True
2023-11-10,Friday,11,2023-11-10 17:18,17,Munich Hbf,Frankfurt(Main) Hbf,ICE,snow,False,True,False,16.4,True
2023-11-10,Friday,11,2023-11-10 17:24,17,Berlin Hbf,Potsdam Hbf,S-Bahn,clear,False,True,False,0.8,False
2023-11-10,Friday,11,2023-11-10 18:41,18,Cologne Hbf,Bonn Hbf,RE,snow,False,True,False,4.2,False
2023-11-10,Friday,11,2023-11-10 19:54,19,Berlin Hbf,Hamburg Hbf,ICE,clear,False,True,False,7.3,True
2023-11-10,Friday,11,2023-11-10 20:38,20,Munich Hbf,Frankfurt(Main) Hbf,ICE,clear,False,False,False,2.9,False
2023-11-11,Saturday,11,2023-11-11 05:40,5,Hamburg Hbf,Hannover Hbf,IC,snow,True,False,True,4.6,False
2023-11-11,Saturday,11,2023-11-11 07:41,7,Munich Hbf,Augsburg Hbf,RE,rain,False,True,True,1.7,False
2023-11-11,Saturday,11,2023-11-11 08:24,8,Frankfurt(Main) Hbf,Mainz Hbf,S-Bahn,storm,False,True,True,0.9,False
2023-11-11,Saturday,11,2023-11-11 12:01,12,Munich Hbf,Frankfurt(Main) Hbf,ICE,clear,False,False,True,2.7,False
2023-11-11,Saturday,11,2023-11-11 16:16,16,Leipzig Hbf,Dresden Hbf,RE,rain,False,False,True,2.3,False
2023-11-11,Saturday,11,2023-11-11 16:39,16,Frankfurt(Main) Hbf,Mainz Hbf,S-Bahn,storm,False,False,True,2.0,False
2023-11-11,Saturday,11,2023-11-11 17:26,17,Hamburg Hbf,Hannover Hbf,IC,rain,False,True,True,1.8,False
2023-11-11,Saturday,11,2023-11-11 19:34,19,Cologne Hbf,Berlin Hbf,ICE,clear,False,True,True,6.4,True
2023-11-11,Saturday,11,2023-11-11 21:36,21,Munich Hbf,Frankfurt(Main) Hbf,ICE,storm,False,False,True,4.5,False
2023-11-11,Saturday,11,2023-11-11 22:27,22,Cologne Hbf,Berlin Hbf,ICE,rain,False,False,True,6.6,True
2023-11-12,Sunday,11,2023-11-12 05:16,5,Cologne Hbf,Bonn Hbf,RE,clear,False,False,True,0.6,False
2023-11-12,Sunday,11,2023-11-12 06:24,6,Hamburg Hbf,Hannover Hbf,IC,snow,False,False,True,3.4,False
2023-11-12,Sunday,11,2023-11-12 07:02,7,Frankfurt(Main) Hbf,Mainz Hbf,S-Bahn,clear,True,True,True,3.0,False
2023-11-12,Sunday,11,2023-11-12 07:10,7,Leipzig Hbf,Dresden Hbf,RE,clear,False,True,True,1.4,False
2023-11-12,Sunday,11,2023-11-12 08:04,8,Frankfurt(Main) Hbf,Mainz Hbf,S-Bahn,rain,False,True,True,2.1,False
2023-11-12,Sunday,11,2023-11-12 08:12,8,Leipzig Hbf,Dresden Hbf,RE,snow,False,True,True,9.3,True
2023-11-12,Sunday,11,2023-11-12 09:55,9,Munich Hbf,Frankfurt(Main) Hbf,ICE,rain,False,False,True,5.9,True
2023-11-12,Sunday,11,2023-11-12 11:43,11,Berlin Hbf,Hamburg Hbf,ICE,snow,False,False,True,6.1,True
2023-11-12,Sunday,11,2023-11-12 11:47,11,Cologne Hbf,Berlin Hbf,ICE,snow,False,False,True,10.4,True
2023-11-12,Sunday,11,2023-11-12 12:14,12,Munich Hbf,Frankfurt(Main) Hbf,ICE,clear,False,False,True,4.5,False
2023-11-12,Sunday,11,2023-11-12 15:55,15,Cologne Hbf,Bonn Hbf,RE,snow,False,False,True,2.2,False
2023-11-12,Sunday,11,2023-11-12 16:07,16,Frankfurt(Main) Hbf,Mainz Hbf,S-Bahn,rain,False,False,True,4.1,False
2023-11-12,Sunday,11,2023-11-12 17:24,17,Frankfurt(Main) Hbf,Stuttgart Hbf,IC,rain,False,True,True,6.4,True
2023-11-12,Sunday,11,2023-11-12 19:00,19,Cologne Hbf,Berlin Hbf,ICE,clear,False,True,True,4.0,False
2023-11-13,Monday,11,2023-11-13 05:43,5,Leipzig Hbf,Dresden Hbf,RE,snow,False,False,False,7.0,True
2023-11-13,Monday,11,2023-11-13 06:56,6,Berlin Hbf,Hamburg Hbf,ICE,rain,True,False,False,4.5,False
2023-11-13,Monday,11,2023-11-13 07:04,7,Cologne Hbf,Bonn Hbf,RE,clear,False,True,False,3.6,False
2023-11-13,Monday,11,2023-11-13 07:06,7,Munich Hbf,Augsburg Hbf,RE,clear,False,True,False,1.2,False
2023-11-13,Monday,11,2023-11-13 08:18,8,Cologne Hbf,Berlin Hbf,ICE,rain,False,True,False,5.0,False
2023-11-13,Monday,11,2023-11-13 08:23,8,Berlin Hbf,Potsdam Hbf,S-Bahn,snow,False,True,False,5.9,True
2023-11-13,Monday,11,2023-11-13 09:19,9,Leipzig Hbf,Dresden Hbf,RE,rain,False,False,False,34.8,True
2023-11-13,Monday,11,2023-11-13 10:08,10,Munich Hbf,Frankfurt(Main) Hbf,ICE,clear,False,False,False,2.0,False
2023-11-13,Monday,11,2023-11-13 13:16,13,Cologne Hbf,Bonn Hbf,RE,rain,False,False,False,2.9,False
2023-11-13,Monday,11,2023-11-13 13:56,13,Munich Hbf,Frankfurt(Main) Hbf,ICE,rain,False,False,False,5.9,True
2023-11-13,Monday,11,2023-11-13 15:48,15,Berlin Hbf,Potsdam Hbf,S-Bahn,rain,False,False,False,1.1,False
2023-11-13,Monday,11,2023-11-13 17:29,17,Frankfurt(Main) Hbf,Mainz Hbf,S-Bahn,rain,False,True,False,0.9,False
2023-11-13,Monday,11,2023-11-13 19:23,19,Frankfurt(Main) Hbf,Mainz Hbf,S-Bahn,snow,True,True,False,4.5,False
2023-11-13,Monday,11,2023-11-13 19:56,19,Frankfurt(Main) Hbf,Stuttgart Hbf,IC,rain,False,True,False,80.0,True
2023-11-14,Tuesday,11,2023-11-14 12:58,12,Leipzig Hbf,Dresden Hbf,RE,snow,False,False,False,13.6,True
2023-11-14,Tuesday,11,2023-11-14 12:59,12,Frankfurt(Main) Hbf,Mainz Hbf,S-Bahn,snow,False,False,False,1.4,False
2023-11-14,Tuesday,11,2023-11-14 14:13,14,Berlin Hbf,Hamburg Hbf,ICE,snow,False,False,False,4.1,False
2023-11-14,Tuesday,11,2023-11-14 15:21,15,Hamburg Hbf,Hannover Hbf,IC,rain,True,False,False,13.1,True
2023-11-14,Tuesday,11,2023-11-14 15:26,15,Leipzig Hbf,Dresden Hbf,RE,snow,False,False,False,4.0,False
2023-11-14,Tuesday,11,2023-11-14 17:47,17,Cologne Hbf,Bonn Hbf,RE,storm,False,True,False,3.6,False
2023-11-14,Tuesday,11,2023-11-14 19:07,19,Hamburg Hbf,Hannover Hbf,IC,snow,False,True,False,8.6,True
2023-11-14,Tuesday,11,2023-11-14 19:31,19,Frankfurt(Main) Hbf,Mainz Hbf,S-Bahn,rain,False,True,False,0.5,False
2023-11-14,Tuesday,11,2023-11-14 22:01,22,Frankfurt(Main) Hbf,Stuttgart Hbf,IC,rain,False,False,False,4.0,False
2023-11-15,Wednesday,11,2023-11-15 06:06,6,Frankfurt(Main) Hbf,Mainz Hbf,S-Bahn,clear,False,False,False,3.3,False
2023-11-15,Wednesday,11,2023-11-15 07:43,7,Frankfurt(Main) Hbf,Mainz Hbf,S-Bahn,snow,False,True,False,2.9,False
2023-11-15,Wednesday,11,2023-11-15 07:57,7,Frankfurt(Main) Hbf,Mainz Hbf,S-Bahn,rain,False,True,False,0.5,False
2023-11-15,Wednesday,11,2023-11-15 09:02,9,Munich Hbf,Augsburg Hbf,RE,clear,False,False,False,1.3,False
2023-11-15,Wednesday,11,2023-11-15 10:09,10,Berlin Hbf,Potsdam Hbf,S-Bahn,clear,False,False,False,0.4,False
2023-11-15,Wednesday,11,2023-11-15 11:40,11,Cologne Hbf,Berlin Hbf,ICE,rain,False,False,False,5.5,True
2023-11-15,Wednesday,11,2023-11-15 12:11,12,Frankfurt(Main) Hbf,Mainz Hbf,S-Bahn,clear,False,False,False,2.4,False
2023-11-15,Wednesday,11,2023-11-15 16:34,16,Berlin Hbf,Potsdam Hbf,S-Bahn,rain,False,False,False,1.6,False
2023-11-15,Wednesday,11,2023-11-15 21:58,21,Cologne Hbf,Berlin Hbf,ICE,clear,False,False,False,2.1,False
2023-11-16,Thursday,11,2023-11-16 05:17,5,Cologne Hbf,Bonn Hbf,RE,rain,False,False,False,2.8,False
2023-11-16,Thursday,11,2023-11-16 06:59,6,Cologne Hbf,Bonn Hbf,RE,clear,False,False,False,6.3,True
2023-11-16,Thursday,11,2023-11-16 08:04,8,Cologne Hbf,Berlin Hbf,ICE,clear,False,True,False,2.9,False
2023-11-16,Thursday,11,2023-11-16 08:12,8,Frankfurt(Main) Hbf,Mainz Hbf,S-Bahn,rain,True,True,False,3.0,False
2023-11-16,Thursday,11,2023-11-16 08:18,8,Leipzig Hbf,Dresden Hbf,RE,rain,False,True,False,8.5,True
2023-11-16,Thursday,11,2023-11-16 08:30,8,Hamburg Hbf,Hannover Hbf,IC,clear,False,True,False,69.6,True
2023-11-16,Thursday,11,2023-11-16 09:16,9,Leipzig Hbf,Dresden Hbf,RE,snow,False,False,False,3.8,False
2023-11-16,Thursday,11,2023-11-16 12:31,12,Munich Hbf,Frankfurt(Main) Hbf,ICE,rain,False,False,False,7.4,True
2023-11-16,Thursday,11,2023-11-16 15:03,15,Munich Hbf,Augsburg Hbf,RE,rain,False,False,False,2.6,False
2023-11-16,Thursday,11,2023-11-16 16:19,16,Munich Hbf,Augsburg Hbf,RE,rain,False,False,False,3.7,False
2023-11-16,Thursday,11,2023-11-16 17:43,17,Frankfurt(Main) Hbf,Stuttgart Hbf,IC,clear,False,True,False,1.9,False
2023-11-16,Thursday,11,2023-11-16 17:54,17,Berlin Hbf,Potsdam Hbf,S-Bahn,clear,False,True,False,1.0,False
2023-11-16,Thursday,11,2023-11-16 19:19,19,Cologne Hbf,Berlin Hbf,ICE,snow,True,True,False,18.0,True
2023-11-16,Thursday,11,2023-11-16 20:53,20,Berlin Hbf,Potsdam Hbf,S-Bahn,storm,False,False,False,4.2,False
2023-11-16,Thursday,11,2023-11-16 21:22,21,Munich Hbf,Frankfurt(Main) Hbf,ICE,storm,False,False,False,5.5,True
2023-11-16,Thursday,11,2023-11-16 22:50,22,Cologne Hbf,Bonn Hbf,RE,snow,True,False,False,2.9,False
2023-11-17,Friday,11,2023-11-17 10:48,10,Munich Hbf,Frankfurt(Main) Hbf,ICE,snow,False,False,False,8.3,True
2023-11-17,Friday,11,2023-11-17 10:53,10,Munich Hbf,Augsburg Hbf,RE,rain,False,False,False,1.3,False
2023-11-17,Friday,11,2023-11-17 12:27,12,Frankfurt(Main) Hbf,Mainz Hbf,S-Bahn,snow,False,False,False,3.8,False
2023-11-17,Friday,11,2023-11-17 13:37,13,Frankfurt(Main) Hbf,Stuttgart Hbf,IC,snow,False,False,False,6.3,True
2023-11-17,Friday,11,2023-11-17 14:26,14,Munich Hbf,Augsburg Hbf,RE,clear,True,False,False,7.8,True
2023-11-17,Friday,11,2023-11-17 15:51,15,Berlin Hbf,Hamburg Hbf,ICE,rain,True,False,False,7.9,True
2023-11-17,Friday,11,2023-11-17 16:16,16,Leipzig Hbf,Dresden Hbf,RE,rain,False,False,False,1.9,False
2023-11-17,Friday,11,2023-11-17 16:18,16,Frankfurt(Main) Hbf,Mainz Hbf,S-Bahn,rain,True,False,False,0.1,False
2023-11-17,Friday,11,2023-11-17 16:22,16,Frankfurt(Main) Hbf,Mainz Hbf,S-Bahn,storm,False,False,False,3.5,False
2023-11-17,Friday,11,2023-11-17 16:47,16,Frankfurt(Main) Hbf,Mainz Hbf,S-Bahn,rain,False,False,False,2.2,False
2023-11-17,Friday,11,2023-11-17 17:45,17,Berlin Hbf,Potsdam Hbf,S-Bahn,clear,False,True,False,0.7,False
2023-11-17,Friday,11,2023-11-17 19:37,19,Hamburg Hbf,Hannover Hbf,IC,snow,False,True,False,8.4,True
2023-11-17,Friday,11,2023-11-17 21:11,21,Frankfurt(Main) Hbf,Mainz Hbf,S-Bahn,rain,False,False,False,2.2,False
2023-11-17,Friday,11,2023-11-17 21:55,21,Berlin Hbf,Hamburg Hbf,ICE,clear,False,False,False,2.9,False
2023-11-17,Friday,11,2023-11-17 22:39,22,Munich Hbf,Augsburg Hbf,RE,clear,False,False,False,2.5,False
2023-11-18,Saturday,11,2023-11-18 07:02,7,Cologne Hbf,Bonn Hbf,RE,rain,True,True,True,4.8,False
2023-11-18,Saturday,11,2023-11-18 10:03,10,Frankfurt(Main) Hbf,Stuttgart Hbf,IC,clear,False,False,True,1.9,False
2023-11-18,Saturday,11,2023-11-18 11:52,11,Frankfurt(Main) Hbf,Mainz Hbf,S-Bahn,snow,False,False,True,1.0,False
2023-11-18,Saturday,11,2023-11-18 12:31,12,Hamburg Hbf,Hannover Hbf,IC,clear,True,False,True,2.4,False
2023-11-18,Saturday,11,2023-11-18 15:34,15,Munich Hbf,Augsburg Hbf,RE,rain,False,False,True,1.0,False
2023-11-18,Saturday,11,2023-11-18 16:08,16,Frankfurt(Main) Hbf,Mainz Hbf,S-Bahn,snow,True,False,True,5.1,True
2023-11-18,Saturday,11,2023-11-18 16:30,16,Frankfurt(Main) Hbf,Stuttgart Hbf,IC,snow,True,False,True,12.3,True
2023-11-18,Saturday,11,2023-11-18 16:49,16,Berlin Hbf,Potsdam Hbf,S-Bahn,storm,False,False,True,1.9,False
2023-11-18,Saturday,11,2023-11-18 17:29,17,Cologne Hbf,Bonn Hbf,RE,clear,False,True,True,0.9,False
2023-11-18,Saturday,11,2023-11-18 17:32,17,Leipzig Hbf,Dresden Hbf,RE,snow,False,True,True,4.1,False
2023-11-18,Saturday,11,2023-11-18 18:29,18,Frankfurt(Main) Hbf,Stuttgart Hbf,IC,clear,False,True,True,3.2,False
2023-11-18,Saturday,11,2023-11-18 19:02,19,Leipzig Hbf,Dresden Hbf,RE,snow,False,True,True,4.2,False
2023-11-18,Saturday,11,2023-11-18 19:45,19,Berlin Hbf,Hamburg Hbf,ICE,rain,True,True,True,3.9,False
2023-11-18,Saturday,11,2023-11-18 21:57,21,Munich Hbf,Frankfurt(Main) Hbf,ICE,rain,False,False,True,2.9,False
2023-11-19,Sunday,11,2023-11-19 07:03,7,Munich Hbf,Augsburg Hbf,RE,rain,False,True,True,1.7,False
2023-11-19,Sunday,11,2023-11-19 07:04,7,Munich Hbf,Frankfurt(Main) Hbf,ICE,rain,False,True,True,3.2,False
2023-11-19,Sunday,11,2023-11-19 10:01,10,Berlin Hbf,Hamburg Hbf,ICE,rain,False,False,True,2.4,False
2023-11-19,Sunday,11,2023-11-19 10:48,10,Berlin Hbf,Hamburg Hbf,ICE,rain,False,False,True,3.2,False
2023-11-19,Sunday,11,2023-11-19 12:14,12,Berlin Hbf,Hamburg Hbf,ICE,snow,False,False,True,6.3,True
2023-11-19,Sunday,11,2023-11-19 14:46,14,Frankfurt(Main) Hbf,Stuttgart Hbf,IC,rain,True,False,True,6.9,True
2023-11-19,Sunday,11,2023-11-19 17:01,17,Frankfurt(Main) Hbf,Mainz Hbf,S-Bahn,rain,False,True,True,0.4,False
2023-11-19,Sunday,11,2023-11-19 17:12,17,Munich Hbf,Frankfurt(Main) Hbf,ICE,snow,False,True,True,8.6,True
2023-11-19,Sunday,11,2023-11-19 17:12,17,Berlin Hbf,Hamburg Hbf,ICE,rain,False,True,True,7.6,True
2023-11-19,Sunday,11,2023-11-19 17:15,17,Leipzig Hbf,Dresden Hbf,RE,clear,False,True,True,4.7,False
2023-11-19,Sunday,11,2023-11-19 17:24,17,Munich Hbf,Frankfurt(Main) Hbf,ICE,clear,False,True,True,4.3,False
2023-11-19,Sunday,11,2023-11-19 17:55,17,Frankfurt(Main) Hbf,Mainz Hbf,S-Bahn,snow,False,True,True,1.5,False
2023-11-19,Sunday,11,2023-11-19 19:26,19,Hamburg Hbf,Hannover Hbf,IC,rain,False,True,True,5.8,True
2023-11-19,Sunday,11,2023-11-19 19:55,19,Berlin Hbf,Hamburg Hbf,ICE,rain,False,True,True,5.2,True
2023-11-19,Sunday,11,2023-11-19 20:56,20,Hamburg Hbf,Hannover Hbf,IC,rain,False,False,True,2.5,False
2023-11-19,Sunday,11,2023-11-19 21:32,21,Cologne Hbf,Berlin Hbf,ICE,clear,False,False,True,6.4,True
2023-11-20,Monday,11,2023-11-20 05:00,5,Hamburg Hbf,Hannover Hbf,IC,clear,True,False,False,3.0,False
2023-11-20,Monday,11,2023-11-20 07:01,7,Frankfurt(Main) Hbf,Stuttgart Hbf,IC,snow,False,True,False,19.3,True
2023-11-20,Monday,11,2023-11-20 07:08,7,Cologne Hbf,Bonn Hbf,RE,storm,False,True,False,3.4,False
2023-11-20,Monday,11,2023-11-20 11:11,11,Berlin Hbf,Hamburg Hbf,ICE,snow,False,False,False,6.3,True
2023-11-20,Monday,11,2023-11-20 12:48,12,Leipzig Hbf,Dresden Hbf,RE,rain,False,False,False,5.2,True
2023-11-20,Monday,11,2023-11-20 13:08,13,Munich Hbf,Frankfurt(Main) Hbf,ICE,clear,False,False,False,6.8,True
2023-11-20,Monday,11,2023-11-20 14:25,14,Berlin Hbf,Potsdam Hbf,S-Bahn,clear,True,False,False,0.7,False
2023-11-20,Monday,11,2023-11-20 15:54,15,Cologne Hbf,Bonn Hbf,RE,snow,False,False,False,2.5,False
2023-11-20,Monday,11,2023-11-20 16:25,16,Frankfurt(Main) Hbf,Mainz Hbf,S-Bahn,rain,False,False,False,2.2,False
2023-11-21,Tuesday,11,2023-11-21 06:46,6,Frankfurt(Main) Hbf,Mainz Hbf,S-Bahn,snow,False,False,False,1.0,False
2023-11-21,Tuesday,11,2023-11-21 14:40,14,Hamburg Hbf,Hannover Hbf,IC,rain,True,False,False,13.4,True
2023-11-21,Tuesday,11,2023-11-21 15:21,15,Cologne Hbf,Bonn Hbf,RE,clear,False,False,False,2.6,False
2023-11-21,Tuesday,11,2023-11-21 16:41,16,Leipzig Hbf,Dresden Hbf,RE,storm,False,False,False,1.7,False
2023-11-21,Tuesday,11,2023-11-21 22:11,22,Munich Hbf,Frankfurt(Main) Hbf,ICE,snow,False,False,False,5.0,False
2023-11-22,Wednesday,11,2023-11-22 06:02,6,Munich Hbf,Frankfurt(Main) Hbf,ICE,snow,False,False,False,15.1,True
2023-11-22,Wednesday,11,2023-11-22 06:28,6,Munich Hbf,Frankfurt(Main) Hbf,ICE,clear,False,False,False,1.6,False
2023-11-22,Wednesday,11,2023-11-22 07:16,7,Cologne Hbf,Berlin Hbf,ICE,rain,True,True,False,13.2,True
2023-11-22,Wednesday,11,2023-11-22 07:52,7,Cologne Hbf,Berlin Hbf,ICE,rain,True,True,False,17.4,True
2023-11-22,Wednesday,11,2023-11-22 08:08,8,Berlin Hbf,Potsdam Hbf,S-Bahn,clear,False,True,False,1.7,False
2023-11-22,Wednesday,11,2023-11-22 10:00,10,Leipzig Hbf,Dresden Hbf,RE,snow,False,False,False,6.9,True
2023-11-22,Wednesday,11,2023-11-22 13:10,13,Berlin Hbf,Hamburg Hbf,ICE,clear,False,False,False,7.3,True
2023-11-22,Wednesday,11,2023-11-22 15:34,15,Frankfurt(Main) Hbf,Mainz Hbf,S-Bahn,rain,False,False,False,0.4,False
2023-11-22,Wednesday,11,2023-11-22 15:35,15,Berlin Hbf,Hamburg Hbf,ICE,rain,False,False,False,2.4,False
2023-11-22,Wednesday,11,2023-11-22 15:49,15,Hamburg Hbf,Hannover Hbf,IC,snow,False,False,False,10.0,True
2023-11-22,Wednesday,11,2023-11-22 17:14,17,Leipzig Hbf,Dresden Hbf,RE,rain,False,True,False,3.5,False
2023-11-22,Wednesday,11,2023-11-22 17:27,17,Berlin Hbf,Hamburg Hbf,ICE,rain,False,True,False,5.7,True
2023-11-22,Wednesday,11,2023-11-22 18:08,18,Munich Hbf,Augsburg Hbf,RE,clear,False,True,False,2.2,False
2023-11-22,Wednesday,11,2023-11-22 19:32,19,Berlin Hbf,Hamburg Hbf,ICE,snow,False,True,False,8.7,True
2023-11-22,Wednesday,11,2023-11-22 19:56,19,Berlin Hbf,Hamburg Hbf,ICE,rain,False,True,False,5.5,True
2023-11-22,Wednesday,11,2023-11-22 21:00,21,Frankfurt(Main) Hbf,Stuttgart Hbf,IC,rain,False,False,False,1.8,False
2023-11-23,Thursday,11,2023-11-23 06:55,6,Berlin Hbf,Hamburg Hbf,ICE,rain,False,False,False,2.6,False
2023-11-23,Thursday,11,2023-11-23 09:20,9,Hamburg Hbf,Hannover Hbf,IC,rain,False,False,False,6.0,True
2023-11-23,Thursday,11,2023-11-23 15:09,15,Cologne Hbf,Bonn Hbf,RE,rain,False,False,False,2.5,False
2023-11-23,Thursday,11,2023-11-23 16:40,16,Hamburg Hbf,Hannover Hbf,IC,snow,False,False,False,6.4,True
2023-11-23,Thursday,11,2023-11-23 16:43,16,Munich Hbf,Frankfurt(Main) Hbf,ICE,clear,False,False,False,4.6,False
2023-11-23,Thursday,11,2023-11-23 17:10,17,Berlin Hbf,Hamburg Hbf,ICE,clear,False,True,False,4.0,False
2023-11-23,Thursday,11,2023-11-23 21:10,21,Hamburg Hbf,Hannover Hbf,IC,rain,False,False,False,6.2,True
2023-11-23,Thursday,11,2023-11-23 21:55,21,Hamburg Hbf,Hannover Hbf,IC,rain,True,False,False,1.3,False
2023-11-24,Friday,11,2023-11-24 10:10,10,Berlin Hbf,Hamburg Hbf,ICE,snow,False,False,False,6.8,True
2023-11-24,Friday,11,2023-11-24 11:17,11,Cologne Hbf,Berlin Hbf,ICE,clear,True,False,False,4.3,False
2023-11-24,Friday,11,2023-11-24 12:53,12,Cologne Hbf,Bonn Hbf,RE,snow,False,False,False,8.2,True
2023-11-24,Friday,11,2023-11-24 15:07,15,Cologne Hbf,Bonn Hbf,RE,snow,True,False,False,4.3,False
2023-11-24,Friday,11,2023-11-24 15:52,15,Frankfurt(Main) Hbf,Stuttgart Hbf,IC,clear,False,False,False,35.4,True
2023-11-24,Friday,11,2023-11-24 16:05,16,Cologne Hbf,Berlin Hbf,ICE,rain,False,False,False,5.5,True
2023-11-24,Friday,11,2023-11-24 16:24,16,Cologne Hbf,Berlin Hbf,ICE,clear,True,False,False,8.0,True
2023-11-24,Friday,11,2023-11-24 17:19,17,Munich Hbf,Augsburg Hbf,RE,rain,False,True,False,10.1,True
2023-11-24,Friday,11,2023-11-24 19:59,19,Munich Hbf,Frankfurt(Main) Hbf,ICE,clear,False,True,False,7.8,True
2023-11-25,Saturday,11,2023-11-25 06:33,6,Cologne Hbf,Berlin Hbf,ICE,clear,False,False,True,3.4,False
2023-11-25,Saturday,11,2023-11-25 07:31,7,Munich Hbf,Frankfurt(Main) Hbf,ICE,clear,False,True,True,1.9,False
2023-11-25,Saturday,11,2023-11-25 07:33,7,Frankfurt(Main) Hbf,Mainz Hbf,S-Bahn,clear,False,True,True,1.6,False
2023-11-25,Saturday,11,2023-11-25 08:57,8,Cologne Hbf,Berlin Hbf,ICE,snow,True,True,True,22.9,True
2023-11-25,Saturday,11,2023-11-25 11:22,11,Berlin Hbf,Potsdam Hbf,S-Bahn,rain,False,False,True,1.9,False
2023-11-25,Saturday,11,2023-11-25 13:58,13,Frankfurt(Main) Hbf,Stuttgart Hbf,IC,rain,False,False,True,7.1,True
2023-11-25,Saturday,11,2023-11-25 15:18,15,Berlin Hbf,Potsdam Hbf,S-Bahn,clear,False,False,True,1.9,False
2023-11-25,Saturday,11,2023-11-25 17:42,17,Munich Hbf,Augsburg Hbf,RE,snow,False,True,True,1.7,False
2023-11-25,Saturday,11,2023-11-25 20:00,20,Frankfurt(Main) Hbf,Mainz Hbf,S-Bahn,clear,False,False,True,2.6,False
2023-11-25,Saturday,11,2023-11-25 21:06,21,Cologne Hbf,Berlin Hbf,ICE,storm,False,False,True,6.6,True
2023-11-25,Saturday,11,2023-11-25 22:11,22,Berlin Hbf,Hamburg Hbf,ICE,rain,False,False,True,5.6,True
2023-11-26,Sunday,11,2023-11-26 05:09,5,Munich Hbf,Augsburg Hbf,RE,clear,False,False,True,2.6,False
2023-11-26,Sunday,11,2023-11-26 07:16,7,Leipzig Hbf,Dresden Hbf,RE,clear,False,True,True,4.0,False
2023-11-26,Sunday,11,2023-11-26 07:43,7,Frankfurt(Main) Hbf,Stuttgart Hbf,IC,rain,False,True,True,3.7,False
2023-11-26,Sunday,11,2023-11-26 12:18,12,Leipzig Hbf,Dresden Hbf,RE,rain,False,False,True,0.1,False
2023-11-26,Sunday,11,2023-11-26 12:31,12,Frankfurt(Main) Hbf,Stuttgart Hbf,IC,rain,False,False,True,10.3,True
2023-11-26,Sunday,11,2023-11-26 15:32,15,Cologne Hbf,Berlin Hbf,ICE,clear,False,False,True,3.2,False
2023-11-26,Sunday,11,2023-11-26 17:04,17,Berlin Hbf,Hamburg Hbf,ICE,clear,False,True,True,4.0,False
2023-11-26,Sunday,11,2023-11-26 17:23,17,Munich Hbf,Augsburg Hbf,RE,rain,False,True,True,3.4,False
2023-11-26,Sunday,11,2023-11-26 18:05,18,Munich Hbf,Augsburg Hbf,RE,clear,True,True,True,1.3,False
2023-11-26,Sunday,11,2023-11-26 19:07,19,Frankfurt(Main) Hbf,Mainz Hbf,S-Bahn,clear,False,True,True,1.3,False
2023-11-26,Sunday,11,2023-11-26 19:17,19,Frankfurt(Main) Hbf,Mainz Hbf,S-Bahn,clear,False,True,True,3.0,False
2023-11-26,Sunday,11,2023-11-26 21:56,21,Munich Hbf,Frankfurt(Main) Hbf,ICE,rain,True,False,True,8.7,True
2023-11-26,Sunday,11,2023-11-26 22:06,22,Munich Hbf,Frankfurt(Main) Hbf,ICE,clear,False,False,True,4.9,False
2023-11-27,Monday,11,2023-11-27 05:17,5,Hamburg Hbf,Hannover Hbf,IC,snow,True,False,False,10.5,True
2023-11-27,Monday,11,2023-11-27 05:48,5,Berlin Hbf,Hamburg Hbf,ICE,clear,False,False,False,3.3,False
2023-11-27,Monday,11,2023-11-27 07:12,7,Berlin Hbf,Hamburg Hbf,ICE,snow,False,True,False,10.2,True
2023-11-27,Monday,11,2023-11-27 07:37,7,Munich Hbf,Frankfurt(Main) Hbf,ICE,clear,False,True,False,2.2,False
2023-11-27,Monday,11,2023-11-27 14:34,14,Frankfurt(Main) Hbf,Mainz Hbf,S-Bahn,clear,False,False,False,1.6,False
2023-11-27,Monday,11,2023-11-27 16:06,16,Cologne Hbf,Berlin Hbf,ICE,rain,False,False,False,7.4,True
2023-11-27,Monday,11,2023-11-27 16:51,16,Frankfurt(Main) Hbf,Mainz Hbf,S-Bahn,snow,False,False,False,1.2,False
2023-11-27,Monday,11,2023-11-27 19:06,19,Munich Hbf,Augsburg Hbf,RE,rain,False,True,False,3.5,False
2023-11-27,Monday,11,2023-11-27 20:45,20,Berlin Hbf,Potsdam Hbf,S-Bahn,snow,False,False,False,7.7,True
2023-11-27,Monday,11,2023-11-27 21:43,21,Hamburg Hbf,Hannover Hbf,IC,snow,False,False,False,6.8,True
2023-11-28,Tuesday,11,2023-11-28 07:05,7,Berlin Hbf,Hamburg Hbf,ICE,clear,False,True,False,1.4,False
2023-11-28,Tuesday,11,2023-11-28 08:28,8,Munich Hbf,Frankfurt(Main) Hbf,ICE,rain,True,True,False,11.6,True
2023-11-28,Tuesday,11,2023-11-28 09:19,9,Frankfurt(Main) Hbf,Stuttgart Hbf,IC,snow,False,False,False,5.6,True
2023-11-28,Tuesday,11,2023-11-28 09:26,9,Hamburg Hbf,Hannover Hbf,IC,rain,False,False,False,2.1,False
2023-11-28,Tuesday,11,2023-11-28 10:08,10,Munich Hbf,Frankfurt(Main) Hbf,ICE,rain,False,False,False,6.1,True
2023-11-28,Tuesday,11,2023-11-28 11:07,11,Munich Hbf,Frankfurt(Main) Hbf,ICE,rain,False,False,False,4.0,False
2023-11-28,Tuesday,11,2023-11-28 12:30,12,Cologne Hbf,Bonn Hbf,RE,clear,False,False,False,0.1,False
2023-11-28,Tuesday,11,2023-11-28 14:06,14,Munich Hbf,Augsburg Hbf,RE,clear,True,False,False,1.3,False
2023-11-28,Tuesday,11,2023-11-28 14:26,14,Frankfurt(Main) Hbf,Mainz Hbf,S-Bahn,clear,True,False,False,1.4,False
2023-11-28,Tuesday,11,2023-11-28 18:41,18,Cologne Hbf,Berlin Hbf,ICE,clear,True,True,False,10.2,True
2023-11-28,Tuesday,11,2023-11-28 20:45,20,Munich Hbf,Augsburg Hbf,RE,snow,False,False,False,3.6,False
2023-11-28,Tuesday,11,2023-11-28 22:40,22,Cologne Hbf,Berlin Hbf,ICE,snow,False,False,False,19.9,True
2023-11-29,Wednesday,11,2023-11-29 07:54,7,Cologne Hbf,Berlin Hbf,ICE,storm,False,True,False,12.4,True
2023-11-29,Wednesday,11,2023-11-29 08:18,8,Munich Hbf,Augsburg Hbf,RE,storm,False,True,False,3.6,False
2023-11-29,Wednesday,11,2023-11-29 13:48,13,Berlin Hbf,Hamburg Hbf,ICE,snow,False,False,False,12.6,True
2023-11-29,Wednesday,11,2023-11-29 14:25,14,Frankfurt(Main) Hbf,Mainz Hbf,S-Bahn,rain,False,False,False,6.4,True
2023-11-29,Wednesday,11,2023-11-29 16:37,16,Berlin Hbf,Potsdam Hbf,S-Bahn,rain,True,False,False,6.6,True
2023-11-29,Wednesday,11,2023-11-29 16:59,16,Munich Hbf,Augsburg Hbf,RE,clear,False,False,False,0.9,False
2023-11-29,Wednesday,11,2023-11-29 17:12,17,Munich Hbf,Augsburg Hbf,RE,clear,False,True,False,3.5,False
2023-11-29,Wednesday,11,2023-11-29 17:33,17,Munich Hbf,Augsburg Hbf,RE,clear,True,True,False,7.7,True
2023-11-29,Wednesday,11,2023-11-29 18:39,18,Munich Hbf,Augsburg Hbf,RE,snow,False,True,False,55.9,True
2023-11-29,Wednesday,11,2023-11-29 20:36,20,Munich Hbf,Augsburg Hbf,RE,clear,False,False,False,4.8,False
2023-11-30,Thursday,11,2023-11-30 06:57,6,Cologne Hbf,Berlin Hbf,ICE,storm,False,False,False,13.1,True
2023-11-30,Thursday,11,2023-11-30 07:07,7,Cologne Hbf,Berlin Hbf,ICE,rain,False,True,False,8.0,True
2023-11-30,Thursday,11,2023-11-30 09:34,9,Munich Hbf,Frankfurt(Main) Hbf,ICE,rain,False,False,False,5.6,True
2023-11-30,Thursday,11,2023-11-30 09:44,9,Munich Hbf,Augsburg Hbf,RE,snow,False,False,False,6.1,True
2023-11-30,Thursday,11,2023-11-30 09:45,9,Leipzig Hbf,Dresden Hbf,RE,rain,False,False,False,4.3,False
2023-11-30,Thursday,11,2023-11-30 11:01,11,Frankfurt(Main) Hbf,Stuttgart Hbf,IC,snow,False,False,False,9.4,True
2023-11-30,Thursday,11,2023-11-30 12:17,12,Frankfurt(Main) Hbf,Stuttgart Hbf,IC,snow,False,False,False,5.0,False
2023-11-30,Thursday,11,2023-11-30 13:54,13,Cologne Hbf,Berlin Hbf,ICE,snow,False,False,False,7.2,True
2023-11-30,Thursday,11,2023-11-30 16:06,16,Munich Hbf,Augsburg Hbf,RE,clear,True,False,False,1.9,False
2023-11-30,Thursday,11,2023-11-30 17:19,17,Frankfurt(Main) Hbf,Stuttgart Hbf,IC,rain,False,True,False,9.5,True
2023-11-30,Thursday,11,2023-11-30 21:45,21,Frankfurt(Main) Hbf,Stuttgart Hbf,IC,rain,False,False,False,1.7,False
2023-12-01,Friday,12,2023-12-01 07:50,7,Leipzig Hbf,Dresden Hbf,RE,clear,False,True,False,0.4,False
2023-12-01,Friday,12,2023-12-01 14:45,14,Cologne Hbf,Berlin Hbf,ICE,rain,False,False,False,6.3,True
2023-12-01,Friday,12,2023-12-01 17:44,17,Berlin Hbf,Hamburg Hbf,ICE,snow,False,True,False,8.2,True
2023-12-01,Friday,12,2023-12-01 18:13,18,Hamburg Hbf,Hannover Hbf,IC,clear,True,True,False,5.2,True
2023-12-01,Friday,12,2023-12-01 20:06,20,Hamburg Hbf,Hannover Hbf,IC,rain,False,False,False,8.9,True
2023-12-01,Friday,12,2023-12-01 21:33,21,Berlin Hbf,Hamburg Hbf,ICE,rain,False,False,False,4.7,False
2023-12-02,Saturday,12,2023-12-02 08:07,8,Cologne Hbf,Berlin Hbf,ICE,clear,False,True,True,8.8,True
2023-12-02,Saturday,12,2023-12-02 08:25,8,Frankfurt(Main) Hbf,Mainz Hbf,S-Bahn,snow,True,True,True,3.3,False
2023-12-02,Saturday,12,2023-12-02 08:30,8,Berlin Hbf,Hamburg Hbf,ICE,clear,False,True,True,1.4,False
2023-12-02,Saturday,12,2023-12-02 11:12,11,Berlin Hbf,Hamburg Hbf,ICE,snow,False,False,True,10.6,True
2023-12-02,Saturday,12,2023-12-02 14:50,14,Cologne Hbf,Berlin Hbf,ICE,clear,False,False,True,4.6,False
2023-12-02,Saturday,12,2023-12-02 16:16,16,Cologne Hbf,Bonn Hbf,RE,snow,False,False,True,1.7,False
2023-12-02,Saturday,12,2023-12-02 16:30,16,Munich Hbf,Frankfurt(Main) Hbf,ICE,storm,False,False,True,5.1,True
2023-12-02,Saturday,12,2023-12-02 16:32,16,Berlin Hbf,Hamburg Hbf,ICE,rain,False,False,True,7.2,True
2023-12-02,Saturday,12,2023-12-02 17:13,17,Munich Hbf,Augsburg Hbf,RE,snow,False,True,True,0.9,False
2023-12-02,Saturday,12,2023-12-02 17:21,17,Leipzig Hbf,Dresden Hbf,RE,clear,False,True,True,2.2,False
2023-12-02,Saturday,12,2023-12-02 18:10,18,Frankfurt(Main) Hbf,Stuttgart Hbf,IC,clear,False,True,True,2.2,False
2023-12-02,Saturday,12,2023-12-02 20:30,20,Berlin Hbf,Potsdam Hbf,S-Bahn,snow,False,False,True,2.7,False
2023-12-02,Saturday,12,2023-12-02 21:23,21,Frankfurt(Main) Hbf,Mainz Hbf,S-Bahn,snow,False,False,True,3.6,False
2023-12-03,Sunday,12,2023-12-03 07:15,7,Cologne Hbf,Berlin Hbf,ICE,clear,False,True,True,6.7,True
2023-12-03,Sunday,12,2023-12-03 07:50,7,Munich Hbf,Augsburg Hbf,RE,clear,False,True,True,3.0,False
2023-12-03,Sunday,12,2023-12-03 15:50,15,Frankfurt(Main) Hbf,Stuttgart Hbf,IC,rain,False,False,True,4.2,False
2023-12-03,Sunday,12,2023-12-03 16:38,16,Leipzig Hbf,Dresden Hbf,RE,snow,False,False,True,3.4,False
2023-12-03,Sunday,12,2023-12-03 17:03,17,Cologne Hbf,Bonn Hbf,RE,rain,False,True,True,3.4,False
2023-12-03,Sunday,12,2023-12-03 20:11,20,Berlin Hbf,Hamburg Hbf,ICE,rain,False,False,True,3.6,False
2023-12-03,Sunday,12,2023-12-03 22:02,22,Munich Hbf,Frankfurt(Main) Hbf,ICE,clear,False,False,True,6.6,True
2023-12-04,Monday,12,2023-12-04 05:00,5,Hamburg Hbf,Hannover Hbf,IC,clear,False,False,False,1.2,False
2023-12-04,Monday,12,2023-12-04 06:04,6,Berlin Hbf,Hamburg Hbf,ICE,clear,False,False,False,3.1,False
2023-12-04,Monday,12,2023-12-04 07:05,7,Munich Hbf,Augsburg Hbf,RE,snow,False,True,False,1.4,False
2023-12-04,Monday,12,2023-12-04 07:09,7,Berlin Hbf,Potsdam Hbf,S-Bahn,rain,False,True,False,4.0,False
2023-12-04,Monday,12,2023-12-04 07:32,7,Berlin Hbf,Potsdam Hbf,S-Bahn,snow,False,True,False,5.8,True
2023-12-04,Monday,12,2023-12-04 08:29,8,Berlin Hbf,Potsdam Hbf,S-Bahn,clear,True,True,False,5.3,True
2023-12-04,Monday,12,2023-12-04 09:05,9,Frankfurt(Main) Hbf,Stuttgart Hbf,IC,snow,False,False,False,10.3,True
2023-12-04,Monday,12,2023-12-04 12:43,12,Cologne Hbf,Berlin Hbf,ICE,clear,False,False,False,3.2,False
2023-12-04,Monday,12,2023-12-04 14:12,14,Hamburg Hbf,Hannover Hbf,IC,clear,False,False,False,2.3,False
2023-12-04,Monday,12,2023-12-04 20:42,20,Berlin Hbf,Hamburg Hbf,ICE,clear,False,False,False,2.8,False
2023-12-04,Monday,12,2023-12-04 20:44,20,Berlin Hbf,Potsdam Hbf,S-Bahn,rain,False,False,False,0.8,False
2023-12-04,Monday,12,2023-12-04 22:53,22,Frankfurt(Main) Hbf,Stuttgart Hbf,IC,snow,False,False,False,10.9,True
2023-12-05,Tuesday,12,2023-12-05 05:16,5,Hamburg Hbf,Hannover Hbf,IC,clear,False,False,False,2.8,False
2023-12-05,Tuesday,12,2023-12-05 06:08,6,Hamburg Hbf,Hannover Hbf,IC,rain,False,False,False,1.8,False
2023-12-05,Tuesday,12,2023-12-05 07:45,7,Frankfurt(Main) Hbf,Stuttgart Hbf,IC,snow,False,True,False,12.2,True
2023-12-05,Tuesday,12,2023-12-05 09:48,9,Cologne Hbf,Berlin Hbf,ICE,clear,False,False,False,6.7,True
2023-12-05,Tuesday,12,2023-12-05 11:50,11,Frankfurt(Main) Hbf,Stuttgart Hbf,IC,snow,False,False,False,4.2,False
2023-12-05,Tuesday,12,2023-12-05 12:42,12,Hamburg Hbf,Hannover Hbf,IC,storm,False,False,False,11.3,True
2023-12-05,Tuesday,12,2023-12-05 13:55,13,Berlin Hbf,Hamburg Hbf,ICE,rain,False,False,False,2.5,False
2023-12-05,Tuesday,12,2023-12-05 14:18,14,Cologne Hbf,Bonn Hbf,RE,storm,False,False,False,3.6,False
2023-12-05,Tuesday,12,2023-12-05 15:30,15,Berlin Hbf,Hamburg Hbf,ICE,rain,False,False,False,6.3,True
2023-12-05,Tuesday,12,2023-12-05 17:38,17,Hamburg Hbf,Hannover Hbf,IC,rain,False,True,False,4.0,False
2023-12-05,Tuesday,12,2023-12-05 18:37,18,Leipzig Hbf,Dresden Hbf,RE,rain,True,True,False,2.1,False
2023-12-05,Tuesday,12,2023-12-05 19:08,19,Frankfurt(Main) Hbf,Mainz Hbf,S-Bahn,rain,False,True,False,1.5,False
2023-12-05,Tuesday,12,2023-12-05 19:27,19,Berlin Hbf,Hamburg Hbf,ICE,rain,False,True,False,6.7,True
2023-12-05,Tuesday,12,2023-12-05 20:34,20,Cologne Hbf,Bonn Hbf,RE,clear,False,False,False,1.6,False
2023-12-05,Tuesday,12,2023-12-05 20:44,20,Frankfurt(Main) Hbf,Stuttgart Hbf,IC,clear,False,False,False,1.1,False
2023-12-06,Wednesday,12,2023-12-06 05:11,5,Frankfurt(Main) Hbf,Mainz Hbf,S-Bahn,snow,False,False,False,1.7,False
2023-12-06,Wednesday,12,2023-12-06 07:47,7,Berlin Hbf,Potsdam Hbf,S-Bahn,rain,False,True,False,0.6,False
2023-12-06,Wednesday,12,2023-12-06 08:05,8,Berlin Hbf,Potsdam Hbf,S-Bahn,clear,False,True,False,2.1,False
2023-12-06,Wednesday,12,2023-12-06 09:25,9,Frankfurt(Main) Hbf,Mainz Hbf,S-Bahn,snow,False,False,False,5.8,True
2023-12-06,Wednesday,12,2023-12-06 10:08,10,Hamburg Hbf,Hannover Hbf,IC,clear,False,False,False,0.8,False
2023-12-06,Wednesday,12,2023-12-06 12:35,12,Cologne Hbf,Berlin Hbf,ICE,rain,False,False,False,3.2,False
2023-12-06,Wednesday,12,2023-12-06 12:46,12,Frankfurt(Main) Hbf,Stuttgart Hbf,IC,rain,False,False,False,2.0,False
2023-12-06,Wednesday,12,2023-12-06 17:49,17,Leipzig Hbf,Dresden Hbf,RE,snow,True,True,False,12.3,True
2023-12-06,Wednesday,12,2023-12-06 17:59,17,Munich Hbf,Augsburg Hbf,RE,rain,False,True,False,1.9,False
2023-12-06,Wednesday,12,2023-12-06 18:39,18,Munich Hbf,Augsburg Hbf,RE,clear,False,True,False,9.7,True
2023-12-07,Thursday,12,2023-12-07 05:28,5,Berlin Hbf,Hamburg Hbf,ICE,clear,False,False,False,7.5,True
2023-12-07,Thursday,12,2023-12-07 07:29,7,Munich Hbf,Augsburg Hbf,RE,rain,False,True,False,4.7,False
2023-12-07,Thursday,12,2023-12-07 08:31,8,Frankfurt(Main) Hbf,Mainz Hbf,S-Bahn,rain,False,True,False,2.0,False
2023-12-07,Thursday,12,2023-12-07 10:15,10,Berlin Hbf,Hamburg Hbf,ICE,storm,False,False,False,4.2,False
2023-12-07,Thursday,12,2023-12-07 10:38,10,Munich Hbf,Frankfurt(Main) Hbf,ICE,rain,False,False,False,16.5,True
2023-12-07,Thursday,12,2023-12-07 11:35,11,Leipzig Hbf,Dresden Hbf,RE,rain,False,False,False,6.3,True
2023-12-07,Thursday,12,2023-12-07 12:16,12,Berlin Hbf,Potsdam Hbf,S-Bahn,storm,False,False,False,0.4,False
2023-12-07,Thursday,12,2023-12-07 13:11,13,Hamburg Hbf,Hannover Hbf,IC,snow,False,False,False,3.2,False
2023-12-07,Thursday,12,2023-12-07 13:32,13,Frankfurt(Main) Hbf,Mainz Hbf,S-Bahn,snow,False,False,False,0.2,False
2023-12-07,Thursday,12,2023-12-07 15:17,15,Berlin Hbf,Hamburg Hbf,ICE,snow,False,False,False,11.0,True
2023-12-07,Thursday,12,2023-12-07 16:09,16,Munich Hbf,Augsburg Hbf,RE,clear,False,False,False,5.3,True
2023-12-07,Thursday,12,2023-12-07 21:25,21,Berlin Hbf,Potsdam Hbf,S-Bahn,rain,False,False,False,3.3,False
2023-12-08,Friday,12,2023-12-08 07:00,7,Frankfurt(Main) Hbf,Stuttgart Hbf,IC,clear,False,True,False,0.9,False
2023-12-08,Friday,12,2023-12-08 07:23,7,Cologne Hbf,Bonn Hbf,RE,rain,False,True,False,0.3,False
2023-12-08,Friday,12,2023-12-08 07:30,7,Munich Hbf,Augsburg Hbf,RE,clear,False,True,False,5.1,True
2023-12-08,Friday,12,2023-12-08 11:24,11,Frankfurt(Main) Hbf,Stuttgart Hbf,IC,snow,True,False,False,15.9,True
2023-12-08,Friday,12,2023-12-08 14:17,14,Berlin Hbf,Hamburg Hbf,ICE,clear,False,False,False,4.5,False
2023-12-08,Friday,12,2023-12-08 15:40,15,Berlin Hbf,Hamburg Hbf,ICE,clear,False,False,False,2.0,False
2023-12-08,Friday,12,2023-12-08 17:03,17,Leipzig Hbf,Dresden Hbf,RE,rain,False,True,False,1.4,False
2023-12-08,Friday,12,2023-12-08 17:38,17,Leipzig Hbf,Dresden Hbf,RE,rain,False,True,False,3.0,False
2023-12-08,Friday,12,2023-12-08 18:17,18,Frankfurt(Main) Hbf,Stuttgart Hbf,IC,clear,False,True,False,5.8,True
2023-12-08,Friday,12,2023-12-08 21:32,21,Cologne Hbf,Berlin Hbf,ICE,clear,False,False,False,4.8,False
2023-12-09,Saturday,12,2023-12-09 05:50,5,Cologne Hbf,Berlin Hbf,ICE,rain,False,False,True,2.8,False
2023-12-09,Saturday,12,2023-12-09 06:10,6,Berlin Hbf,Potsdam Hbf,S-Bahn,clear,False,False,True,0.5,False
2023-12-09,Saturday,12,2023-12-09 07:17,7,Munich Hbf,Augsburg Hbf,RE,clear,False,True,True,0.3,False
2023-12-09,Saturday,12,2023-12-09 08:25,8,Berlin Hbf,Hamburg Hbf,ICE,clear,True,True,True,3.5,False
2023-12-09,Saturday,12,2023-12-09 09:02,9,Berlin Hbf,Hamburg Hbf,ICE,storm,False,False,True,5.0,False
2023-12-09,Saturday,12,2023-12-09 13:14,13,Frankfurt(Main) Hbf,Mainz Hbf,S-Bahn,clear,False,False,True,3.7,False
2023-12-09,Saturday,12,2023-12-09 13:21,13,Cologne Hbf,Berlin Hbf,ICE,clear,False,False,True,9.4,True
2023-12-09,Saturday,12,2023-12-09 14:57,14,Munich Hbf,Frankfurt(Main) Hbf,ICE,rain,False,False,True,3.4,False
2023-12-09,Saturday,12,2023-12-09 15:04,15,Cologne Hbf,Bonn Hbf,RE,rain,True,False,True,0.1,False
2023-12-09,Saturday,12,2023-12-09 16:26,16,Berlin Hbf,Hamburg Hbf,ICE,rain,False,False,True,4.8,False
2023-12-09,Saturday,12,2023-12-09 16:55,16,Cologne Hbf,Bonn Hbf,RE,rain,True,False,True,4.8,False
2023-12-09,Saturday,12,2023-12-09 17:19,17,Cologne Hbf,Berlin Hbf,ICE,clear,False,True,True,6.8,True
2023-12-09,Saturday,12,2023-12-09 17:43,17,Munich Hbf,Augsburg Hbf,RE,rain,True,True,True,2.3,False
2023-12-09,Saturday,12,2023-12-09 18:42,18,Leipzig Hbf,Dresden Hbf,RE,snow,False,True,True,9.8,True
2023-12-09,Saturday,12,2023-12-09 18:47,18,Cologne Hbf,Berlin Hbf,ICE,clear,False,True,True,3.3,False
2023-12-09,Saturday,12,2023-12-09 20:12,20,Munich Hbf,Augsburg Hbf,RE,snow,False,False,True,3.1,False
2023-12-09,Saturday,12,2023-12-09 22:14,22,Hamburg Hbf,Hannover Hbf,IC,snow,False,False,True,5.4,True
2023-12-10,Sunday,12,2023-12-10 05:11,5,Munich Hbf,Augsburg Hbf,RE,snow,False,False,True,2.3,False
2023-12-10,Sunday,12,2023-12-10 06:01,6,Leipzig Hbf,Dresden Hbf,RE,snow,False,False,True,3.1,False
2023-12-10,Sunday,12,2023-12-10 08:26,8,Cologne Hbf,Bonn Hbf,RE,clear,False,True,True,0.8,False
2023-12-10,Sunday,12,2023-12-10 13:38,13,Hamburg Hbf,Hannover Hbf,IC,rain,False,False,True,2.6,False
2023-12-10,Sunday,12,2023-12-10 15:15,15,Cologne Hbf,Berlin Hbf,ICE,rain,False,False,True,15.3,True
2023-12-10,Sunday,12,2023-12-10 16:57,16,Munich Hbf,Frankfurt(Main) Hbf,ICE,storm,False,False,True,7.7,True
2023-12-10,Sunday,12,2023-12-10 18:21,18,Frankfurt(Main) Hbf,Mainz Hbf,S-Bahn,clear,False,True,True,5.0,False
2023-12-10,Sunday,12,2023-12-10 19:53,19,Frankfurt(Main) Hbf,Stuttgart Hbf,IC,rain,True,True,True,9.0,True
2023-12-11,Monday,12,2023-12-11 06:17,6,Leipzig Hbf,Dresden Hbf,RE,clear,False,False,False,1.2,False
2023-12-11,Monday,12,2023-12-11 08:55,8,Cologne Hbf,Bonn Hbf,RE,storm,True,True,False,6.5,True
2023-12-11,Monday,12,2023-12-11 09:47,9,Frankfurt(Main) Hbf,Mainz Hbf,S-Bahn,clear,False,False,False,4.7,False
2023-12-11,Monday,12,2023-12-11 09:55,9,Berlin Hbf,Hamburg Hbf,ICE,snow,False,False,False,16.4,True
2023-12-11,Monday,12,2023-12-11 13:11,13,Berlin Hbf,Hamburg Hbf,ICE,snow,False,False,False,4.8,False
2023-12-11,Monday,12,2023-12-11 15:22,15,Berlin Hbf,Hamburg Hbf,ICE,rain,False,False,False,4.1,False
2023-12-11,Monday,12,2023-12-11 16:25,16,Berlin Hbf,Potsdam Hbf,S-Bahn,snow,False,False,False,4.8,False
2023-12-11,Monday,12,2023-12-11 16:35,16,Cologne Hbf,Berlin Hbf,ICE,rain,False,False,False,1.6,False
2023-12-11,Monday,12,2023-12-11 17:27,17,Frankfurt(Main) Hbf,Stuttgart Hbf,IC,rain,False,True,False,5.6,True
2023-12-12,Tuesday,12,2023-12-12 11:50,11,Cologne Hbf,Berlin Hbf,ICE,clear,True,False,False,16.4,True
2023-12-12,Tuesday,12,2023-12-12 13:25,13,Cologne Hbf,Bonn Hbf,RE,rain,False,False,False,2.1,False
2023-12-12,Tuesday,12,2023-12-12 14:34,14,Frankfurt(Main) Hbf,Mainz Hbf,S-Bahn,snow,True,False,False,0.5,False
2023-12-12,Tuesday,12,2023-12-12 15:48,15,Cologne Hbf,Bonn Hbf,RE,rain,True,False,False,2.4,False
2023-12-12,Tuesday,12,2023-12-12 16:09,16,Frankfurt(Main) Hbf,Mainz Hbf,S-Bahn,snow,False,False,False,4.7,False
2023-12-12,Tuesday,12,2023-12-12 16:52,16,Berlin Hbf,Potsdam Hbf,S-Bahn,clear,False,False,False,0.3,False
2023-12-12,Tuesday,12,2023-12-12 18:31,18,Frankfurt(Main) Hbf,Stuttgart Hbf,IC,rain,False,True,False,0.8,False
2023-12-12,Tuesday,12,2023-12-12 19:03,19,Frankfurt(Main) Hbf,Mainz Hbf,S-Bahn,rain,False,True,False,1.7,False
2023-12-12,Tuesday,12,2023-12-12 19:13,19,Cologne Hbf,Bonn Hbf,RE,snow,False,True,False,1.5,False
2023-12-13,Wednesday,12,2023-12-13 05:26,5,Cologne Hbf,Berlin Hbf,ICE,rain,True,False,False,10.6,True
2023-12-13,Wednesday,12,2023-12-13 06:41,6,Cologne Hbf,Berlin Hbf,ICE,rain,False,False,False,9.3,True
2023-12-13,Wednesday,12,2023-12-13 08:51,8,Cologne Hbf,Bonn Hbf,RE,clear,False,True,False,4.4,False
2023-12-13,Wednesday,12,2023-12-13 14:14,14,Cologne Hbf,Bonn Hbf,RE,rain,False,False,False,2.9,False
2023-12-13,Wednesday,12,2023-12-13 15:27,15,Munich Hbf,Frankfurt(Main) Hbf,ICE,snow,False,False,False,9.0,True
2023-12-13,Wednesday,12,2023-12-13 15:37,15,Frankfurt(Main) Hbf,Mainz Hbf,S-Bahn,clear,False,False,False,2.4,False
2023-12-13,Wednesday,12,2023-12-13 15:51,15,Berlin Hbf,Hamburg Hbf,ICE,rain,False,False,False,4.1,False
2023-12-13,Wednesday,12,2023-12-13 17:38,17,Berlin Hbf,Hamburg Hbf,ICE,snow,False,True,False,11.5,True
2023-12-13,Wednesday,12,2023-12-13 17:47,17,Berlin Hbf,Potsdam Hbf,S-Bahn,clear,False,True,False,2.4,False
2023-12-14,Thursday,12,2023-12-14 07:11,7,Leipzig Hbf,Dresden Hbf,RE,clear,False,True,False,3.3,False
2023-12-14,Thursday,12,2023-12-14 08:09,8,Munich Hbf,Augsburg Hbf,RE,clear,True,True,False,0.6,False
2023-12-14,Thursday,12,2023-12-14 08:25,8,Munich Hbf,Augsburg Hbf,RE,snow,False,True,False,6.0,True
2023-12-14,Thursday,12,2023-12-14 09:05,9,Cologne Hbf,Bonn Hbf,RE,rain,False,False,False,7.9,True
2023-12-14,Thursday,12,2023-12-14 11:21,11,Leipzig Hbf,Dresden Hbf,RE,snow,False,False,False,14.5,True
2023-12-14,Thursday,12,2023-12-14 15:05,15,Frankfurt(Main) Hbf,Stuttgart Hbf,IC,snow,False,False,False,3.5,False
2023-12-14,Thursday,12,2023-12-14 17:01,17,Frankfurt(Main) Hbf,Stuttgart Hbf,IC,clear,False,True,False,2.4,False
2023-12-14,Thursday,12,2023-12-14 17:31,17,Hamburg Hbf,Hannover Hbf,IC,snow,False,True,False,14.5,True
2023-12-14,Thursday,12,2023-12-14 19:12,19,Cologne Hbf,Bonn Hbf,RE,storm,False,True,False,2.3,False
2023-12-14,Thursday,12,2023-12-14 20:42,20,Leipzig Hbf,Dresden Hbf,RE,snow,False,False,False,7.2,True
2023-12-14,Thursday,12,2023-12-14 20:51,20,Frankfurt(Main) Hbf,Mainz Hbf,S-Bahn,storm,False,False,False,0.4,False
2023-12-14,Thursday,12,2023-12-14 21:38,21,Berlin Hbf,Hamburg Hbf,ICE,snow,False,False,False,6.9,True
2023-12-14,Thursday,12,2023-12-14 22:08,22,Berlin Hbf,Hamburg Hbf,ICE,storm,False,False,False,5.1,True
2023-12-15,Friday,12,2023-12-15 06:21,6,Berlin Hbf,Potsdam Hbf,S-Bahn,rain,True,False,False,0.9,False
2023-12-15,Friday,12,2023-12-15 07:13,7,Hamburg Hbf,Hannover Hbf,IC,rain,False,True,False,3.4,False
2023-12-15,Friday,12,2023-12-15 08:07,8,Berlin Hbf,Potsdam Hbf,S-Bahn,snow,False,True,False,2.7,False
2023-12-15,Friday,12,2023-12-15 08:46,8,Frankfurt(Main) Hbf,Stuttgart Hbf,IC,rain,True,True,False,5.6,True
2023-12-15,Friday,12,2023-12-15 12:29,12,Leipzig Hbf,Dresden Hbf,RE,rain,False,False,False,4.3,False
2023-12-15,Friday,12,2023-12-15 16:30,16,Frankfurt(Main) Hbf,Mainz Hbf,S-Bahn,snow,False,False,False,1.7,False
2023-12-15,Friday,12,2023-12-15 17:09,17,Berlin Hbf,Hamburg Hbf,ICE,clear,False,True,False,5.0,False
2023-12-15,Friday,12,2023-12-15 17:30,17,Frankfurt(Main) Hbf,Mainz Hbf,S-Bahn,snow,False,True,False,0.7,False
2023-12-15,Friday,12,2023-12-15 17:38,17,Frankfurt(Main) Hbf,Mainz Hbf,S-Bahn,rain,False,True,False,1.1,False
2023-12-15,Friday,12,2023-12-15 17:59,17,Munich Hbf,Augsburg Hbf,RE,clear,False,True,False,1.7,False
2023-12-15,Friday,12,2023-12-15 22:03,22,Munich Hbf,Augsburg Hbf,RE,rain,False,False,False,1.2,False
2023-12-15,Friday,12,2023-12-15 22:11,22,Cologne Hbf,Berlin Hbf,ICE,rain,False,False,False,6.9,True
2023-12-15,Friday,12,2023-12-15 22:30,22,Cologne Hbf,Bonn Hbf,RE,clear,False,False,False,3.8,False
2023-12-16,Saturday,12,2023-12-16 06:36,6,Hamburg Hbf,Hannover Hbf,IC,rain,False,False,True,34.6,True
2023-12-16,Saturday,12,2023-12-16 07:13,7,Munich Hbf,Augsburg Hbf,RE,clear,True,True,True,49.1,True
2023-12-16,Saturday,12,2023-12-16 07:34,7,Frankfurt(Main) Hbf,Mainz Hbf,S-Bahn,clear,True,True,True,2.1,False
2023-12-16,Saturday,12,2023-12-16 07:36,7,Berlin Hbf,Potsdam Hbf,S-Bahn,snow,True,True,True,26.3,True
2023-12-16,Saturday,12,2023-12-16 09:12,9,Hamburg Hbf,Hannover Hbf,IC,clear,False,False,True,5.5,True
2023-12-16,Saturday,12,2023-12-16 10:05,10,Frankfurt(Main) Hbf,Stuttgart Hbf,IC,clear,False,False,True,2.1,False
2023-12-16,Saturday,12,2023-12-16 13:40,13,Frankfurt(Main) Hbf,Stuttgart Hbf,IC,clear,False,False,True,3.6,False
2023-12-16,Saturday,12,2023-12-16 14:13,14,Cologne Hbf,Berlin Hbf,ICE,snow,False,False,True,6.7,True
2023-12-16,Saturday,12,2023-12-16 15:29,15,Berlin Hbf,Hamburg Hbf,ICE,snow,False,False,True,10.9,True
2023-12-16,Saturday,12,2023-12-16 15:38,15,Hamburg Hbf,Hannover Hbf,IC,snow,False,False,True,4.9,False
2023-12-16,Saturday,12,2023-12-16 16:08,16,Berlin Hbf,Potsdam Hbf,S-Bahn,clear,True,False,True,5.0,False
2023-12-16,Saturday,12,2023-12-16 16:33,16,Cologne Hbf,Berlin Hbf,ICE,storm,False,False,True,8.9,True
2023-12-16,Saturday,12,2023-12-16 17:55,17,Berlin Hbf,Potsdam Hbf,S-Bahn,clear,False,True,True,1.5,False
2023-12-16,Saturday,12,2023-12-16 18:32,18,Frankfurt(Main) Hbf,Mainz Hbf,S-Bahn,snow,False,True,True,1.6,False
2023-12-16,Saturday,12,2023-12-16 20:42,20,Berlin Hbf,Potsdam Hbf,S-Bahn,snow,False,False,True,2.8,False
2023-12-17,Sunday,12,2023-12-17 12:17,12,Cologne Hbf,Bonn Hbf,RE,clear,True,False,True,1.5,False
2023-12-17,Sunday,12,2023-12-17 13:07,13,Berlin Hbf,Hamburg Hbf,ICE,clear,False,False,True,0.6,False
2023-12-17,Sunday,12,2023-12-17 13:15,13,Munich Hbf,Frankfurt(Main) Hbf,ICE,snow,False,False,True,53.9,True
2023-12-17,Sunday,12,2023-12-17 13:26,13,Hamburg Hbf,Hannover Hbf,IC,snow,False,False,True,3.4,False
2023-12-17,Sunday,12,2023-12-17 16:23,16,Cologne Hbf,Bonn Hbf,RE,clear,False,False,True,1.8,False
2023-12-17,Sunday,12,2023-12-17 16:30,16,Munich Hbf,Augsburg Hbf,RE,clear,False,False,True,1.2,False
2023-12-17,Sunday,12,2023-12-17 21:17,21,Berlin Hbf,Hamburg Hbf,ICE,rain,False,False,True,6.8,True
2023-12-18,Monday,12,2023-12-18 08:19,8,Cologne Hbf,Berlin Hbf,ICE,clear,True,True,False,4.9,False
2023-12-18,Monday,12,2023-12-18 08:21,8,Cologne Hbf,Bonn Hbf,RE,rain,True,True,False,3.8,False
2023-12-18,Monday,12,2023-12-18 09:10,9,Frankfurt(Main) Hbf,Mainz Hbf,S-Bahn,clear,False,False,False,0.0,False
2023-12-18,Monday,12,2023-12-18 11:08,11,Hamburg Hbf,Hannover Hbf,IC,clear,True,False,False,7.7,True
2023-12-18,Monday,12,2023-12-18 12:07,12,Munich Hbf,Frankfurt(Main) Hbf,ICE,snow,False,False,False,11.0,True
2023-12-18,Monday,12,2023-12-18 12:54,12,Munich Hbf,Augsburg Hbf,RE,snow,False,False,False,5.3,True
2023-12-18,Monday,12,2023-12-18 17:16,17,Frankfurt(Main) Hbf,Mainz Hbf,S-Bahn,rain,False,True,False,2.4,False
2023-12-18,Monday,12,2023-12-18 21:15,21,Hamburg Hbf,Hannover Hbf,IC,clear,False,False,False,7.0,True
2023-12-19,Tuesday,12,2023-12-19 07:02,7,Frankfurt(Main) Hbf,Mainz Hbf,S-Bahn,snow,False,True,False,0.5,False
2023-12-19,Tuesday,12,2023-12-19 07:37,7,Munich Hbf,Frankfurt(Main) Hbf,ICE,snow,False,True,False,14.2,True
2023-12-19,Tuesday,12,2023-12-19 08:32,8,Cologne Hbf,Bonn Hbf,RE,clear,False,True,False,0.6,False
2023-12-19,Tuesday,12,2023-12-19 09:05,9,Frankfurt(Main) Hbf,Mainz Hbf,S-Bahn,snow,False,False,False,2.6,False
2023-12-19,Tuesday,12,2023-12-19 09:31,9,Frankfurt(Main) Hbf,Mainz Hbf,S-Bahn,rain,False,False,False,2.8,False
2023-12-19,Tuesday,12,2023-12-19 12:17,12,Berlin Hbf,Hamburg Hbf,ICE,snow,False,False,False,10.9,True
2023-12-19,Tuesday,12,2023-12-19 13:04,13,Frankfurt(Main) Hbf,Stuttgart Hbf,IC,storm,False,False,False,6.5,True
2023-12-19,Tuesday,12,2023-12-19 14:28,14,Berlin Hbf,Hamburg Hbf,ICE,snow,False,False,False,4.9,False
2023-12-19,Tuesday,12,2023-12-19 14:55,14,Cologne Hbf,Bonn Hbf,RE,rain,False,False,False,1.7,False
2023-12-19,Tuesday,12,2023-12-19 17:04,17,Berlin Hbf,Potsdam Hbf,S-Bahn,rain,False,True,False,5.3,True
2023-12-19,Tuesday,12,2023-12-19 18:21,18,Munich Hbf,Frankfurt(Main) Hbf,ICE,snow,False,True,False,18.2,True
2023-12-19,Tuesday,12,2023-12-19 21:27,21,Munich Hbf,Augsburg Hbf,RE,rain,False,False,False,4.2,False
2023-12-19,Tuesday,12,2023-12-19 22:04,22,Berlin Hbf,Potsdam Hbf,S-Bahn,snow,False,False,False,5.0,False
2023-12-20,Wednesday,12,2023-12-20 05:42,5,Berlin Hbf,Hamburg Hbf,ICE,snow,False,False,False,17.3,True
2023-12-20,Wednesday,12,2023-12-20 06:26,6,Hamburg Hbf,Hannover Hbf,IC,rain,False,False,False,2.3,False
2023-12-20,Wednesday,12,2023-12-20 06:50,6,Frankfurt(Main) Hbf,Mainz Hbf,S-Bahn,clear,True,False,False,0.9,False
2023-12-20,Wednesday,12,2023-12-20 07:08,7,Berlin Hbf,Potsdam Hbf,S-Bahn,snow,True,True,False,2.5,False
2023-12-20,Wednesday,12,2023-12-20 07:16,7,Berlin Hbf,Potsdam Hbf,S-Bahn,storm,False,True,False,2.0,False
2023-12-20,Wednesday,12,2023-12-20 07:46,7,Munich Hbf,Augsburg Hbf,RE,snow,False,True,False,5.7,True
2023-12-20,Wednesday,12,2023-12-20 08:23,8,Frankfurt(Main) Hbf,Stuttgart Hbf,IC,snow,False,True,False,13.3,True
2023-12-20,Wednesday,12,2023-12-20 12:15,12,Munich Hbf,Frankfurt(Main) Hbf,ICE,clear,False,False,False,3.5,False
2023-12-20,Wednesday,12,2023-12-20 12:34,12,Frankfurt(Main) Hbf,Stuttgart Hbf,IC,snow,False,False,False,7.0,True
2023-12-20,Wednesday,12,2023-12-20 20:01,20,Berlin Hbf,Hamburg Hbf,ICE,clear,True,False,False,9.0,True
2023-12-21,Thursday,12,2023-12-21 06:54,6,Cologne Hbf,Bonn Hbf,RE,rain,False,False,False,5.7,True
2023-12-21,Thursday,12,2023-12-21 07:52,7,Cologne Hbf,Bonn Hbf,RE,rain,False,True,False,0.2,False
2023-12-21,Thursday,12,2023-12-21 08:39,8,Cologne Hbf,Bonn Hbf,RE,clear,False,True,False,5.0,False
2023-12-21,Thursday,12,2023-12-21 12:04,12,Frankfurt(Main) Hbf,Stuttgart Hbf,IC,clear,False,False,False,7.4,True
2023-12-21,Thursday,12,2023-12-21 17:38,17,Frankfurt(Main) Hbf,Mainz Hbf,S-Bahn,rain,False,True,False,1.3,False
2023-12-21,Thursday,12,2023-12-21 18:48,18,Leipzig Hbf,Dresden Hbf,RE,snow,False,True,False,6.7,True
2023-12-21,Thursday,12,2023-12-21 19:09,19,Hamburg Hbf,Hannover Hbf,IC,rain,False,True,False,9.3,True
2023-12-22,Friday,12,2023-12-22 06:31,6,Cologne Hbf,Berlin Hbf,ICE,snow,False,False,False,9.2,True
2023-12-22,Friday,12,2023-12-22 07:22,7,Leipzig Hbf,Dresden Hbf,RE,clear,False,True,False,2.0,False
2023-12-22,Friday,12,2023-12-22 08:41,8,Cologne Hbf,Bonn Hbf,RE,snow,False,True,False,10.1,True
2023-12-22,Friday,12,2023-12-22 09:11,9,Frankfurt(Main) Hbf,Mainz Hbf,S-Bahn,clear,False,False,False,2.1,False
2023-12-22,Friday,12,2023-12-22 10:56,10,Berlin Hbf,Hamburg Hbf,ICE,rain,False,False,False,2.7,False
2023-12-22,Friday,12,2023-12-22 11:03,11,Munich Hbf,Frankfurt(Main) Hbf,ICE,rain,False,False,False,7.8,True
2023-12-22,Friday,12,2023-12-22 13:19,13,Munich Hbf,Frankfurt(Main) Hbf,ICE,rain,True,False,False,10.2,True
2023-12-22,Friday,12,2023-12-22 13:35,13,Frankfurt(Main) Hbf,Mainz Hbf,S-Bahn,snow,True,False,False,0.9,False
2023-12-22,Friday,12,2023-12-22 17:05,17,Berlin Hbf,Hamburg Hbf,ICE,clear,False,True,False,2.6,False
2023-12-22,Friday,12,2023-12-22 18:52,18,Cologne Hbf,Berlin Hbf,ICE,snow,False,True,False,21.6,True
2023-12-22,Friday,12,2023-12-22 19:04,19,Berlin Hbf,Hamburg Hbf,ICE,clear,False,True,False,1.4,False
2023-12-22,Friday,12,2023-12-22 20:29,20,Berlin Hbf,Potsdam Hbf,S-Bahn,snow,False,False,False,0.9,False
2023-12-22,Friday,12,2023-12-22 21:28,21,Munich Hbf,Frankfurt(Main) Hbf,ICE,clear,False,False,False,1.8,False
2023-12-23,Saturday,12,2023-12-23 05:21,5,Cologne Hbf,Berlin Hbf,ICE,rain,False,False,True,11.5,True
2023-12-23,Saturday,12,2023-12-23 08:35,8,Munich Hbf,Augsburg Hbf,RE,snow,False,True,True,4.0,False
2023-12-23,Saturday,12,2023-12-23 10:28,10,Berlin Hbf,Potsdam Hbf,S-Bahn,rain,False,False,True,0.4,False
2023-12-23,Saturday,12,2023-12-23 14:40,14,Berlin Hbf,Potsdam Hbf,S-Bahn,rain,False,False,True,0.9,False
2023-12-23,Saturday,12,2023-12-23 15:20,15,Leipzig Hbf,Dresden Hbf,RE,clear,False,False,True,0.6,False
2023-12-24,Sunday,12,2023-12-24 06:16,6,Cologne Hbf,Bonn Hbf,RE,snow,False,False,True,7.1,True
2023-12-24,Sunday,12,2023-12-24 06:37,6,Frankfurt(Main) Hbf,Mainz Hbf,S-Bahn,snow,False,False,True,2.2,False
2023-12-24,Sunday,12,2023-12-24 08:47,8,Cologne Hbf,Berlin Hbf,ICE,clear,False,True,True,2.7,False
2023-12-24,Sunday,12,2023-12-24 09:08,9,Cologne Hbf,Berlin Hbf,ICE,rain,False,False,True,1.9,False
2023-12-24,Sunday,12,2023-12-24 09:20,9,Berlin Hbf,Potsdam Hbf,S-Bahn,snow,False,False,True,70.4,True
2023-12-24,Sunday,12,2023-12-24 14:01,14,Cologne Hbf,Bonn Hbf,RE,rain,False,False,True,2.7,False
2023-12-24,Sunday,12,2023-12-24 14:12,14,Hamburg Hbf,Hannover Hbf,IC,snow,True,False,True,12.7,True
2023-12-24,Sunday,12,2023-12-24 14:17,14,Frankfurt(Main) Hbf,Stuttgart Hbf,IC,snow,False,False,True,3.9,False
2023-12-24,Sunday,12,2023-12-24 15:10,15,Berlin Hbf,Potsdam Hbf,S-Bahn,clear,False,False,True,1.4,False
2023-12-24,Sunday,12,2023-12-24 15:10,15,Hamburg Hbf,Hannover Hbf,IC,clear,True,False,True,9.5,True
2023-12-24,Sunday,12,2023-12-24 16:35,16,Frankfurt(Main) Hbf,Stuttgart Hbf,IC,clear,False,False,True,4.2,False
2023-12-24,Sunday,12,2023-12-24 16:39,16,Leipzig Hbf,Dresden Hbf,RE,rain,False,False,True,3.0,False
2023-12-24,Sunday,12,2023-12-24 16:40,16,Hamburg Hbf,Hannover Hbf,IC,snow,False,False,True,10.7,True
2023-12-24,Sunday,12,2023-12-24 17:30,17,Berlin Hbf,Potsdam Hbf,S-Bahn,rain,False,True,True,2.2,False
2023-12-24,Sunday,12,2023-12-24 17:33,17,Munich Hbf,Augsburg Hbf,RE,rain,False,True,True,3.9,False
2023-12-24,Sunday,12,2023-12-24 20:56,20,Hamburg Hbf,Hannover Hbf,IC,snow,False,False,True,7.6,True
2023-12-25,Monday,12,2023-12-25 05:55,5,Frankfurt(Main) Hbf,Mainz Hbf,S-Bahn,clear,False,False,False,0.7,False
2023-12-25,Monday,12,2023-12-25 07:06,7,Berlin Hbf,Potsdam Hbf,S-Bahn,rain,False,True,False,1.7,False
2023-12-25,Monday,12,2023-12-25 08:57,8,Munich Hbf,Augsburg Hbf,RE,snow,False,True,False,3.2,False
2023-12-25,Monday,12,2023-12-25 09:24,9,Frankfurt(Main) Hbf,Stuttgart Hbf,IC,clear,True,False,False,2.2,False
2023-12-25,Monday,12,2023-12-25 13:11,13,Cologne Hbf,Bonn Hbf,RE,snow,False,False,False,2.1,False
2023-12-25,Monday,12,2023-12-25 15:52,15,Munich Hbf,Augsburg Hbf,RE,snow,False,False,False,11.4,True
2023-12-25,Monday,12,2023-12-25 16:24,16,Munich Hbf,Augsburg Hbf,RE,snow,False,False,False,3.7,False
2023-12-25,Monday,12,2023-12-25 16:50,16,Hamburg Hbf,Hannover Hbf,IC,rain,False,False,False,4.2,False
2023-12-25,Monday,12,2023-12-25 16:59,16,Munich Hbf,Augsburg Hbf,RE,snow,False,False,False,3.0,False
2023-12-25,Monday,12,2023-12-25 18:31,18,Frankfurt(Main) Hbf,Stuttgart Hbf,IC,rain,True,True,False,9.3,True
2023-12-25,Monday,12,2023-12-25 19:24,19,Cologne Hbf,Bonn Hbf,RE,snow,True,True,False,4.9,False
2023-12-25,Monday,12,2023-12-25 20:16,20,Hamburg Hbf,Hannover Hbf,IC,clear,False,False,False,0.9,False
2023-12-25,Monday,12,2023-12-25 22:14,22,Berlin Hbf,Hamburg Hbf,ICE,snow,False,False,False,10.1,True
2023-12-25,Monday,12,2023-12-25 22:48,22,Munich Hbf,Frankfurt(Main) Hbf,ICE,snow,False,False,False,23.0,True
2023-12-26,Tuesday,12,2023-12-26 05:24,5,Hamburg Hbf,Hannover Hbf,IC,clear,False,False,False,1.7,False
2023-12-26,Tuesday,12,2023-12-26 06:03,6,Frankfurt(Main) Hbf,Stuttgart Hbf,IC,storm,False,False,False,4.7,False
2023-12-26,Tuesday,12,2023-12-26 06:24,6,Cologne Hbf,Bonn Hbf,RE,clear,False,False,False,0.5,False
2023-12-26,Tuesday,12,2023-12-26 07:13,7,Leipzig Hbf,Dresden Hbf,RE,rain,False,True,False,3.1,False
2023-12-26,Tuesday,12,2023-12-26 08:05,8,Frankfurt(Main) Hbf,Stuttgart Hbf,IC,snow,False,True,False,10.2,True
2023-12-26,Tuesday,12,2023-12-26 08:13,8,Hamburg Hbf,Hannover Hbf,IC,clear,False,True,False,1.7,False
2023-12-26,Tuesday,12,2023-12-26 11:06,11,Cologne Hbf,Berlin Hbf,ICE,rain,True,False,False,11.0,True
2023-12-26,Tuesday,12,2023-12-26 11:27,11,Cologne Hbf,Berlin Hbf,ICE,rain,True,False,False,8.5,True
2023-12-26,Tuesday,12,2023-12-26 12:23,12,Berlin Hbf,Hamburg Hbf,ICE,snow,True,False,False,11.3,True
2023-12-26,Tuesday,12,2023-12-26 13:19,13,Frankfurt(Main) Hbf,Stuttgart Hbf,IC,rain,False,False,False,4.2,False
2023-12-26,Tuesday,12,2023-12-26 18:08,18,Cologne Hbf,Berlin Hbf,ICE,clear,False,True,False,6.8,True
2023-12-26,Tuesday,12,2023-12-26 18:57,18,Berlin Hbf,Hamburg Hbf,ICE,clear,False,True,False,3.8,False
2023-12-26,Tuesday,12,2023-12-26 19:53,19,Cologne Hbf,Bonn Hbf,RE,snow,True,True,False,11.4,True
2023-12-26,Tuesday,12,2023-12-26 21:57,21,Munich Hbf,Frankfurt(Main) Hbf,ICE,rain,False,False,False,4.0,False
2023-12-26,Tuesday,12,2023-12-26 22:50,22,Munich Hbf,Frankfurt(Main) Hbf,ICE,rain,False,False,False,4.8,False
2023-12-27,Wednesday,12,2023-12-27 06:01,6,Cologne Hbf,Berlin Hbf,ICE,clear,False,False,False,2.5,False
2023-12-27,Wednesday,12,2023-12-27 08:07,8,Frankfurt(Main) Hbf,Mainz Hbf,S-Bahn,snow,False,True,False,2.6,False
2023-12-27,Wednesday,12,2023-12-27 09:05,9,Cologne Hbf,Bonn Hbf,RE,rain,True,False,False,3.8,False
2023-12-27,Wednesday,12,2023-12-27 10:51,10,Berlin Hbf,Hamburg Hbf,ICE,rain,False,False,False,3.7,False
2023-12-27,Wednesday,12,2023-12-27 12:14,12,Leipzig Hbf,Dresden Hbf,RE,snow,False,False,False,6.6,True
2023-12-27,Wednesday,12,2023-12-27 12:23,12,Cologne Hbf,Berlin Hbf,ICE,rain,False,False,False,7.5,True
2023-12-27,Wednesday,12,2023-12-27 16:55,16,Munich Hbf,Frankfurt(Main) Hbf,ICE,rain,False,False,False,2.9,False
2023-12-27,Wednesday,12,2023-12-27 17:10,17,Cologne Hbf,Bonn Hbf,RE,rain,False,True,False,1.8,False
2023-12-27,Wednesday,12,2023-12-27 17:46,17,Cologne Hbf,Bonn Hbf,RE,rain,True,True,False,2.4,False
2023-12-27,Wednesday,12,2023-12-27 21:56,21,Munich Hbf,Augsburg Hbf,RE,rain,False,False,False,4.6,False
2023-12-28,Thursday,12,2023-12-28 05:57,5,Munich Hbf,Frankfurt(Main) Hbf,ICE,snow,False,False,False,5.7,True
2023-12-28,Thursday,12,2023-12-28 07:04,7,Cologne Hbf,Bonn Hbf,RE,rain,False,True,False,1.0,False
2023-12-28,Thursday,12,2023-12-28 09:41,9,Cologne Hbf,Bonn Hbf,RE,clear,False,False,False,0.7,False
2023-12-28,Thursday,12,2023-12-28 12:08,12,Berlin Hbf,Potsdam Hbf,S-Bahn,rain,False,False,False,4.8,False
2023-12-28,Thursday,12,2023-12-28 13:16,13,Berlin Hbf,Potsdam Hbf,S-Bahn,clear,False,False,False,2.0,False
2023-12-28,Thursday,12,2023-12-28 13:20,13,Cologne Hbf,Bonn Hbf,RE,rain,True,False,False,4.2,False
2023-12-28,Thursday,12,2023-12-28 14:02,14,Berlin Hbf,Hamburg Hbf,ICE,snow,False,False,False,4.2,False
2023-12-28,Thursday,12,2023-12-28 15:44,15,Munich Hbf,Augsburg Hbf,RE,clear,False,False,False,2.7,False
2023-12-28,Thursday,12,2023-12-28 17:07,17,Frankfurt(Main) Hbf,Mainz Hbf,S-Bahn,clear,False,True,False,6.0,True
2023-12-28,Thursday,12,2023-12-28 17:45,17,Munich Hbf,Augsburg Hbf,RE,snow,False,True,False,2.9,False
2023-12-28,Thursday,12,2023-12-28 19:48,19,Hamburg Hbf,Hannover Hbf,IC,snow,False,True,False,11.0,True
2023-12-28,Thursday,12,2023-12-28 20:21,20,Berlin Hbf,Potsdam Hbf,S-Bahn,clear,False,False,False,2.5,False
2023-12-28,Thursday,12,2023-12-28 20:38,20,Leipzig Hbf,Dresden Hbf,RE,clear,False,False,False,5.6,True
2023-12-28,Thursday,12,2023-12-28 20:42,20,Hamburg Hbf,Hannover Hbf,IC,clear,True,False,False,32.8,True
2023-12-28,Thursday,12,2023-12-28 22:06,22,Cologne Hbf,Berlin Hbf,ICE,clear,False,False,False,5.0,False
2023-12-28,Thursday,12,2023-12-28 22:54,22,Berlin Hbf,Potsdam Hbf,S-Bahn,storm,False,False,False,0.5,False
2023-12-29,Friday,12,2023-12-29 07:22,7,Munich Hbf,Augsburg Hbf,RE,rain,False,True,False,2.6,False
2023-12-29,Friday,12,2023-12-29 08:15,8,Leipzig Hbf,Dresden Hbf,RE,snow,False,True,False,6.2,True
2023-12-29,Friday,12,2023-12-29 08:38,8,Munich Hbf,Augsburg Hbf,RE,storm,True,True,False,8.9,True
2023-12-29,Friday,12,2023-12-29 12:18,12,Munich Hbf,Augsburg Hbf,RE,clear,True,False,False,0.7,False
2023-12-29,Friday,12,2023-12-29 12:24,12,Cologne Hbf,Bonn Hbf,RE,rain,False,False,False,67.4,True
2023-12-29,Friday,12,2023-12-29 13:41,13,Munich Hbf,Frankfurt(Main) Hbf,ICE,clear,False,False,False,3.1,False
2023-12-29,Friday,12,2023-12-29 14:39,14,Munich Hbf,Frankfurt(Main) Hbf,ICE,rain,False,False,False,12.3,True
2023-12-29,Friday,12,2023-12-29 15:22,15,Cologne Hbf,Bonn Hbf,RE,clear,False,False,False,1.2,False
2023-12-29,Friday,12,2023-12-29 15:23,15,Berlin Hbf,Hamburg Hbf,ICE,snow,False,False,False,11.8,True
2023-12-29,Friday,12,2023-12-29 18:09,18,Cologne Hbf,Bonn Hbf,RE,rain,False,True,False,3.3,False
2023-12-29,Friday,12,2023-12-29 19:27,19,Frankfurt(Main) Hbf,Stuttgart Hbf,IC,clear,True,True,False,2.6,False
2023-12-30,Saturday,12,2023-12-30 07:29,7,Cologne Hbf,Berlin Hbf,ICE,clear,False,True,True,2.6,False
2023-12-30,Saturday,12,2023-12-30 10:06,10,Munich Hbf,Frankfurt(Main) Hbf,ICE,clear,False,False,True,6.0,True
2023-12-30,Saturday,12,2023-12-30 13:01,13,Cologne Hbf,Berlin Hbf,ICE,snow,False,False,True,7.7,True
2023-12-30,Saturday,12,2023-12-30 13:38,13,Munich Hbf,Augsburg Hbf,RE,clear,False,False,True,0.1,False
2023-12-30,Saturday,12,2023-12-30 17:01,17,Frankfurt(Main) Hbf,Mainz Hbf,S-Bahn,storm,False,True,True,0.8,False
2023-12-30,Saturday,12,2023-12-30 17:09,17,Munich Hbf,Augsburg Hbf,RE,rain,False,True,True,4.5,False
2023-12-30,Saturday,12,2023-12-30 19:19,19,Hamburg Hbf,Hannover Hbf,IC,rain,False,True,True,3.5,False
2023-12-30,Saturday,12,2023-12-30 19:20,19,Berlin Hbf,Potsdam Hbf,S-Bahn,snow,True,True,True,1.1,False
2023-12-30,Saturday,12,2023-12-30 22:30,22,Munich Hbf,Frankfurt(Main) Hbf,ICE,snow,False,False,True,14.5,True
2023-12-31,Sunday,12,2023-12-31 07:29,7,Munich Hbf,Augsburg Hbf,RE,snow,False,True,True,3.0,False
2023-12-31,Sunday,12,2023-12-31 10:09,10,Frankfurt(Main) Hbf,Stuttgart Hbf,IC,rain,False,False,True,1.2,False
2023-12-31,Sunday,12,2023-12-31 11:16,11,Cologne Hbf,Berlin Hbf,ICE,snow,False,False,True,4.7,False
2023-12-31,Sunday,12,2023-12-31 14:36,14,Berlin Hbf,Potsdam Hbf,S-Bahn,rain,True,False,True,1.2,False
2023-12-31,Sunday,12,2023-12-31 16:44,16,Berlin Hbf,Potsdam Hbf,S-Bahn,snow,False,False,True,2.3,False
2023-12-31,Sunday,12,2023-12-31 17:01,17,Berlin Hbf,Potsdam Hbf,S-Bahn,clear,False,True,True,3.0,False
2023-12-31,Sunday,12,2023-12-31 18:29,18,Berlin Hbf,Potsdam Hbf,S-Bahn,rain,False,True,True,2.1,False
2023-12-31,Sunday,12,2023-12-31 18:59,18,Cologne Hbf,Berlin Hbf,ICE,rain,False,True,True,7.1,True
2023-12-31,Sunday,12,2023-12-31 19:04,19,Cologne Hbf,Berlin Hbf,ICE,snow,False,True,True,12.4,True
2023-12-31,Sunday,12,2023-12-31 21:53,21,Cologne Hbf,Bonn Hbf,RE,storm,False,False,True,3.3,False
2024-01-01,Monday,1,2024-01-01 05:47,5,Munich Hbf,Frankfurt(Main) Hbf,ICE,snow,False,False,False,17.1,True
2024-01-01,Monday,1,2024-01-01 08:22,8,Berlin Hbf,Potsdam Hbf,S-Bahn,snow,False,True,False,3.2,False
2024-01-01,Monday,1,2024-01-01 09:40,9,Frankfurt(Main) Hbf,Stuttgart Hbf,IC,rain,False,False,False,6.4,True
2024-01-01,Monday,1,2024-01-01 09:51,9,Cologne Hbf,Bonn Hbf,RE,clear,False,False,False,0.4,False
2024-01-01,Monday,1,2024-01-01 10:19,10,Cologne Hbf,Berlin Hbf,ICE,rain,False,False,False,4.9,False
2024-01-01,Monday,1,2024-01-01 13:24,13,Berlin Hbf,Potsdam Hbf,S-Bahn,clear,False,False,False,3.2,False
2024-01-01,Monday,1,2024-01-01 16:15,16,Berlin Hbf,Hamburg Hbf,ICE,rain,False,False,False,6.9,True
2024-01-01,Monday,1,2024-01-01 16:17,16,Hamburg Hbf,Hannover Hbf,IC,clear,False,False,False,6.1,True
2024-01-01,Monday,1,2024-01-01 16:48,16,Frankfurt(Main) Hbf,Mainz Hbf,S-Bahn,clear,False,False,False,3.7,False
2024-01-01,Monday,1,2024-01-01 18:12,18,Berlin Hbf,Hamburg Hbf,ICE,storm,False,True,False,4.5,False
2024-01-01,Monday,1,2024-01-01 21:39,21,Frankfurt(Main) Hbf,Stuttgart Hbf,IC,clear,False,False,False,7.8,True
2024-01-02,Tuesday,1,2024-01-02 05:19,5,Cologne Hbf,Berlin Hbf,ICE,rain,False,False,False,4.5,False
2024-01-02,Tuesday,1,2024-01-02 06:07,6,Frankfurt(Main) Hbf,Mainz Hbf,S-Bahn,snow,True,False,False,0.9,False
2024-01-02,Tuesday,1,2024-01-02 06:53,6,Berlin Hbf,Potsdam Hbf,S-Bahn,storm,False,False,False,0.4,False
2024-01-02,Tuesday,1,2024-01-02 07:12,7,Berlin Hbf,Potsdam Hbf,S-Bahn,storm,False,True,False,3.0,False
2024-01-02,Tuesday,1,2024-01-02 08:26,8,Cologne Hbf,Bonn Hbf,RE,snow,False,True,False,5.7,True
2024-01-02,Tuesday,1,2024-01-02 09:20,9,Berlin Hbf,Hamburg Hbf,ICE,snow,False,False,False,14.5,True
2024-01-02,Tuesday,1,2024-01-02 09:21,9,Frankfurt(Main) Hbf,Stuttgart Hbf,IC,rain,False,False,False,2.8,False
2024-01-02,Tuesday,1,2024-01-02 10:24,10,Munich Hbf,Frankfurt(Main) Hbf,ICE,rain,False,False,False,9.8,True
2024-01-02,Tuesday,1,2024-01-02 13:23,13,Leipzig Hbf,Dresden Hbf,RE,snow,False,False,False,4.3,False
2024-01-02,Tuesday,1,2024-01-02 14:47,14,Munich Hbf,Augsburg Hbf,RE,clear,False,False,False,1.3,False
2024-01-02,Tuesday,1,2024-01-02 15:21,15,Cologne Hbf,Berlin Hbf,ICE,rain,False,False,False,6.3,True
2024-01-02,Tuesday,1,2024-01-02 15:21,15,Berlin Hbf,Hamburg Hbf,ICE,snow,False,False,False,2.7,False
2024-01-02,Tuesday,1,2024-01-02 16:24,16,Munich Hbf,Augsburg Hbf,RE,snow,False,False,False,1.3,False
2024-01-02,Tuesday,1,2024-01-02 16:29,16,Munich Hbf,Augsburg Hbf,RE,rain,False,False,False,3.4,False
2024-01-02,Tuesday,1,2024-01-02 18:23,18,Munich Hbf,Augsburg Hbf,RE,clear,False,True,False,3.5,False
2024-01-03,Wednesday,1,2024-01-03 05:12,5,Berlin Hbf,Hamburg Hbf,ICE,snow,True,False,False,22.8,True
2024-01-03,Wednesday,1,2024-01-03 07:12,7,Cologne Hbf,Berlin Hbf,ICE,rain,False,True,False,10.3,True
2024-01-03,Wednesday,1,2024-01-03 08:22,8,Cologne Hbf,Bonn Hbf,RE,snow,False,True,False,8.9,True
2024-01-03,Wednesday,1,2024-01-03 09:14,9,Munich Hbf,Augsburg Hbf,RE,snow,False,False,False,2.1,False
2024-01-03,Wednesday,1,2024-01-03 09:41,9,Frankfurt(Main) Hbf,Stuttgart Hbf,IC,snow,False,False,False,3.6,False
2024-01-03,Wednesday,1,2024-01-03 11:37,11,Berlin Hbf,Hamburg Hbf,ICE,snow,False,False,False,8.1,True
2024-01-03,Wednesday,1,2024-01-03 11:45,11,Cologne Hbf,Berlin Hbf,ICE,rain,True,False,False,9.4,True
2024-01-03,Wednesday,1,2024-01-03 12:15,12,Cologne Hbf,Bonn Hbf,RE,clear,False,False,False,8.3,True
2024-01-03,Wednesday,1,2024-01-03 12:49,12,Munich Hbf,Frankfurt(Main) Hbf,ICE,rain,True,False,False,4.4,False
2024-01-03,Wednesday,1,2024-01-03 16:47,16,Cologne Hbf,Bonn Hbf,RE,snow,False,False,False,1.4,False
2024-01-03,Wednesday,1,2024-01-03 18:06,18,Cologne Hbf,Berlin Hbf,ICE,rain,False,True,False,1.6,False
2024-01-04,Thursday,1,2024-01-04 05:50,5,Munich Hbf,Frankfurt(Main) Hbf,ICE,snow,False,False,False,6.5,True
2024-01-04,Thursday,1,2024-01-04 07:31,7,Frankfurt(Main) Hbf,Mainz Hbf,S-Bahn,rain,False,True,False,1.9,False
2024-01-04,Thursday,1,2024-01-04 07:38,7,Cologne Hbf,Bonn Hbf,RE,snow,True,True,False,6.9,True
2024-01-04,Thursday,1,2024-01-04 09:03,9,Berlin Hbf,Hamburg Hbf,ICE,snow,False,False,False,6.0,True
2024-01-04,Thursday,1,2024-01-04 09:14,9,Berlin Hbf,Hamburg Hbf,ICE,clear,False,False,False,3.1,False
2024-01-04,Thursday,1,2024-01-04 14:34,14,Leipzig Hbf,Dresden Hbf,RE,snow,False,False,False,3.4,False
2024-01-04,Thursday,1,2024-01-04 14:37,14,Frankfurt(Main) Hbf,Stuttgart Hbf,IC,snow,False,False,False,4.0,False
2024-01-04,Thursday,1,2024-01-04 16:25,16,Berlin Hbf,Potsdam Hbf,S-Bahn,snow,False,False,False,0.9,False
2024-01-04,Thursday,1,2024-01-04 18:06,18,Berlin Hbf,Potsdam Hbf,S-Bahn,rain,False,True,False,4.2,False
2024-01-04,Thursday,1,2024-01-04 19:55,19,Munich Hbf,Frankfurt(Main) Hbf,ICE,clear,False,True,False,6.7,True
2024-01-04,Thursday,1,2024-01-04 21:10,21,Hamburg Hbf,Hannover Hbf,IC,rain,False,False,False,3.4,False
2024-01-04,Thursday,1,2024-01-04 21:40,21,Berlin Hbf,Hamburg Hbf,ICE,clear,False,False,False,5.5,True
2024-01-05,Friday,1,2024-01-05 06:48,6,Munich Hbf,Frankfurt(Main) Hbf,ICE,storm,True,False,False,16.5,True
2024-01-05,Friday,1,2024-01-05 06:49,6,Cologne Hbf,Bonn Hbf,RE,clear,True,False,False,2.7,False
2024-01-05,Friday,1,2024-01-05 09:01,9,Munich Hbf,Frankfurt(Main) Hbf,ICE,rain,False,False,False,4.8,False
2024-01-05,Friday,1,2024-01-05 10:27,10,Munich Hbf,Augsburg Hbf,RE,rain,False,False,False,5.2,True
2024-01-05,Friday,1,2024-01-05 10:57,10,Munich Hbf,Augsburg Hbf,RE,snow,False,False,False,0.3,False
2024-01-05,Friday,1,2024-01-05 12:02,12,Leipzig Hbf,Dresden Hbf,RE,clear,False,False,False,0.8,False
2024-01-05,Friday,1,2024-01-05 16:52,16,Leipzig Hbf,Dresden Hbf,RE,rain,False,False,False,5.5,True
2024-01-05,Friday,1,2024-01-05 17:23,17,Frankfurt(Main) Hbf,Mainz Hbf,S-Bahn,clear,False,True,False,2.1,False
2024-01-05,Friday,1,2024-01-05 18:37,18,Berlin Hbf,Hamburg Hbf,ICE,snow,False,True,False,10.5,True
2024-01-06,Saturday,1,2024-01-06 07:21,7,Munich Hbf,Frankfurt(Main) Hbf,ICE,clear,False,True,True,5.3,True
2024-01-06,Saturday,1,2024-01-06 10:10,10,Cologne Hbf,Berlin Hbf,ICE,storm,False,False,True,13.4,True
2024-01-06,Saturday,1,2024-01-06 10:34,10,Hamburg Hbf,Hannover Hbf,IC,snow,False,False,True,15.8,True
2024-01-06,Saturday,1,2024-01-06 10:59,10,Hamburg Hbf,Hannover Hbf,IC,snow,True,False,True,3.5,False
2024-01-06,Saturday,1,2024-01-06 11:24,11,Hamburg Hbf,Hannover Hbf,IC,clear,False,False,True,2.3,False
2024-01-06,Saturday,1,2024-01-06 12:04,12,Cologne Hbf,Bonn Hbf,RE,snow,False,False,True,5.2,True
2024-01-06,Saturday,1,2024-01-06 15:29,15,Frankfurt(Main) Hbf,Stuttgart Hbf,IC,clear,False,False,True,0.9,False
2024-01-06,Saturday,1,2024-01-06 15:32,15,Cologne Hbf,Bonn Hbf,RE,snow,False,False,True,4.3,False
2024-01-06,Saturday,1,2024-01-06 16:42,16,Hamburg Hbf,Hannover Hbf,IC,rain,False,False,True,0.3,False
2024-01-06,Saturday,1,2024-01-06 17:25,17,Berlin Hbf,Potsdam Hbf,S-Bahn,rain,False,True,True,3.4,False
2024-01-06,Saturday,1,2024-01-06 17:41,17,Frankfurt(Main) Hbf,Mainz Hbf,S-Bahn,snow,False,True,True,0.2,False
2024-01-06,Saturday,1,2024-01-06 19:05,19,Leipzig Hbf,Dresden Hbf,RE,clear,False,True,True,2.2,False
2024-01-06,Saturday,1,2024-01-06 19:38,19,Frankfurt(Main) Hbf,Stuttgart Hbf,IC,clear,False,True,True,3.5,False
2024-01-07,Sunday,1,2024-01-07 05:01,5,Berlin Hbf,Hamburg Hbf,ICE,rain,True,False,True,6.9,True
2024-01-07,Sunday,1,2024-01-07 08:34,8,Munich Hbf,Augsburg Hbf,RE,rain,False,True,True,3.5,False
2024-01-07,Sunday,1,2024-01-07 09:18,9,Frankfurt(Main) Hbf,Stuttgart Hbf,IC,clear,False,False,True,1.5,False
2024-01-07,Sunday,1,2024-01-07 15:08,15,Munich Hbf,Augsburg Hbf,RE,clear,False,False,True,6.3,True
2024-01-07,Sunday,1,2024-01-07 15:08,15,Hamburg Hbf,Hannover Hbf,IC,rain,False,False,True,1.1,False
2024-01-07,Sunday,1,2024-01-07 20:31,20,Munich Hbf,Augsburg Hbf,RE,snow,True,False,True,5.0,False
2024-01-07,Sunday,1,2024-01-07 22:30,22,Berlin Hbf,Hamburg Hbf,ICE,clear,False,False,True,5.6,True
2024-01-08,Monday,1,2024-01-08 06:05,6,Munich Hbf,Frankfurt(Main) Hbf,ICE,snow,False,False,False,14.7,True
2024-01-08,Monday,1,2024-01-08 07:02,7,Frankfurt(Main) Hbf,Stuttgart Hbf,IC,snow,False,True,False,5.9,True
2024-01-08,Monday,1,2024-01-08 08:57,8,Munich Hbf,Augsburg Hbf,RE,storm,False,True,False,4.1,False
2024-01-08,Monday,1,2024-01-08 10:58,10,Berlin Hbf,Hamburg Hbf,ICE,clear,True,False,False,66.5,True
2024-01-08,Monday,1,2024-01-08 15:23,15,Berlin Hbf,Hamburg Hbf,ICE,snow,False,False,False,7.4,True
2024-01-08,Monday,1,2024-01-08 15:48,15,Hamburg Hbf,Hannover Hbf,IC,rain,False,False,False,1.3,False
2024-01-08,Monday,1,2024-01-08 17:58,17,Leipzig Hbf,Dresden Hbf,RE,clear,False,True,False,0.4,False
2024-01-08,Monday,1,2024-01-08 18:27,18,Munich Hbf,Augsburg Hbf,RE,rain,False,True,False,2.6,False
2024-01-08,Monday,1,2024-01-08 22:20,22,Berlin Hbf,Hamburg Hbf,ICE,rain,False,False,False,7.5,True
2024-01-09,Tuesday,1,2024-01-09 07:34,7,Leipzig Hbf,Dresden Hbf,RE,rain,False,True,False,2.0,False
2024-01-09,Tuesday,1,2024-01-09 07:48,7,Munich Hbf,Frankfurt(Main) Hbf,ICE,clear,False,True,False,6.6,True
2024-01-09,Tuesday,1,2024-01-09 08:15,8,Cologne Hbf,Berlin Hbf,ICE,rain,False,True,False,5.5,True
2024-01-09,Tuesday,1,2024-01-09 08:48,8,Leipzig Hbf,Dresden Hbf,RE,snow,False,True,False,3.1,False
2024-01-09,Tuesday,1,2024-01-09 09:36,9,Frankfurt(Main) Hbf,Stuttgart Hbf,IC,snow,False,False,False,5.6,True
2024-01-09,Tuesday,1,2024-01-09 15:52,15,Cologne Hbf,Bonn Hbf,RE,snow,False,False,False,2.3,False
2024-01-09,Tuesday,1,2024-01-09 17:06,17,Cologne Hbf,Bonn Hbf,RE,snow,False,True,False,2.5,False
2024-01-09,Tuesday,1,2024-01-09 20:41,20,Leipzig Hbf,Dresden Hbf,RE,snow,False,False,False,3.3,False
2024-01-10,Wednesday,1,2024-01-10 08:54,8,Frankfurt(Main) Hbf,Mainz Hbf,S-Bahn,rain,False,True,False,1.2,False
2024-01-10,Wednesday,1,2024-01-10 08:56,8,Berlin Hbf,Potsdam Hbf,S-Bahn,clear,False,True,False,0.7,False
2024-01-10,Wednesday,1,2024-01-10 10:43,10,Hamburg Hbf,Hannover Hbf,IC,rain,False,False,False,4.7,False
2024-01-10,Wednesday,1,2024-01-10 12:16,12,Berlin Hbf,Hamburg Hbf,ICE,rain,False,False,False,2.5,False
2024-01-10,Wednesday,1,2024-01-10 12:58,12,Frankfurt(Main) Hbf,Stuttgart Hbf,IC,clear,False,False,False,0.9,False
2024-01-10,Wednesday,1,2024-01-10 19:11,19,Munich Hbf,Frankfurt(Main) Hbf,ICE,storm,False,True,False,8.2,True
2024-01-10,Wednesday,1,2024-01-10 21:42,21,Leipzig Hbf,Dresden Hbf,RE,rain,False,False,False,2.4,False
2024-01-11,Thursday,1,2024-01-11 05:07,5,Munich Hbf,Frankfurt(Main) Hbf,ICE,storm,False,False,False,9.8,True
2024-01-11,Thursday,1,2024-01-11 07:06,7,Cologne Hbf,Bonn Hbf,RE,clear,False,True,False,2.0,False
2024-01-11,Thursday,1,2024-01-11 07:23,7,Cologne Hbf,Bonn Hbf,RE,clear,False,True,False,2.9,False
2024-01-11,Thursday,1,2024-01-11 07:27,7,Leipzig Hbf,Dresden Hbf,RE,clear,False,True,False,1.4,False
2024-01-11,Thursday,1,2024-01-11 08:22,8,Munich Hbf,Frankfurt(Main) Hbf,ICE,snow,False,True,False,9.8,True
2024-01-11,Thursday,1,2024-01-11 08:46,8,Berlin Hbf,Potsdam Hbf,S-Bahn,snow,True,True,False,13.1,True
2024-01-11,Thursday,1,2024-01-11 13:05,13,Hamburg Hbf,Hannover Hbf,IC,storm,False,False,False,3.5,False
2024-01-11,Thursday,1,2024-01-11 13:19,13,Munich Hbf,Augsburg Hbf,RE,clear,False,False,False,0.4,False
2024-01-11,Thursday,1,2024-01-11 14:40,14,Leipzig Hbf,Dresden Hbf,RE,clear,False,False,False,2.8,False
2024-01-11,Thursday,1,2024-01-11 14:50,14,Hamburg Hbf,Hannover Hbf,IC,rain,False,False,False,4.6,False
2024-01-11,Thursday,1,2024-01-11 16:33,16,Munich Hbf,Augsburg Hbf,RE,clear,False,False,False,2.1,False
2024-01-11,Thursday,1,2024-01-11 19:56,19,Berlin Hbf,Potsdam Hbf,S-Bahn,snow,True,True,False,2.6,False
2024-01-11,Thursday,1,2024-01-11 22:44,22,Munich Hbf,Frankfurt(Main) Hbf,ICE,snow,False,False,False,5.2,True
2024-01-12,Friday,1,2024-01-12 06:16,6,Cologne Hbf,Berlin Hbf,ICE,rain,False,False,False,8.0,True
2024-01-12,Friday,1,2024-01-12 07:18,7,Berlin Hbf,Hamburg Hbf,ICE,clear,True,True,False,5.1,True
2024-01-12,Friday,1,2024-01-12 10:39,10,Cologne Hbf,Berlin Hbf,ICE,clear,False,False,False,5.8,True
2024-01-12,Friday,1,2024-01-12 11:49,11,Munich Hbf,Augsburg Hbf,RE,rain,False,False,False,0.9,False
2024-01-12,Friday,1,2024-01-12 14:41,14,Munich Hbf,Augsburg Hbf,RE,clear,False,False,False,1.7,False
2024-01-12,Friday,1,2024-01-12 17:12,17,Leipzig Hbf,Dresden Hbf,RE,snow,True,True,False,6.9,True
2024-01-12,Friday,1,2024-01-12 17:25,17,Munich Hbf,Frankfurt(Main) Hbf,ICE,rain,False,True,False,77.3,True
2024-01-12,Friday,1,2024-01-12 18:30,18,Berlin Hbf,Hamburg Hbf,ICE,clear,True,True,False,7.5,True
2024-01-12,Friday,1,2024-01-12 19:15,19,Munich Hbf,Augsburg Hbf,RE,rain,False,True,False,0.8,False
2024-01-12,Friday,1,2024-01-12 21:15,21,Berlin Hbf,Potsdam Hbf,S-Bahn,snow,False,False,False,1.5,False
2024-01-13,Saturday,1,2024-01-13 06:00,6,Berlin Hbf,Hamburg Hbf,ICE,snow,True,False,True,12.4,True
2024-01-13,Saturday,1,2024-01-13 07:10,7,Frankfurt(Main) Hbf,Stuttgart Hbf,IC,rain,False,True,True,4.8,False
2024-01-13,Saturday,1,2024-01-13 07:27,7,Frankfurt(Main) Hbf,Stuttgart Hbf,IC,clear,False,True,True,4.6,False
2024-01-13,Saturday,1,2024-01-13 07:38,7,Frankfurt(Main) Hbf,Mainz Hbf,S-Bahn,snow,False,True,True,2.4,False
2024-01-13,Saturday,1,2024-01-13 08:22,8,Leipzig Hbf,Dresden Hbf,RE,snow,False,True,True,1.8,False
2024-01-13,Saturday,1,2024-01-13 08:34,8,Berlin Hbf,Potsdam Hbf,S-Bahn,snow,False,True,True,6.0,True
2024-01-13,Saturday,1,2024-01-13 09:32,9,Frankfurt(Main) Hbf,Stuttgart Hbf,IC,clear,False,False,True,4.0,False
2024-01-13,Saturday,1,2024-01-13 10:55,10,Cologne Hbf,Bonn Hbf,RE,rain,False,False,True,0.8,False
2024-01-13,Saturday,1,2024-01-13 14:23,14,Berlin Hbf,Potsdam Hbf,S-Bahn,clear,False,False,True,3.5,False
2024-01-13,Saturday,1,2024-01-13 15:25,15,Cologne Hbf,Berlin Hbf,ICE,snow,False,False,True,12.8,True
2024-01-13,Saturday,1,2024-01-13 17:53,17,Frankfurt(Main) Hbf,Mainz Hbf,S-Bahn,snow,False,True,True,5.6,True
2024-01-13,Saturday,1,2024-01-13 18:57,18,Cologne Hbf,Bonn Hbf,RE,clear,True,True,True,0.3,False
2024-01-13,Saturday,1,2024-01-13 22:28,22,Hamburg Hbf,Hannover Hbf,IC,clear,False,False,True,0.1,False
2024-01-14,Sunday,1,2024-01-14 07:08,7,Frankfurt(Main) Hbf,Stuttgart Hbf,IC,snow,False,True,True,13.3,True
2024-01-14,Sunday,1,2024-01-14 07:50,7,Frankfurt(Main) Hbf,Stuttgart Hbf,IC,snow,False,True,True,6.7,True
2024-01-14,Sunday,1,2024-01-14 08:46,8,Frankfurt(Main) Hbf,Mainz Hbf,S-Bahn,rain,False,True,True,0.3,False
2024-01-14,Sunday,1,2024-01-14 09:03,9,Berlin Hbf,Hamburg Hbf,ICE,snow,False,False,True,7.9,True
2024-01-14,Sunday,1,2024-01-14 09:43,9,Cologne Hbf,Berlin Hbf,ICE,rain,False,False,True,6.4,True
2024-01-14,Sunday,1,2024-01-14 10:54,10,Berlin Hbf,Potsdam Hbf,S-Bahn,clear,True,False,True,0.2,False
2024-01-14,Sunday,1,2024-01-14 18:04,18,Berlin Hbf,Hamburg Hbf,ICE,rain,False,True,True,5.1,True
2024-01-14,Sunday,1,2024-01-14 18:14,18,Munich Hbf,Augsburg Hbf,RE,rain,False,True,True,1.3,False
2024-01-14,Sunday,1,2024-01-14 19:14,19,Hamburg Hbf,Hannover Hbf,IC,snow,False,True,True,10.7,True
2024-01-15,Monday,1,2024-01-15 06:37,6,Berlin Hbf,Potsdam Hbf,S-Bahn,rain,False,False,False,0.3,False
2024-01-15,Monday,1,2024-01-15 07:49,7,Berlin Hbf,Potsdam Hbf,S-Bahn,snow,False,True,False,1.6,False
2024-01-15,Monday,1,2024-01-15 10:42,10,Hamburg Hbf,Hannover Hbf,IC,rain,False,False,False,5.9,True
2024-01-15,Monday,1,2024-01-15 14:21,14,Cologne Hbf,Berlin Hbf,ICE,snow,False,False,False,4.9,False
2024-01-15,Monday,1,2024-01-15 15:58,15,Hamburg Hbf,Hannover Hbf,IC,clear,False,False,False,1.0,False
2024-01-15,Monday,1,2024-01-15 16:18,16,Munich Hbf,Augsburg Hbf,RE,clear,False,False,False,2.5,False
2024-01-15,Monday,1,2024-01-15 18:17,18,Frankfurt(Main) Hbf,Stuttgart Hbf,IC,clear,False,True,False,2.0,False
2024-01-15,Monday,1,2024-01-15 19:14,19,Frankfurt(Main) Hbf,Stuttgart Hbf,IC,rain,False,True,False,7.3,True
2024-01-16,Tuesday,1,2024-01-16 06:19,6,Cologne Hbf,Bonn Hbf,RE,rain,False,False,False,2.4,False
2024-01-16,Tuesday,1,2024-01-16 09:04,9,Cologne Hbf,Bonn Hbf,RE,clear,False,False,False,3.2,False
2024-01-16,Tuesday,1,2024-01-16 12:36,12,Munich Hbf,Augsburg Hbf,RE,snow,False,False,False,5.5,True
2024-01-16,Tuesday,1,2024-01-16 13:21,13,Cologne Hbf,Berlin Hbf,ICE,snow,True,False,False,24.9,True
2024-01-16,Tuesday,1,2024-01-16 13:26,13,Munich Hbf,Frankfurt(Main) Hbf,ICE,clear,False,False,False,2.7,False
2024-01-16,Tuesday,1,2024-01-16 13:59,13,Hamburg Hbf,Hannover Hbf,IC,clear,False,False,False,3.1,False
2024-01-16,Tuesday,1,2024-01-16 17:12,17,Frankfurt(Main) Hbf,Stuttgart Hbf,IC,snow,False,True,False,7.7,True
2024-01-16,Tuesday,1,2024-01-16 17:13,17,Hamburg Hbf,Hannover Hbf,IC,clear,False,True,False,2.0,False
2024-01-16,Tuesday,1,2024-01-16 17:41,17,Frankfurt(Main) Hbf,Mainz Hbf,S-Bahn,snow,False,True,False,1.8,False
2024-01-16,Tuesday,1,2024-01-16 17:43,17,Berlin Hbf,Potsdam Hbf,S-Bahn,clear,False,True,False,1.9,False
2024-01-16,Tuesday,1,2024-01-16 21:01,21,Cologne Hbf,Berlin Hbf,ICE,snow,False,False,False,36.8,True
2024-01-17,Wednesday,1,2024-01-17 07:11,7,Leipzig Hbf,Dresden Hbf,RE,snow,False,True,False,4.3,False
2024-01-17,Wednesday,1,2024-01-17 08:39,8,Munich Hbf,Augsburg Hbf,RE,snow,False,True,False,5.4,True
2024-01-17,Wednesday,1,2024-01-17 09:35,9,Cologne Hbf,Berlin Hbf,ICE,storm,False,False,False,11.0,True
2024-01-17,Wednesday,1,2024-01-17 10:27,10,Frankfurt(Main) Hbf,Mainz Hbf,S-Bahn,rain,False,False,False,5.5,True
2024-01-17,Wednesday,1,2024-01-17 12:49,12,Munich Hbf,Augsburg Hbf,RE,rain,False,False,False,11.5,True
2024-01-17,Wednesday,1,2024-01-17 12:59,12,Leipzig Hbf,Dresden Hbf,RE,clear,False,False,False,1.8,False
2024-01-17,Wednesday,1,2024-01-17 15:22,15,Cologne Hbf,Bonn Hbf,RE,clear,False,False,False,3.6,False
2024-01-17,Wednesday,1,2024-01-17 15:34,15,Leipzig Hbf,Dresden Hbf,RE,snow,False,False,False,4.3,False
2024-01-17,Wednesday,1,2024-01-17 16:14,16,Cologne Hbf,Berlin Hbf,ICE,clear,False,False,False,7.1,True
2024-01-17,Wednesday,1,2024-01-17 17:18,17,Leipzig Hbf,Dresden Hbf,RE,snow,True,True,False,6.9,True
2024-01-17,Wednesday,1,2024-01-17 17:28,17,Frankfurt(Main) Hbf,Mainz Hbf,S-Bahn,rain,False,True,False,0.3,False
2024-01-18,Thursday,1,2024-01-18 06:11,6,Frankfurt(Main) Hbf,Mainz Hbf,S-Bahn,clear,False,False,False,2.9,False
2024-01-18,Thursday,1,2024-01-18 06:20,6,Munich Hbf,Frankfurt(Main) Hbf,ICE,clear,False,False,False,2.4,False
2024-01-18,Thursday,1,2024-01-18 06:22,6,Berlin Hbf,Hamburg Hbf,ICE,rain,False,False,False,8.6,True
2024-01-18,Thursday,1,2024-01-18 07:22,7,Frankfurt(Main) Hbf,Mainz Hbf,S-Bahn,rain,True,True,False,1.5,False
2024-01-18,Thursday,1,2024-01-18 08:22,8,Munich Hbf,Frankfurt(Main) Hbf,ICE,storm,False,True,False,10.8,True
2024-01-18,Thursday,1,2024-01-18 11:45,11,Frankfurt(Main) Hbf,Mainz Hbf,S-Bahn,rain,True,False,False,3.6,False
2024-01-18,Thursday,1,2024-01-18 17:54,17,Cologne Hbf,Bonn Hbf,RE,clear,False,True,False,2.5,False
2024-01-18,Thursday,1,2024-01-18 18:25,18,Cologne Hbf,Bonn Hbf,RE,snow,False,True,False,5.2,True
2024-01-18,Thursday,1,2024-01-18 18:43,18,Hamburg Hbf,Hannover Hbf,IC,clear,True,True,False,8.6,True
2024-01-18,Thursday,1,2024-01-18 22:22,22,Munich Hbf,Frankfurt(Main) Hbf,ICE,rain,False,False,False,3.2,False
2024-01-19,Friday,1,2024-01-19 08:43,8,Munich Hbf,Augsburg Hbf,RE,rain,False,True,False,4.3,False
2024-01-19,Friday,1,2024-01-19 12:24,12,Berlin Hbf,Potsdam Hbf,S-Bahn,rain,False,False,False,4.2,False
2024-01-19,Friday,1,2024-01-19 14:24,14,Hamburg Hbf,Hannover Hbf,IC,rain,False,False,False,3.3,False
2024-01-19,Friday,1,2024-01-19 14:53,14,Cologne Hbf,Berlin Hbf,ICE,storm,False,False,False,8.8,True
2024-01-19,Friday,1,2024-01-19 15:20,15,Munich Hbf,Frankfurt(Main) Hbf,ICE,clear,False,False,False,4.6,False
2024-01-19,Friday,1,2024-01-19 16:50,16,Leipzig Hbf,Dresden Hbf,RE,clear,False,False,False,1.1,False
2024-01-19,Friday,1,2024-01-19 17:31,17,Frankfurt(Main) Hbf,Stuttgart Hbf,IC,rain,False,True,False,4.4,False
2024-01-19,Friday,1,2024-01-19 21:02,21,Munich Hbf,Frankfurt(Main) Hbf,ICE,clear,False,False,False,2.7,False
2024-01-20,Saturday,1,2024-01-20 06:36,6,Munich Hbf,Frankfurt(Main) Hbf,ICE,snow,False,False,True,12.8,True
2024-01-20,Saturday,1,2024-01-20 06:49,6,Leipzig Hbf,Dresden Hbf,RE,rain,False,False,True,0.7,False
2024-01-20,Saturday,1,2024-01-20 13:23,13,Cologne Hbf,Berlin Hbf,ICE,clear,False,False,True,5.3,True
2024-01-20,Saturday,1,2024-01-20 16:57,16,Munich Hbf,Augsburg Hbf,RE,rain,False,False,True,2.4,False
2024-01-20,Saturday,1,2024-01-20 19:15,19,Frankfurt(Main) Hbf,Stuttgart Hbf,IC,snow,False,True,True,4.6,False
2024-01-20,Saturday,1,2024-01-20 20:11,20,Frankfurt(Main) Hbf,Mainz Hbf,S-Bahn,snow,False,False,True,3.5,False
2024-01-20,Saturday,1,2024-01-20 20:35,20,Munich Hbf,Augsburg Hbf,RE,rain,False,False,True,4.0,False
2024-01-20,Saturday,1,2024-01-20 21:51,21,Frankfurt(Main) Hbf,Stuttgart Hbf,IC,snow,False,False,True,4.7,False
2024-01-21,Sunday,1,2024-01-21 07:20,7,Frankfurt(Main) Hbf,Mainz Hbf,S-Bahn,rain,True,True,True,3.3,False
2024-01-21,Sunday,1,2024-01-21 08:02,8,Cologne Hbf,Bonn Hbf,RE,rain,False,True,True,2.0,False
2024-01-21,Sunday,1,2024-01-21 08:07,8,Berlin Hbf,Hamburg Hbf,ICE,rain,False,True,True,3.6,False
2024-01-21,Sunday,1,2024-01-21 08:17,8,Berlin Hbf,Potsdam Hbf,S-Bahn,clear,False,True,True,73.7,True
2024-01-21,Sunday,1,2024-01-21 08:18,8,Munich Hbf,Frankfurt(Main) Hbf,ICE,snow,False,True,True,6.1,True
2024-01-21,Sunday,1,2024-01-21 08:29,8,Frankfurt(Main) Hbf,Stuttgart Hbf,IC,clear,False,True,True,2.1,False
2024-01-21,Sunday,1,2024-01-21 10:10,10,Hamburg Hbf,Hannover Hbf,IC,snow,False,False,True,2.6,False
2024-01-21,Sunday,1,2024-01-21 10:50,10,Cologne Hbf,Berlin Hbf,ICE,snow,True,False,True,12.6,True
2024-01-21,Sunday,1,2024-01-21 12:07,12,Cologne Hbf,Berlin Hbf,ICE,clear,False,False,True,4.4,False
2024-01-21,Sunday,1,2024-01-21 17:26,17,Frankfurt(Main) Hbf,Mainz Hbf,S-Bahn,rain,True,True,True,2.7,False
2024-01-21,Sunday,1,2024-01-21 17:56,17,Frankfurt(Main) Hbf,Stuttgart Hbf,IC,snow,False,True,True,9.1,True
2024-01-21,Sunday,1,2024-01-21 19:47,19,Leipzig Hbf,Dresden Hbf,RE,clear,True,True,True,1.5,False
2024-01-22,Monday,1,2024-01-22 05:47,5,Munich Hbf,Frankfurt(Main) Hbf,ICE,rain,False,False,False,2.8,False
2024-01-22,Monday,1,2024-01-22 08:23,8,Leipzig Hbf,Dresden Hbf,RE,clear,False,True,False,12.0,True
2024-01-22,Monday,1,2024-01-22 10:11,10,Cologne Hbf,Bonn Hbf,RE,storm,False,False,False,2.6,False
2024-01-22,Monday,1,2024-01-22 10:15,10,Munich Hbf,Frankfurt(Main) Hbf,ICE,clear,False,False,False,3.7,False
2024-01-22,Monday,1,2024-01-22 10:37,10,Cologne Hbf,Bonn Hbf,RE,clear,False,False,False,3.9,False
2024-01-22,Monday,1,2024-01-22 10:48,10,Hamburg Hbf,Hannover Hbf,IC,rain,False,False,False,10.4,True
2024-01-22,Monday,1,2024-01-22 11:57,11,Leipzig Hbf,Dresden Hbf,RE,snow,False,False,False,3.6,False
2024-01-22,Monday,1,2024-01-22 13:36,13,Munich Hbf,Frankfurt(Main) Hbf,ICE,rain,False,False,False,17.2,True
2024-01-22,Monday,1,2024-01-22 14:52,14,Cologne Hbf,Berlin Hbf,ICE,snow,False,False,False,7.5,True
2024-01-22,Monday,1,2024-01-22 16:16,16,Leipzig Hbf,Dresden Hbf,RE,rain,False,False,False,3.3,False
2024-01-22,Monday,1,2024-01-22 17:04,17,Munich Hbf,Frankfurt(Main) Hbf,ICE,storm,False,True,False,11.8,True
2024-01-22,Monday,1,2024-01-22 17:18,17,Leipzig Hbf,Dresden Hbf,RE,snow,False,True,False,9.1,True
2024-01-22,Monday,1,2024-01-22 19:27,19,Frankfurt(Main) Hbf,Mainz Hbf,S-Bahn,rain,False,True,False,2.9,False
2024-01-23,Tuesday,1,2024-01-23 05:07,5,Munich Hbf,Frankfurt(Main) Hbf,ICE,clear,False,False,False,1.0,False
2024-01-23,Tuesday,1,2024-01-23 06:15,6,Hamburg Hbf,Hannover Hbf,IC,clear,False,False,False,1.4,False
2024-01-23,Tuesday,1,2024-01-23 07:01,7,Cologne Hbf,Bonn Hbf,RE,rain,False,True,False,1.8,False
2024-01-23,Tuesday,1,2024-01-23 11:17,11,Hamburg Hbf,Hannover Hbf,IC,rain,True,False,False,3.6,False
2024-01-23,Tuesday,1,2024-01-23 16:02,16,Cologne Hbf,Bonn Hbf,RE,clear,True,False,False,2.4,False
2024-01-23,Tuesday,1,2024-01-23 16:59,16,Frankfurt(Main) Hbf,Stuttgart Hbf,IC,clear,True,False,False,4.8,False
2024-01-23,Tuesday,1,2024-01-23 17:20,17,Berlin Hbf,Potsdam Hbf,S-Bahn,rain,True,True,False,1.0,False
2024-01-23,Tuesday,1,2024-01-23 18:22,18,Berlin Hbf,Potsdam Hbf,S-Bahn,snow,False,True,False,0.7,False
2024-01-23,Tuesday,1,2024-01-23 18:52,18,Cologne Hbf,Berlin Hbf,ICE,clear,False,True,False,6.8,True
2024-01-24,Wednesday,1,2024-01-24 05:34,5,Munich Hbf,Frankfurt(Main) Hbf,ICE,rain,True,False,False,8.7,True
2024-01-24,Wednesday,1,2024-01-24 07:51,7,Leipzig Hbf,Dresden Hbf,RE,rain,True,True,False,10.7,True
2024-01-24,Wednesday,1,2024-01-24 08:34,8,Berlin Hbf,Hamburg Hbf,ICE,snow,False,True,False,14.0,True
2024-01-24,Wednesday,1,2024-01-24 08:44,8,Cologne Hbf,Bonn Hbf,RE,snow,False,True,False,1.6,False
2024-01-24,Wednesday,1,2024-01-24 08:51,8,Cologne Hbf,Bonn Hbf,RE,clear,False,True,False,1.1,False
2024-01-24,Wednesday,1,2024-01-24 10:34,10,Berlin Hbf,Potsdam Hbf,S-Bahn,snow,False,False,False,0.5,False
2024-01-24,Wednesday,1,2024-01-24 14:42,14,Berlin Hbf,Hamburg Hbf,ICE,snow,False,False,False,13.8,True
2024-01-24,Wednesday,1,2024-01-24 16:15,16,Berlin Hbf,Hamburg Hbf,ICE,clear,False,False,False,3.8,False
2024-01-24,Wednesday,1,2024-01-24 17:01,17,Leipzig Hbf,Dresden Hbf,RE,rain,False,True,False,2.5,False
2024-01-24,Wednesday,1,2024-01-24 20:10,20,Berlin Hbf,Hamburg Hbf,ICE,snow,False,False,False,10.7,True
2024-01-24,Wednesday,1,2024-01-24 20:18,20,Berlin Hbf,Potsdam Hbf,S-Bahn,rain,False,False,False,2.3,False
2024-01-25,Thursday,1,2024-01-25 05:57,5,Leipzig Hbf,Dresden Hbf,RE,rain,False,False,False,1.5,False
2024-01-25,Thursday,1,2024-01-25 06:29,6,Munich Hbf,Augsburg Hbf,RE,rain,False,False,False,3.1,False
2024-01-25,Thursday,1,2024-01-25 07:00,7,Berlin Hbf,Potsdam Hbf,S-Bahn,rain,False,True,False,1.3,False
2024-01-25,Thursday,1,2024-01-25 07:01,7,Frankfurt(Main) Hbf,Mainz Hbf,S-Bahn,snow,False,True,False,4.0,False
2024-01-25,Thursday,1,2024-01-25 09:35,9,Frankfurt(Main) Hbf,Stuttgart Hbf,IC,rain,False,False,False,6.9,True
2024-01-25,Thursday,1,2024-01-25 12:37,12,Hamburg Hbf,Hannover Hbf,IC,rain,False,False,False,4.2,False
2024-01-25,Thursday,1,2024-01-25 14:42,14,Berlin Hbf,Hamburg Hbf,ICE,snow,False,False,False,14.7,True
2024-01-25,Thursday,1,2024-01-25 14:45,14,Hamburg Hbf,Hannover Hbf,IC,snow,False,False,False,8.1,True
2024-01-25,Thursday,1,2024-01-25 15:06,15,Cologne Hbf,Berlin Hbf,ICE,rain,False,False,False,10.2,True
2024-01-25,Thursday,1,2024-01-25 15:46,15,Berlin Hbf,Potsdam Hbf,S-Bahn,snow,False,False,False,3.3,False
2024-01-25,Thursday,1,2024-01-25 16:22,16,Cologne Hbf,Berlin Hbf,ICE,clear,False,False,False,2.7,False
2024-01-25,Thursday,1,2024-01-25 16:54,16,Cologne Hbf,Bonn Hbf,RE,rain,False,False,False,9.5,True
2024-01-25,Thursday,1,2024-01-25 17:01,17,Berlin Hbf,Potsdam Hbf,S-Bahn,clear,True,True,False,1.4,False
2024-01-25,Thursday,1,2024-01-25 19:37,19,Munich Hbf,Frankfurt(Main) Hbf,ICE,clear,False,True,False,4.5,False
2024-01-25,Thursday,1,2024-01-25 21:30,21,Frankfurt(Main) Hbf,Stuttgart Hbf,IC,storm,False,False,False,5.3,True
2024-01-25,Thursday,1,2024-01-25 21:33,21,Cologne Hbf,Berlin Hbf,ICE,snow,False,False,False,15.1,True
2024-01-25,Thursday,1,2024-01-25 21:41,21,Munich Hbf,Augsburg Hbf,RE,snow,True,False,False,5.0,False
2024-01-26,Friday,1,2024-01-26 10:20,10,Berlin Hbf,Potsdam Hbf,S-Bahn,clear,False,False,False,0.8,False
2024-01-26,Friday,1,2024-01-26 10:22,10,Munich Hbf,Frankfurt(Main) Hbf,ICE,clear,False,False,False,7.9,True
2024-01-26,Friday,1,2024-01-26 11:57,11,Munich Hbf,Frankfurt(Main) Hbf,ICE,clear,True,False,False,9.8,True
2024-01-26,Friday,1,2024-01-26 14:20,14,Leipzig Hbf,Dresden Hbf,RE,clear,False,False,False,1.4,False
2024-01-26,Friday,1,2024-01-26 15:46,15,Frankfurt(Main) Hbf,Stuttgart Hbf,IC,rain,False,False,False,6.2,True
2024-01-26,Friday,1,2024-01-26 17:21,17,Berlin Hbf,Potsdam Hbf,S-Bahn,clear,False,True,False,2.6,False
2024-01-26,Friday,1,2024-01-26 20:15,20,Berlin Hbf,Potsdam Hbf,S-Bahn,rain,True,False,False,0.6,False
2024-01-27,Saturday,1,2024-01-27 08:27,8,Berlin Hbf,Hamburg Hbf,ICE,rain,False,True,True,7.0,True
2024-01-27,Saturday,1,2024-01-27 09:07,9,Cologne Hbf,Berlin Hbf,ICE,rain,False,False,True,4.2,False
2024-01-27,Saturday,1,2024-01-27 11:29,11,Munich Hbf,Frankfurt(Main) Hbf,ICE,snow,False,False,True,10.7,True
2024-01-27,Saturday,1,2024-01-27 12:08,12,Leipzig Hbf,Dresden Hbf,RE,storm,False,False,True,2.9,False
2024-01-27,Saturday,1,2024-01-27 12:24,12,Hamburg Hbf,Hannover Hbf,IC,rain,False,False,True,1.9,False
2024-01-27,Saturday,1,2024-01-27 14:34,14,Munich Hbf,Augsburg Hbf,RE,rain,False,False,True,1.9,False
2024-01-28,Sunday,1,2024-01-28 06:04,6,Frankfurt(Main) Hbf,Mainz Hbf,S-Bahn,clear,False,False,True,2.0,False
2024-01-28,Sunday,1,2024-01-28 07:17,7,Cologne Hbf,Bonn Hbf,RE,snow,False,True,True,4.7,False
2024-01-28,Sunday,1,2024-01-28 07:56,7,Cologne Hbf,Berlin Hbf,ICE,clear,False,True,True,1.4,False
2024-01-28,Sunday,1,2024-01-28 08:57,8,Cologne Hbf,Berlin Hbf,ICE,clear,False,True,True,1.0,False
2024-01-28,Sunday,1,2024-01-28 10:44,10,Munich Hbf,Frankfurt(Main) Hbf,ICE,clear,False,False,True,4.6,False
2024-01-28,Sunday,1,2024-01-28 14:55,14,Cologne Hbf,Bonn Hbf,RE,clear,False,False,True,2.3,False
2024-01-28,Sunday,1,2024-01-28 15:44,15,Munich Hbf,Augsburg Hbf,RE,snow,False,False,True,2.9,False
2024-01-28,Sunday,1,2024-01-28 17:04,17,Munich Hbf,Frankfurt(Main) Hbf,ICE,rain,False,True,True,49.6,True
2024-01-28,Sunday,1,2024-01-28 18:13,18,Munich Hbf,Frankfurt(Main) Hbf,ICE,snow,False,True,True,10.9,True
2024-01-29,Monday,1,2024-01-29 05:43,5,Cologne Hbf,Bonn Hbf,RE,snow,False,False,False,4.1,False
2024-01-29,Monday,1,2024-01-29 08:26,8,Cologne Hbf,Bonn Hbf,RE,snow,False,True,False,3.2,False
2024-01-29,Monday,1,2024-01-29 09:40,9,Hamburg Hbf,Hannover Hbf,IC,clear,False,False,False,1.9,False
2024-01-29,Monday,1,2024-01-29 16:27,16,Frankfurt(Main) Hbf,Stuttgart Hbf,IC,rain,False,False,False,1.7,False
2024-01-29,Monday,1,2024-01-29 17:04,17,Cologne Hbf,Bonn Hbf,RE,rain,False,True,False,0.9,False
2024-01-29,Monday,1,2024-01-29 17:40,17,Frankfurt(Main) Hbf,Mainz Hbf,S-Bahn,rain,True,True,False,0.7,False
2024-01-29,Monday,1,2024-01-29 17:41,17,Cologne Hbf,Bonn Hbf,RE,snow,False,True,False,2.2,False
2024-01-29,Monday,1,2024-01-29 18:17,18,Berlin Hbf,Hamburg Hbf,ICE,rain,False,True,False,2.1,False
2024-01-29,Monday,1,2024-01-29 18:55,18,Leipzig Hbf,Dresden Hbf,RE,clear,False,True,False,4.7,False
2024-01-29,Monday,1,2024-01-29 20:32,20,Berlin Hbf,Hamburg Hbf,ICE,rain,False,False,False,8.4,True
2024-01-29,Monday,1,2024-01-29 20:40,20,Hamburg Hbf,Hannover Hbf,IC,snow,False,False,False,3.4,False
2024-01-30,Tuesday,1,2024-01-30 05:03,5,Berlin Hbf,Potsdam Hbf,S-Bahn,snow,False,False,False,1.9,False
2024-01-30,Tuesday,1,2024-01-30 08:21,8,Frankfurt(Main) Hbf,Mainz Hbf,S-Bahn,clear,False,True,False,5.6,True
2024-01-30,Tuesday,1,2024-01-30 08:43,8,Frankfurt(Main) Hbf,Mainz Hbf,S-Bahn,rain,False,True,False,3.3,False
2024-01-30,Tuesday,1,2024-01-30 09:12,9,Berlin Hbf,Potsdam Hbf,S-Bahn,rain,True,False,False,0.5,False
2024-01-30,Tuesday,1,2024-01-30 12:40,12,Frankfurt(Main) Hbf,Stuttgart Hbf,IC,rain,False,False,False,5.9,True
2024-01-30,Tuesday,1,2024-01-30 13:48,13,Hamburg Hbf,Hannover Hbf,IC,clear,False,False,False,3.9,False
2024-01-30,Tuesday,1,2024-01-30 14:30,14,Cologne Hbf,Berlin Hbf,ICE,clear,False,False,False,2.0,False
2024-01-30,Tuesday,1,2024-01-30 16:03,16,Munich Hbf,Augsburg Hbf,RE,clear,False,False,False,3.2,False
2024-01-30,Tuesday,1,2024-01-30 17:03,17,Munich Hbf,Frankfurt(Main) Hbf,ICE,clear,False,True,False,8.8,True
2024-01-30,Tuesday,1,2024-01-30 18:18,18,Hamburg Hbf,Hannover Hbf,IC,clear,False,True,False,2.8,False
2024-01-30,Tuesday,1,2024-01-30 20:41,20,Berlin Hbf,Hamburg Hbf,ICE,clear,False,False,False,2.5,False
2024-01-30,Tuesday,1,2024-01-30 20:56,20,Frankfurt(Main) Hbf,Stuttgart Hbf,IC,snow,False,False,False,7.1,True
2024-01-30,Tuesday,1,2024-01-30 21:49,21,Hamburg Hbf,Hannover Hbf,IC,clear,False,False,False,2.5,False
2024-01-31,Wednesday,1,2024-01-31 10:12,10,Hamburg Hbf,Hannover Hbf,IC,rain,False,False,False,3.0,False
2024-01-31,Wednesday,1,2024-01-31 10:38,10,Berlin Hbf,Potsdam Hbf,S-Bahn,rain,True,False,False,0.2,False
2024-01-31,Wednesday,1,2024-01-31 15:07,15,Leipzig Hbf,Dresden Hbf,RE,snow,True,False,False,4.5,False
2024-01-31,Wednesday,1,2024-01-31 18:46,18,Cologne Hbf,Berlin Hbf,ICE,clear,False,True,False,6.8,True
2024-01-31,Wednesday,1,2024-01-31 18:55,18,Hamburg Hbf,Hannover Hbf,IC,clear,False,True,False,4.9,False
2024-01-31,Wednesday,1,2024-01-31 19:40,19,Cologne Hbf,Berlin Hbf,ICE,snow,True,True,False,16.8,True
2024-01-31,Wednesday,1,2024-01-31 19:51,19,Hamburg Hbf,Hannover Hbf,IC,snow,False,True,False,5.5,True
2024-02-01,Thursday,2,2024-02-01 05:31,5,Frankfurt(Main) Hbf,Stuttgart Hbf,IC,clear,False,False,False,4.6,False
2024-02-01,Thursday,2,2024-02-01 05:37,5,Munich Hbf,Augsburg Hbf,RE,clear,False,False,False,0.9,False
2024-02-01,Thursday,2,2024-02-01 07:51,7,Munich Hbf,Augsburg Hbf,RE,clear,False,True,False,1.7,False
2024-02-01,Thursday,2,2024-02-01 08:40,8,Berlin Hbf,Hamburg Hbf,ICE,storm,False,True,False,6.0,True
2024-02-01,Thursday,2,2024-02-01 09:12,9,Munich Hbf,Augsburg Hbf,RE,snow,False,False,False,3.2,False
2024-02-01,Thursday,2,2024-02-01 11:24,11,Frankfurt(Main) Hbf,Stuttgart Hbf,IC,storm,False,False,False,2.1,False
2024-02-01,Thursday,2,2024-02-01 12:30,12,Berlin Hbf,Hamburg Hbf,ICE,clear,True,False,False,10.9,True
2024-02-01,Thursday,2,2024-02-01 16:15,16,Munich Hbf,Frankfurt(Main) Hbf,ICE,snow,False,False,False,5.7,True
2024-02-01,Thursday,2,2024-02-01 16:37,16,Munich Hbf,Augsburg Hbf,RE,snow,False,False,False,5.9,True
2024-02-01,Thursday,2,2024-02-01 17:11,17,Cologne Hbf,Bonn Hbf,RE,snow,False,True,False,4.7,False
2024-02-01,Thursday,2,2024-02-01 21:00,21,Berlin Hbf,Hamburg Hbf,ICE,clear,False,False,False,0.2,False
2024-02-01,Thursday,2,2024-02-01 22:46,22,Hamburg Hbf,Hannover Hbf,IC,snow,False,False,False,8.7,True
2024-02-02,Friday,2,2024-02-02 05:50,5,Munich Hbf,Frankfurt(Main) Hbf,ICE,clear,False,False,False,1.3,False
2024-02-02,Friday,2,2024-02-02 06:04,6,Munich Hbf,Augsburg Hbf,RE,rain,False,False,False,1.8,False
2024-02-02,Friday,2,2024-02-02 06:33,6,Berlin Hbf,Hamburg Hbf,ICE,clear,False,False,False,4.7,False
2024-02-02,Friday,2,2024-02-02 07:04,7,Frankfurt(Main) Hbf,Stuttgart Hbf,IC,rain,False,True,False,6.4,True
2024-02-02,Friday,2,2024-02-02 07:08,7,Berlin Hbf,Potsdam Hbf,S-Bahn,rain,False,True,False,2.5,False
2024-02-02,Friday,2,2024-02-02 07:57,7,Leipzig Hbf,Dresden Hbf,RE,rain,False,True,False,1.3,False
2024-02-02,Friday,2,2024-02-02 08:20,8,Leipzig Hbf,Dresden Hbf,RE,clear,False,True,False,1.2,False
2024-02-02,Friday,2,2024-02-02 08:39,8,Frankfurt(Main) Hbf,Mainz Hbf,S-Bahn,clear,False,True,False,0.7,False
2024-02-02,Friday,2,2024-02-02 09:58,9,Frankfurt(Main) Hbf,Mainz Hbf,S-Bahn,snow,False,False,False,5.5,True
2024-02-02,Friday,2,2024-02-02 12:01,12,Cologne Hbf,Bonn Hbf,RE,rain,False,False,False,1.0,False
2024-02-02,Friday,2,2024-02-02 15:24,15,Berlin Hbf,Potsdam Hbf,S-Bahn,clear,False,False,False,7.5,True
2024-02-02,Friday,2,2024-02-02 18:12,18,Leipzig Hbf,Dresden Hbf,RE,rain,False,True,False,2.1,False
2024-02-02,Friday,2,2024-02-02 18:32,18,Munich Hbf,Frankfurt(Main) Hbf,ICE,snow,False,True,False,15.9,True
2024-02-02,Friday,2,2024-02-02 18:53,18,Frankfurt(Main) Hbf,Stuttgart Hbf,IC,clear,False,True,False,6.8,True
2024-02-02,Friday,2,2024-02-02 19:28,19,Leipzig Hbf,Dresden Hbf,RE,snow,False,True,False,2.2,False
2024-02-02,Friday,2,2024-02-02 21:05,21,Berlin Hbf,Hamburg Hbf,ICE,clear,False,False,False,4.6,False
2024-02-03,Saturday,2,2024-02-03 06:56,6,Hamburg Hbf,Hannover Hbf,IC,rain,False,False,True,5.5,True
2024-02-03,Saturday,2,2024-02-03 07:05,7,Frankfurt(Main) Hbf,Mainz Hbf,S-Bahn,clear,False,True,True,0.3,False
2024-02-03,Saturday,2,2024-02-03 07:10,7,Munich Hbf,Augsburg Hbf,RE,rain,False,True,True,0.5,False
2024-02-03,Saturday,2,2024-02-03 07:27,7,Leipzig Hbf,Dresden Hbf,RE,snow,False,True,True,7.3,True
2024-02-03,Saturday,2,2024-02-03 07:29,7,Frankfurt(Main) Hbf,Mainz Hbf,S-Bahn,rain,False,True,True,1.3,False
2024-02-03,Saturday,2,2024-02-03 07:56,7,Cologne Hbf,Bonn Hbf,RE,clear,False,True,True,1.9,False
2024-02-03,Saturday,2,2024-02-03 08:36,8,Munich Hbf,Frankfurt(Main) Hbf,ICE,clear,False,True,True,6.6,True
2024-02-03,Saturday,2,2024-02-03 09:19,9,Munich Hbf,Frankfurt(Main) Hbf,ICE,rain,False,False,True,2.8,False
2024-02-03,Saturday,2,2024-02-03 16:11,16,Cologne Hbf,Bonn Hbf,RE,snow,False,False,True,2.5,False
2024-02-03,Saturday,2,2024-02-03 18:00,18,Munich Hbf,Augsburg Hbf,RE,snow,True,True,True,10.0,True
2024-02-03,Saturday,2,2024-02-03 19:06,19,Berlin Hbf,Potsdam Hbf,S-Bahn,rain,False,True,True,1.2,False
2024-02-03,Saturday,2,2024-02-03 19:26,19,Cologne Hbf,Berlin Hbf,ICE,rain,False,True,True,6.2,True
2024-02-03,Saturday,2,2024-02-03 21:48,21,Hamburg Hbf,Hannover Hbf,IC,snow,False,False,True,8.2,True
2024-02-03,Saturday,2,2024-02-03 22:47,22,Hamburg Hbf,Hannover Hbf,IC,rain,True,False,True,3.0,False
2024-02-03,Saturday,2,2024-02-03 22:59,22,Hamburg Hbf,Hannover Hbf,IC,clear,False,False,True,1.5,False
2024-02-04,Sunday,2,2024-02-04 08:17,8,Cologne Hbf,Berlin Hbf,ICE,snow,False,True,True,8.7,True
2024-02-04,Sunday,2,2024-02-04 08:31,8,Berlin Hbf,Potsdam Hbf,S-Bahn,storm,True,True,True,3.6,False
2024-02-04,Sunday,2,2024-02-04 08:49,8,Hamburg Hbf,Hannover Hbf,IC,rain,False,True,True,3.3,False
2024-02-04,Sunday,2,2024-02-04 08:53,8,Cologne Hbf,Bonn Hbf,RE,clear,False,True,True,0.2,False
2024-02-04,Sunday,2,2024-02-04 09:23,9,Leipzig Hbf,Dresden Hbf,RE,rain,False,False,True,2.2,False
2024-02-04,Sunday,2,2024-02-04 13:53,13,Berlin Hbf,Hamburg Hbf,ICE,snow,False,False,True,13.4,True
2024-02-04,Sunday,2,2024-02-04 14:54,14,Munich Hbf,Augsburg Hbf,RE,snow,False,False,True,1.4,False
2024-02-04,Sunday,2,2024-02-04 15:40,15,Hamburg Hbf,Hannover Hbf,IC,snow,False,False,True,1.8,False
2024-02-04,Sunday,2,2024-02-04 15:49,15,Cologne Hbf,Berlin Hbf,ICE,rain,False,False,True,3.9,False
2024-02-04,Sunday,2,2024-02-04 16:17,16,Munich Hbf,Augsburg Hbf,RE,clear,False,False,True,4.8,False
2024-02-04,Sunday,2,2024-02-04 16:24,16,Munich Hbf,Augsburg Hbf,RE,storm,False,False,True,0.8,False
2024-02-04,Sunday,2,2024-02-04 17:41,17,Cologne Hbf,Bonn Hbf,RE,clear,False,True,True,1.8,False
2024-02-04,Sunday,2,2024-02-04 18:35,18,Munich Hbf,Augsburg Hbf,RE,snow,False,True,True,2.7,False
2024-02-04,Sunday,2,2024-02-04 21:20,21,Berlin Hbf,Hamburg Hbf,ICE,rain,False,False,True,3.9,False
2024-02-05,Monday,2,2024-02-05 05:17,5,Munich Hbf,Augsburg Hbf,RE,rain,False,False,False,1.8,False
2024-02-05,Monday,2,2024-02-05 06:06,6,Frankfurt(Main) Hbf,Stuttgart Hbf,IC,clear,False,False,False,3.0,False
2024-02-05,Monday,2,2024-02-05 07:53,7,Munich Hbf,Frankfurt(Main) Hbf,ICE,rain,False,True,False,17.7,True
2024-02-05,Monday,2,2024-02-05 16:43,16,Frankfurt(Main) Hbf,Mainz Hbf,S-Bahn,clear,False,False,False,1.6,False
2024-02-05,Monday,2,2024-02-05 17:04,17,Berlin Hbf,Potsdam Hbf,S-Bahn,clear,False,True,False,1.9,False
2024-02-05,Monday,2,2024-02-05 18:44,18,Leipzig Hbf,Dresden Hbf,RE,rain,False,True,False,5.7,True
2024-02-05,Monday,2,2024-02-05 20:06,20,Hamburg Hbf,Hannover Hbf,IC,clear,False,False,False,2.0,False
2024-02-06,Tuesday,2,2024-02-06 05:11,5,Munich Hbf,Frankfurt(Main) Hbf,ICE,storm,False,False,False,5.3,True
2024-02-06,Tuesday,2,2024-02-06 06:36,6,Frankfurt(Main) Hbf,Stuttgart Hbf,IC,storm,False,False,False,3.8,False
2024-02-06,Tuesday,2,2024-02-06 07:29,7,Berlin Hbf,Potsdam Hbf,S-Bahn,clear,False,True,False,4.6,False
2024-02-06,Tuesday,2,2024-02-06 07:36,7,Cologne Hbf,Bonn Hbf,RE,clear,False,True,False,3.5,False
2024-02-06,Tuesday,2,2024-02-06 07:53,7,Cologne Hbf,Bonn Hbf,RE,clear,False,True,False,2.6,False
2024-02-06,Tuesday,2,2024-02-06 08:01,8,Frankfurt(Main) Hbf,Mainz Hbf,S-Bahn,rain,False,True,False,2.0,False
2024-02-06,Tuesday,2,2024-02-06 12:28,12,Cologne Hbf,Berlin Hbf,ICE,rain,False,False,False,6.0,True
2024-02-06,Tuesday,2,2024-02-06 13:04,13,Hamburg Hbf,Hannover Hbf,IC,storm,False,False,False,4.7,False
2024-02-06,Tuesday,2,2024-02-06 13:44,13,Berlin Hbf,Hamburg Hbf,ICE,rain,True,False,False,4.9,False
2024-02-06,Tuesday,2,2024-02-06 14:24,14,Cologne Hbf,Berlin Hbf,ICE,clear,False,False,False,1.9,False
2024-02-06,Tuesday,2,2024-02-06 14:42,14,Munich Hbf,Frankfurt(Main) Hbf,ICE,clear,False,False,False,3.7,False
2024-02-06,Tuesday,2,2024-02-06 17:37,17,Munich Hbf,Frankfurt(Main) Hbf,ICE,storm,False,True,False,10.6,True
2024-02-06,Tuesday,2,2024-02-06 18:51,18,Munich Hbf,Augsburg Hbf,RE,rain,False,True,False,1.4,False
2024-02-06,Tuesday,2,2024-02-06 18:53,18,Cologne Hbf,Berlin Hbf,ICE,snow,False,True,False,14.1,True
2024-02-06,Tuesday,2,2024-02-06 21:18,21,Munich Hbf,Frankfurt(Main) Hbf,ICE,snow,False,False,False,6.3,True
2024-02-06,Tuesday,2,2024-02-06 22:07,22,Cologne Hbf,Berlin Hbf,ICE,clear,False,False,False,3.0,False
2024-02-07,Wednesday,2,2024-02-07 08:09,8,Cologne Hbf,Bonn Hbf,RE,storm,False,True,False,5.1,True
2024-02-07,Wednesday,2,2024-02-07 09:23,9,Frankfurt(Main) Hbf,Mainz Hbf,S-Bahn,rain,True,False,False,3.0,False
2024-02-07,Wednesday,2,2024-02-07 10:22,10,Frankfurt(Main) Hbf,Stuttgart Hbf,IC,clear,True,False,False,5.8,True
2024-02-07,Wednesday,2,2024-02-07 11:47,11,Munich Hbf,Augsburg Hbf,RE,rain,False,False,False,1.2,False
2024-02-07,Wednesday,2,2024-02-07 13:41,13,Frankfurt(Main) Hbf,Stuttgart Hbf,IC,rain,False,False,False,4.2,False
2024-02-07,Wednesday,2,2024-02-07 13:53,13,Hamburg Hbf,Hannover Hbf,IC,storm,False,False,False,2.9,False
2024-02-07,Wednesday,2,2024-02-07 14:18,14,Frankfurt(Main) Hbf,Mainz Hbf,S-Bahn,clear,True,False,False,3.0,False
2024-02-07,Wednesday,2,2024-02-07 15:08,15,Cologne Hbf,Berlin Hbf,ICE,rain,False,False,False,6.4,True
2024-02-07,Wednesday,2,2024-02-07 16:24,16,Munich Hbf,Frankfurt(Main) Hbf,ICE,rain,True,False,False,16.0,True
2024-02-07,Wednesday,2,2024-02-07 17:41,17,Frankfurt(Main) Hbf,Stuttgart Hbf,IC,clear,False,True,False,2.2,False
2024-02-08,Thursday,2,2024-02-08 08:24,8,Cologne Hbf,Berlin Hbf,ICE,clear,False,True,False,5.5,True
2024-02-08,Thursday,2,2024-02-08 11:44,11,Frankfurt(Main) Hbf,Mainz Hbf,S-Bahn,rain,False,False,False,1.5,False
2024-02-08,Thursday,2,2024-02-08 12:13,12,Berlin Hbf,Potsdam Hbf,S-Bahn,clear,False,False,False,0.6,False
2024-02-08,Thursday,2,2024-02-08 12:35,12,Cologne Hbf,Bonn Hbf,RE,snow,False,False,False,4.0,False
2024-02-08,Thursday,2,2024-02-08 14:48,14,Hamburg Hbf,Hannover Hbf,IC,clear,False,False,False,4.0,False
2024-02-08,Thursday,2,2024-02-08 15:48,15,Cologne Hbf,Bonn Hbf,RE,clear,False,False,False,1.6,False
2024-02-08,Thursday,2,2024-02-08 16:55,16,Leipzig Hbf,Dresden Hbf,RE,rain,False,False,False,2.1,False
2024-02-08,Thursday,2,2024-02-08 17:09,17,Cologne Hbf,Bonn Hbf,RE,clear,False,True,False,2.0,False
2024-02-08,Thursday,2,2024-02-08 17:55,17,Cologne Hbf,Bonn Hbf,RE,rain,False,True,False,1.5,False
2024-02-08,Thursday,2,2024-02-08 21:19,21,Hamburg Hbf,Hannover Hbf,IC,clear,False,False,False,5.8,True
2024-02-08,Thursday,2,2024-02-08 21:39,21,Frankfurt(Main) Hbf,Stuttgart Hbf,IC,clear,True,False,False,4.9,False
2024-02-08,Thursday,2,2024-02-08 22:17,22,Frankfurt(Main) Hbf,Stuttgart Hbf,IC,clear,False,False,False,5.8,True
2024-02-09,Friday,2,2024-02-09 09:01,9,Berlin Hbf,Hamburg Hbf,ICE,clear,False,False,False,3.3,False
2024-02-09,Friday,2,2024-02-09 10:49,10,Munich Hbf,Augsburg Hbf,RE,clear,False,False,False,2.0,False
2024-02-09,Friday,2,2024-02-09 14:48,14,Berlin Hbf,Potsdam Hbf,S-Bahn,storm,False,False,False,2.8,False
2024-02-09,Friday,2,2024-02-09 17:10,17,Munich Hbf,Augsburg Hbf,RE,clear,False,True,False,2.2,False
2024-02-09,Friday,2,2024-02-09 17:30,17,Frankfurt(Main) Hbf,Mainz Hbf,S-Bahn,rain,False,True,False,2.1,False
2024-02-09,Friday,2,2024-02-09 18:13,18,Munich Hbf,Augsburg Hbf,RE,rain,False,True,False,2.7,False
2024-02-09,Friday,2,2024-02-09 19:46,19,Cologne Hbf,Berlin Hbf,ICE,clear,False,True,False,5.4,True
2024-02-10,Saturday,2,2024-02-10 07:04,7,Cologne Hbf,Bonn Hbf,RE,clear,True,True,True,7.7,True
2024-02-10,Saturday,2,2024-02-10 07:16,7,Frankfurt(Main) Hbf,Stuttgart Hbf,IC,clear,False,True,True,2.6,False
2024-02-10,Saturday,2,2024-02-10 07:23,7,Munich Hbf,Augsburg Hbf,RE,clear,False,True,True,4.2,False
2024-02-10,Saturday,2,2024-02-10 07:31,7,Frankfurt(Main) Hbf,Mainz Hbf,S-Bahn,snow,False,True,True,1.0,False
2024-02-10,Saturday,2,2024-02-10 08:39,8,Berlin Hbf,Hamburg Hbf,ICE,snow,False,True,True,9.5,True
2024-02-10,Saturday,2,2024-02-10 08:44,8,Berlin Hbf,Hamburg Hbf,ICE,rain,False,True,True,2.7,False
2024-02-10,Saturday,2,2024-02-10 09:22,9,Leipzig Hbf,Dresden Hbf,RE,snow,False,False,True,3.4,False
2024-02-10,Saturday,2,2024-02-10 11:08,11,Berlin Hbf,Hamburg Hbf,ICE,clear,True,False,True,11.7,True
2024-02-10,Saturday,2,2024-02-10 11:13,11,Cologne Hbf,Berlin Hbf,ICE,clear,False,False,True,4.1,False
2024-02-10,Saturday,2,2024-02-10 12:22,12,Frankfurt(Main) Hbf,Stuttgart Hbf,IC,clear,False,False,True,2.9,False
2024-02-10,Saturday,2,2024-02-10 13:25,13,Berlin Hbf,Potsdam Hbf,S-Bahn,clear,False,False,True,4.6,False
2024-02-10,Saturday,2,2024-02-10 14:17,14,Munich Hbf,Augsburg Hbf,RE,clear,False,False,True,2.6,False
2024-02-11,Sunday,2,2024-02-11 07:01,7,Cologne Hbf,Berlin Hbf,ICE,clear,False,True,True,6.6,True
2024-02-11,Sunday,2,2024-02-11 08:07,8,Munich Hbf,Frankfurt(Main) Hbf,ICE,storm,False,True,True,64.3,True
2024-02-11,Sunday,2,2024-02-11 10:50,10,Berlin Hbf,Hamburg Hbf,ICE,clear,False,False,True,6.1,True
2024-02-11,Sunday,2,2024-02-11 12:31,12,Frankfurt(Main) Hbf,Mainz Hbf,S-Bahn,clear,False,False,True,0.7,False
2024-02-12,Monday,2,2024-02-12 05:36,5,Hamburg Hbf,Hannover Hbf,IC,clear,False,False,False,2.1,False
2024-02-12,Monday,2,2024-02-12 07:08,7,Cologne Hbf,Bonn Hbf,RE,clear,False,True,False,1.5,False
2024-02-12,Monday,2,2024-02-12 07:27,7,Leipzig Hbf,Dresden Hbf,RE,rain,False,True,False,1.8,False
2024-02-12,Monday,2,2024-02-12 08:09,8,Cologne Hbf,Bonn Hbf,RE,rain,True,True,False,5.8,True
2024-02-12,Monday,2,2024-02-12 08:51,8,Cologne Hbf,Berlin Hbf,ICE,snow,False,True,False,13.1,True
2024-02-12,Monday,2,2024-02-12 11:34,11,Cologne Hbf,Berlin Hbf,ICE,clear,False,False,False,5.1,True
2024-02-12,Monday,2,2024-02-12 12:02,12,Berlin Hbf,Potsdam Hbf,S-Bahn,snow,False,False,False,0.2,False
2024-02-12,Monday,2,2024-02-12 12:20,12,Berlin Hbf,Hamburg Hbf,ICE,clear,False,False,False,1.0,False
2024-02-12,Monday,2,2024-02-12 15:22,15,Munich Hbf,Frankfurt(Main) Hbf,ICE,rain,False,False,False,6.7,True
2024-02-12,Monday,2,2024-02-12 17:54,17,Frankfurt(Main) Hbf,Stuttgart Hbf,IC,clear,False,True,False,5.8,True
2024-02-12,Monday,2,2024-02-12 18:45,18,Berlin Hbf,Hamburg Hbf,ICE,rain,False,True,False,2.8,False
2024-02-12,Monday,2,2024-02-12 19:26,19,Berlin Hbf,Hamburg Hbf,ICE,snow,False,True,False,8.1,True
2024-02-13,Tuesday,2,2024-02-13 07:04,7,Munich Hbf,Augsburg Hbf,RE,snow,True,True,False,9.4,True
2024-02-13,Tuesday,2,2024-02-13 07:17,7,Cologne Hbf,Berlin Hbf,ICE,rain,False,True,False,8.1,True
2024-02-13,Tuesday,2,2024-02-13 07:47,7,Berlin Hbf,Potsdam Hbf,S-Bahn,rain,False,True,False,3.8,False
2024-02-13,Tuesday,2,2024-02-13 08:29,8,Cologne Hbf,Bonn Hbf,RE,rain,True,True,False,7.7,True
2024-02-13,Tuesday,2,2024-02-13 14:48,14,Leipzig Hbf,Dresden Hbf,RE,snow,False,False,False,4.7,False
2024-02-13,Tuesday,2,2024-02-13 16:27,16,Berlin Hbf,Potsdam Hbf,S-Bahn,clear,False,False,False,0.5,False
2024-02-13,Tuesday,2,2024-02-13 17:06,17,Leipzig Hbf,Dresden Hbf,RE,storm,False,True,False,6.1,True
2024-02-13,Tuesday,2,2024-02-13 19:38,19,Berlin Hbf,Potsdam Hbf,S-Bahn,rain,False,True,False,1.5,False
2024-02-13,Tuesday,2,2024-02-13 21:38,21,Frankfurt(Main) Hbf,Stuttgart Hbf,IC,clear,False,False,False,2.5,False
2024-02-14,Wednesday,2,2024-02-14 07:40,7,Munich Hbf,Augsburg Hbf,RE,clear,False,True,False,1.3,False
2024-02-14,Wednesday,2,2024-02-14 07:54,7,Cologne Hbf,Berlin Hbf,ICE,snow,False,True,False,15.4,True
2024-02-14,Wednesday,2,2024-02-14 14:05,14,Hamburg Hbf,Hannover Hbf,IC,clear,False,False,False,0.5,False
2024-02-14,Wednesday,2,2024-02-14 16:21,16,Leipzig Hbf,Dresden Hbf,RE,storm,False,False,False,3.3,False
2024-02-14,Wednesday,2,2024-02-14 17:07,17,Frankfurt(Main) Hbf,Mainz Hbf,S-Bahn,clear,True,True,False,38.1,True
2024-02-14,Wednesday,2,2024-02-14 17:20,17,Frankfurt(Main) Hbf,Mainz Hbf,S-Bahn,snow,False,True,False,2.2,False
2024-02-15,Thursday,2,2024-02-15 08:43,8,Hamburg Hbf,Hannover Hbf,IC,rain,True,True,False,11.8,True
2024-02-15,Thursday,2,2024-02-15 10:24,10,Berlin Hbf,Hamburg Hbf,ICE,clear,False,False,False,1.8,False
2024-02-15,Thursday,2,2024-02-15 11:09,11,Berlin Hbf,Hamburg Hbf,ICE,clear,False,False,False,4.8,False
2024-02-15,Thursday,2,2024-02-15 12:02,12,Munich Hbf,Augsburg Hbf,RE,clear,True,False,False,0.8,False
2024-02-15,Thursday,2,2024-02-15 12:03,12,Leipzig Hbf,Dresden Hbf,RE,clear,False,False,False,0.8,False
2024-02-15,Thursday,2,2024-02-15 13:36,13,Frankfurt(Main) Hbf,Stuttgart Hbf,IC,rain,False,False,False,7.2,True
2024-02-15,Thursday,2,2024-02-15 18:41,18,Munich Hbf,Frankfurt(Main) Hbf,ICE,clear,False,True,False,4.6,False
2024-02-15,Thursday,2,2024-02-15 19:29,19,Berlin Hbf,Potsdam Hbf,S-Bahn,clear,False,True,False,0.2,False
2024-02-15,Thursday,2,2024-02-15 19:45,19,Cologne Hbf,Berlin Hbf,ICE,snow,False,True,False,8.6,True
2024-02-15,Thursday,2,2024-02-15 20:35,20,Cologne Hbf,Berlin Hbf,ICE,clear,False,False,False,1.8,False
2024-02-15,Thursday,2,2024-02-15 22:59,22,Hamburg Hbf,Hannover Hbf,IC,clear,False,False,False,4.2,False
2024-02-16,Friday,2,2024-02-16 06:15,6,Leipzig Hbf,Dresden Hbf,RE,clear,False,False,False,0.6,False
2024-02-16,Friday,2,2024-02-16 08:36,8,Berlin Hbf,Potsdam Hbf,S-Bahn,snow,False,True,False,3.9,False
2024-02-16,Friday,2,2024-02-16 08:38,8,Cologne Hbf,Berlin Hbf,ICE,snow,False,True,False,17.3,True
2024-02-16,Friday,2,2024-02-16 08:56,8,Frankfurt(Main) Hbf,Stuttgart Hbf,IC,rain,False,True,False,6.6,True
2024-02-16,Friday,2,2024-02-16 10:34,10,Munich Hbf,Augsburg Hbf,RE,snow,False,False,False,9.5,True
2024-02-16,Friday,2,2024-02-16 13:16,13,Leipzig Hbf,Dresden Hbf,RE,clear,False,False,False,2.8,False
2024-02-16,Friday,2,2024-02-16 13:36,13,Cologne Hbf,Bonn Hbf,RE,clear,False,False,False,0.6,False
2024-02-16,Friday,2,2024-02-16 14:43,14,Frankfurt(Main) Hbf,Mainz Hbf,S-Bahn,clear,False,False,False,0.7,False
2024-02-16,Friday,2,2024-02-16 16:51,16,Munich Hbf,Augsburg Hbf,RE,clear,False,False,False,0.4,False
2024-02-16,Friday,2,2024-02-16 17:48,17,Munich Hbf,Frankfurt(Main) Hbf,ICE,snow,False,True,False,11.9,True
2024-02-16,Friday,2,2024-02-16 17:50,17,Hamburg Hbf,Hannover Hbf,IC,snow,False,True,False,6.0,True
2024-02-16,Friday,2,2024-02-16 19:36,19,Frankfurt(Main) Hbf,Mainz Hbf,S-Bahn,rain,False,True,False,3.4,False
2024-02-16,Friday,2,2024-02-16 21:48,21,Munich Hbf,Frankfurt(Main) Hbf,ICE,snow,False,False,False,13.3,True
2024-02-17,Saturday,2,2024-02-17 09:49,9,Munich Hbf,Frankfurt(Main) Hbf,ICE,clear,False,False,True,1.9,False
2024-02-17,Saturday,2,2024-02-17 12:05,12,Munich Hbf,Augsburg Hbf,RE,clear,False,False,True,6.0,True
2024-02-17,Saturday,2,2024-02-17 15:55,15,Munich Hbf,Frankfurt(Main) Hbf,ICE,snow,False,False,True,5.8,True
2024-02-17,Saturday,2,2024-02-17 16:19,16,Munich Hbf,Augsburg Hbf,RE,clear,False,False,True,1.6,False
2024-02-17,Saturday,2,2024-02-17 17:03,17,Berlin Hbf,Hamburg Hbf,ICE,rain,False,True,True,1.3,False
2024-02-17,Saturday,2,2024-02-17 17:48,17,Leipzig Hbf,Dresden Hbf,RE,clear,False,True,True,1.8,False
2024-02-17,Saturday,2,2024-02-17 17:50,17,Frankfurt(Main) Hbf,Mainz Hbf,S-Bahn,clear,False,True,True,0.4,False
2024-02-17,Saturday,2,2024-02-17 18:27,18,Cologne Hbf,Bonn Hbf,RE,rain,False,True,True,2.4,False
2024-02-17,Saturday,2,2024-02-17 22:09,22,Cologne Hbf,Berlin Hbf,ICE,clear,False,False,True,3.1,False
2024-02-17,Saturday,2,2024-02-17 22:30,22,Berlin Hbf,Hamburg Hbf,ICE,rain,False,False,True,12.5,True
2024-02-18,Sunday,2,2024-02-18 05:27,5,Cologne Hbf,Berlin Hbf,ICE,snow,False,False,True,9.5,True
2024-02-18,Sunday,2,2024-02-18 05:40,5,Berlin Hbf,Hamburg Hbf,ICE,clear,True,False,True,4.2,False
2024-02-18,Sunday,2,2024-02-18 06:36,6,Cologne Hbf,Berlin Hbf,ICE,rain,False,False,True,3.6,False
2024-02-18,Sunday,2,2024-02-18 08:35,8,Leipzig Hbf,Dresden Hbf,RE,clear,False,True,True,4.5,False
2024-02-18,Sunday,2,2024-02-18 10:46,10,Leipzig Hbf,Dresden Hbf,RE,rain,False,False,True,1.8,False
2024-02-18,Sunday,2,2024-02-18 14:39,14,Berlin Hbf,Hamburg Hbf,ICE,snow,False,False,True,4.1,False
2024-02-18,Sunday,2,2024-02-18 15:44,15,Berlin Hbf,Hamburg Hbf,ICE,rain,False,False,True,2.3,False
2024-02-18,Sunday,2,2024-02-18 16:45,16,Frankfurt(Main) Hbf,Stuttgart Hbf,IC,snow,True,False,True,16.0,True
2024-02-19,Monday,2,2024-02-19 05:56,5,Cologne Hbf,Berlin Hbf,ICE,rain,False,False,False,6.6,True
2024-02-19,Monday,2,2024-02-19 08:15,8,Frankfurt(Main) Hbf,Mainz Hbf,S-Bahn,rain,False,True,False,2.5,False
2024-02-19,Monday,2,2024-02-19 08:36,8,Cologne Hbf,Bonn Hbf,RE,clear,False,True,False,0.5,False
2024-02-19,Monday,2,2024-02-19 14:31,14,Munich Hbf,Frankfurt(Main) Hbf,ICE,clear,False,False,False,7.5,True
2024-02-19,Monday,2,2024-02-19 18:40,18,Leipzig Hbf,Dresden Hbf,RE,rain,False,True,False,3.4,False
2024-02-19,Monday,2,2024-02-19 19:36,19,Berlin Hbf,Potsdam Hbf,S-Bahn,clear,False,True,False,1.0,False
2024-02-19,Monday,2,2024-02-19 20:16,20,Leipzig Hbf,Dresden Hbf,RE,snow,False,False,False,3.4,False
2024-02-20,Tuesday,2,2024-02-20 06:58,6,Cologne Hbf,Bonn Hbf,RE,clear,False,False,False,2.6,False
2024-02-20,Tuesday,2,2024-02-20 07:46,7,Leipzig Hbf,Dresden Hbf,RE,clear,False,True,False,0.5,False
2024-02-20,Tuesday,2,2024-02-20 08:04,8,Frankfurt(Main) Hbf,Stuttgart Hbf,IC,clear,False,True,False,2.2,False
2024-02-20,Tuesday,2,2024-02-20 08:56,8,Berlin Hbf,Hamburg Hbf,ICE,snow,False,True,False,9.6,True
2024-02-20,Tuesday,2,2024-02-20 15:34,15,Cologne Hbf,Berlin Hbf,ICE,rain,False,False,False,3.7,False
2024-02-20,Tuesday,2,2024-02-20 17:07,17,Berlin Hbf,Potsdam Hbf,S-Bahn,clear,False,True,False,4.2,False
2024-02-20,Tuesday,2,2024-02-20 18:07,18,Berlin Hbf,Hamburg Hbf,ICE,snow,True,True,False,17.6,True
2024-02-20,Tuesday,2,2024-02-20 20:01,20,Munich Hbf,Augsburg Hbf,RE,snow,False,False,False,0.3,False
2024-02-20,Tuesday,2,2024-02-20 22:25,22,Frankfurt(Main) Hbf,Mainz Hbf,S-Bahn,clear,False,False,False,1.0,False
2024-02-21,Wednesday,2,2024-02-21 06:12,6,Leipzig Hbf,Dresden Hbf,RE,rain,False,False,False,1.9,False
2024-02-21,Wednesday,2,2024-02-21 07:25,7,Munich Hbf,Augsburg Hbf,RE,rain,False,True,False,3.8,False
2024-02-21,Wednesday,2,2024-02-21 08:31,8,Munich Hbf,Augsburg Hbf,RE,clear,False,True,False,1.7,False
2024-02-21,Wednesday,2,2024-02-21 16:57,16,Cologne Hbf,Berlin Hbf,ICE,clear,False,False,False,3.1,False
2024-02-21,Wednesday,2,2024-02-21 17:22,17,Munich Hbf,Augsburg Hbf,RE,clear,False,True,False,30.1,True
2024-02-21,Wednesday,2,2024-02-21 19:41,19,Hamburg Hbf,Hannover Hbf,IC,snow,False,True,False,7.2,True
2024-02-21,Wednesday,2,2024-02-21 22:10,22,Frankfurt(Main) Hbf,Stuttgart Hbf,IC,snow,True,False,False,11.4,True
2024-02-22,Thursday,2,2024-02-22 05:21,5,Cologne Hbf,Berlin Hbf,ICE,snow,False,False,False,7.2,True
2024-02-22,Thursday,2,2024-02-22 05:28,5,Hamburg Hbf,Hannover Hbf,IC,rain,False,False,False,2.8,False
2024-02-22,Thursday,2,2024-02-22 07:25,7,Leipzig Hbf,Dresden Hbf,RE,snow,False,True,False,7.1,True
2024-02-22,Thursday,2,2024-02-22 08:35,8,Berlin Hbf,Hamburg Hbf,ICE,storm,False,True,False,5.7,True
2024-02-22,Thursday,2,2024-02-22 08:56,8,Berlin Hbf,Hamburg Hbf,ICE,rain,False,True,False,9.4,True
2024-02-22,Thursday,2,2024-02-22 11:45,11,Cologne Hbf,Berlin Hbf,ICE,clear,False,False,False,25.0,True
2024-02-22,Thursday,2,2024-02-22 11:53,11,Frankfurt(Main) Hbf,Mainz Hbf,S-Bahn,clear,False,False,False,1.2,False
2024-02-22,Thursday,2,2024-02-22 12:37,12,Munich Hbf,Frankfurt(Main) Hbf,ICE,clear,False,False,False,4.6,False
2024-02-22,Thursday,2,2024-02-22 14:28,14,Leipzig Hbf,Dresden Hbf,RE,clear,False,False,False,0.6,False
2024-02-22,Thursday,2,2024-02-22 15:45,15,Frankfurt(Main) Hbf,Stuttgart Hbf,IC,clear,True,False,False,1.5,False
2024-02-22,Thursday,2,2024-02-22 20:07,20,Berlin Hbf,Potsdam Hbf,S-Bahn,clear,False,False,False,4.3,False
2024-02-22,Thursday,2,2024-02-22 21:22,21,Hamburg Hbf,Hannover Hbf,IC,clear,False,False,False,4.5,False
2024-02-22,Thursday,2,2024-02-22 22:10,22,Frankfurt(Main) Hbf,Stuttgart Hbf,IC,snow,False,False,False,5.2,True
2024-02-22,Thursday,2,2024-02-22 22:15,22,Munich Hbf,Frankfurt(Main) Hbf,ICE,rain,False,False,False,11.3,True
2024-02-23,Friday,2,2024-02-23 07:40,7,Berlin Hbf,Potsdam Hbf,S-Bahn,storm,False,True,False,0.4,False
2024-02-23,Friday,2,2024-02-23 08:23,8,Munich Hbf,Augsburg Hbf,RE,clear,False,True,False,2.2,False
2024-02-23,Friday,2,2024-02-23 16:25,16,Berlin Hbf,Potsdam Hbf,S-Bahn,snow,False,False,False,3.8,False
2024-02-23,Friday,2,2024-02-23 16:29,16,Berlin Hbf,Hamburg Hbf,ICE,rain,False,False,False,1.1,False
2024-02-23,Friday,2,2024-02-23 17:09,17,Leipzig Hbf,Dresden Hbf,RE,clear,True,True,False,3.5,False
2024-02-23,Friday,2,2024-02-23 21:00,21,Hamburg Hbf,Hannover Hbf,IC,rain,False,False,False,4.7,False
2024-02-23,Friday,2,2024-02-23 21:06,21,Frankfurt(Main) Hbf,Mainz Hbf,S-Bahn,clear,False,False,False,2.7,False
2024-02-23,Friday,2,2024-02-23 22:31,22,Cologne Hbf,Bonn Hbf,RE,snow,False,False,False,5.1,True
2024-02-23,Friday,2,2024-02-23 22:31,22,Munich Hbf,Frankfurt(Main) Hbf,ICE,clear,True,False,False,11.5,True
2024-02-24,Saturday,2,2024-02-24 07:19,7,Cologne Hbf,Berlin Hbf,ICE,rain,False,True,True,8.1,True
2024-02-24,Saturday,2,2024-02-24 07:27,7,Frankfurt(Main) Hbf,Mainz Hbf,S-Bahn,snow,False,True,True,2.3,False
2024-02-24,Saturday,2,2024-02-24 07:39,7,Cologne Hbf,Berlin Hbf,ICE,snow,False,True,True,14.9,True
2024-02-24,Saturday,2,2024-02-24 10:53,10,Munich Hbf,Frankfurt(Main) Hbf,ICE,storm,False,False,True,3.5,False
2024-02-24,Saturday,2,2024-02-24 16:48,16,Munich Hbf,Frankfurt(Main) Hbf,ICE,rain,False,False,True,3.1,False
2024-02-24,Saturday,2,2024-02-24 17:26,17,Frankfurt(Main) Hbf,Mainz Hbf,S-Bahn,snow,False,True,True,7.2,True
2024-02-24,Saturday,2,2024-02-24 17:51,17,Berlin Hbf,Potsdam Hbf,S-Bahn,rain,True,True,True,4.1,False
2024-02-24,Saturday,2,2024-02-24 19:30,19,Munich Hbf,Frankfurt(Main) Hbf,ICE,clear,False,True,True,3.2,False
2024-02-24,Saturday,2,2024-02-24 20:01,20,Frankfurt(Main) Hbf,Stuttgart Hbf,IC,clear,False,False,True,5.5,True
2024-02-25,Sunday,2,2024-02-25 07:25,7,Munich Hbf,Frankfurt(Main) Hbf,ICE,rain,False,True,True,8.2,True
2024-02-25,Sunday,2,2024-02-25 09:58,9,Frankfurt(Main) Hbf,Mainz Hbf,S-Bahn,clear,False,False,True,6.6,True
2024-02-25,Sunday,2,2024-02-25 13:37,13,Hamburg Hbf,Hannover Hbf,IC,storm,False,False,True,4.0,False
2024-02-25,Sunday,2,2024-02-25 14:22,14,Berlin Hbf,Potsdam Hbf,S-Bahn,clear,False,False,True,0.9,False
2024-02-25,Sunday,2,2024-02-25 15:35,15,Leipzig Hbf,Dresden Hbf,RE,snow,False,False,True,7.6,True
2024-02-25,Sunday,2,2024-02-25 16:02,16,Cologne Hbf,Bonn Hbf,RE,rain,False,False,True,2.4,False
2024-02-25,Sunday,2,2024-02-25 16:17,16,Cologne Hbf,Bonn Hbf,RE,clear,False,False,True,2.6,False
2024-02-25,Sunday,2,2024-02-25 17:54,17,Munich Hbf,Augsburg Hbf,RE,snow,False,True,True,3.3,False
2024-02-25,Sunday,2,2024-02-25 17:56,17,Cologne Hbf,Berlin Hbf,ICE,rain,True,True,True,16.8,True
2024-02-25,Sunday,2,2024-02-25 21:54,21,Hamburg Hbf,Hannover Hbf,IC,snow,False,False,True,2.7,False
2024-02-26,Monday,2,2024-02-26 05:09,5,Berlin Hbf,Potsdam Hbf,S-Bahn,rain,False,False,False,1.1,False
2024-02-26,Monday,2,2024-02-26 05:58,5,Munich Hbf,Augsburg Hbf,RE,rain,False,False,False,4.6,False
2024-02-26,Monday,2,2024-02-26 06:16,6,Berlin Hbf,Hamburg Hbf,ICE,rain,False,False,False,3.6,False
2024-02-26,Monday,2,2024-02-26 06:17,6,Munich Hbf,Frankfurt(Main) Hbf,ICE,rain,False,False,False,5.7,True
2024-02-26,Monday,2,2024-02-26 07:51,7,Frankfurt(Main) Hbf,Mainz Hbf,S-Bahn,rain,False,True,False,2.1,False
2024-02-26,Monday,2,2024-02-26 10:14,10,Munich Hbf,Augsburg Hbf,RE,snow,False,False,False,1.8,False
2024-02-26,Monday,2,2024-02-26 11:36,11,Hamburg Hbf,Hannover Hbf,IC,clear,True,False,False,2.7,False
2024-02-26,Monday,2,2024-02-26 12:56,12,Hamburg Hbf,Hannover Hbf,IC,storm,False,False,False,7.6,True
2024-02-26,Monday,2,2024-02-26 13:12,13,Berlin Hbf,Hamburg Hbf,ICE,clear,False,False,False,1.5,False
2024-02-26,Monday,2,2024-02-26 15:21,15,Cologne Hbf,Bonn Hbf,RE,clear,False,False,False,1.6,False
2024-02-26,Monday,2,2024-02-26 19:28,19,Cologne Hbf,Berlin Hbf,ICE,clear,False,True,False,8.8,True
2024-02-26,Monday,2,2024-02-26 20:39,20,Leipzig Hbf,Dresden Hbf,RE,clear,False,False,False,4.3,False
2024-02-26,Monday,2,2024-02-26 21:56,21,Frankfurt(Main) Hbf,Stuttgart Hbf,IC,rain,False,False,False,4.3,False
2024-02-26,Monday,2,2024-02-26 22:32,22,Leipzig Hbf,Dresden Hbf,RE,snow,False,False,False,9.2,True
2024-02-26,Monday,2,2024-02-26 22:44,22,Berlin Hbf,Hamburg Hbf,ICE,rain,False,False,False,4.1,False
2024-02-26,Monday,2,2024-02-26 22:48,22,Cologne Hbf,Berlin Hbf,ICE,clear,False,False,False,5.2,True
2024-02-27,Tuesday,2,2024-02-27 06:56,6,Cologne Hbf,Berlin Hbf,ICE,clear,True,False,False,5.0,False
2024-02-27,Tuesday,2,2024-02-27 07:12,7,Munich Hbf,Augsburg Hbf,RE,clear,False,True,False,3.5,False
2024-02-27,Tuesday,2,2024-02-27 09:07,9,Cologne Hbf,Berlin Hbf,ICE,clear,False,False,False,1.9,False
2024-02-27,Tuesday,2,2024-02-27 10:10,10,Hamburg Hbf,Hannover Hbf,IC,clear,True,False,False,4.9,False
2024-02-27,Tuesday,2,2024-02-27 11:32,11,Cologne Hbf,Bonn Hbf,RE,clear,False,False,False,0.4,False
2024-02-27,Tuesday,2,2024-02-27 17:29,17,Cologne Hbf,Bonn Hbf,RE,rain,False,True,False,1.1,False
2024-02-27,Tuesday,2,2024-02-27 18:11,18,Leipzig Hbf,Dresden Hbf,RE,snow,False,True,False,4.4,False
2024-02-27,Tuesday,2,2024-02-27 18:30,18,Berlin Hbf,Potsdam Hbf,S-Bahn,clear,True,True,False,0.8,False
2024-02-27,Tuesday,2,2024-02-27 18:42,18,Berlin Hbf,Potsdam Hbf,S-Bahn,rain,True,True,False,3.1,False
2024-02-27,Tuesday,2,2024-02-27 19:43,19,Munich Hbf,Frankfurt(Main) Hbf,ICE,storm,False,True,False,9.9,True
2024-02-27,Tuesday,2,2024-02-27 21:11,21,Frankfurt(Main) Hbf,Stuttgart Hbf,IC,rain,False,False,False,1.8,False
2024-02-28,Wednesday,2,2024-02-28 06:00,6,Frankfurt(Main) Hbf,Stuttgart Hbf,IC,snow,False,False,False,2.1,False
2024-02-28,Wednesday,2,2024-02-28 07:06,7,Berlin Hbf,Hamburg Hbf,ICE,snow,False,True,False,12.7,True
2024-02-28,Wednesday,2,2024-02-28 07:29,7,Leipzig Hbf,Dresden Hbf,RE,snow,False,True,False,6.5,True
2024-02-28,Wednesday,2,2024-02-28 07:55,7,Cologne Hbf,Bonn Hbf,RE,clear,False,True,False,1.6,False
2024-02-28,Wednesday,2,2024-02-28 12:27,12,Munich Hbf,Augsburg Hbf,RE,clear,False,False,False,4.2,False
2024-02-28,Wednesday,2,2024-02-28 16:26,16,Cologne Hbf,Bonn Hbf,RE,snow,False,False,False,12.0,True
2024-02-28,Wednesday,2,2024-02-28 19:11,19,Leipzig Hbf,Dresden Hbf,RE,clear,False,True,False,1.4,False
2024-02-28,Wednesday,2,2024-02-28 19:53,19,Frankfurt(Main) Hbf,Mainz Hbf,S-Bahn,snow,False,True,False,1.7,False
2024-02-28,Wednesday,2,2024-02-28 21:15,21,Frankfurt(Main) Hbf,Mainz Hbf,S-Bahn,rain,False,False,False,1.5,False
2024-02-29,Thursday,2,2024-02-29 07:09,7,Munich Hbf,Augsburg Hbf,RE,snow,False,True,False,2.8,False
2024-02-29,Thursday,2,2024-02-29 08:35,8,Cologne Hbf,Bonn Hbf,RE,snow,False,True,False,9.4,True
2024-02-29,Thursday,2,2024-02-29 08:42,8,Leipzig Hbf,Dresden Hbf,RE,rain,False,True,False,3.7,False
2024-02-29,Thursday,2,2024-02-29 10:54,10,Berlin Hbf,Hamburg Hbf,ICE,clear,True,False,False,4.9,False
2024-02-29,Thursday,2,2024-02-29 11:38,11,Munich Hbf,Frankfurt(Main) Hbf,ICE,clear,False,False,False,2.0,False
2024-02-29,Thursday,2,2024-02-29 18:48,18,Munich Hbf,Augsburg Hbf,RE,clear,False,True,False,1.5,False
2024-02-29,Thursday,2,2024-02-29 21:21,21,Hamburg Hbf,Hannover Hbf,IC,rain,False,False,False,2.8,False
2024-02-29,Thursday,2,2024-02-29 22:03,22,Cologne Hbf,Berlin Hbf,ICE,clear,False,False,False,5.5,True
2024-03-01,Friday,3,2024-03-01 06:19,6,Cologne Hbf,Berlin Hbf,ICE,clear,False,False,False,9.2,True
2024-03-01,Friday,3,2024-03-01 08:40,8,Munich Hbf,Frankfurt(Main) Hbf,ICE,rain,False,True,False,14.5,True
2024-03-01,Friday,3,2024-03-01 08:46,8,Frankfurt(Main) Hbf,Stuttgart Hbf,IC,clear,False,True,False,3.9,False
2024-03-01,Friday,3,2024-03-01 08:47,8,Munich Hbf,Augsburg Hbf,RE,clear,False,True,False,3.4,False
2024-03-01,Friday,3,2024-03-01 14:37,14,Berlin Hbf,Potsdam Hbf,S-Bahn,rain,True,False,False,2.3,False
2024-03-01,Friday,3,2024-03-01 14:42,14,Munich Hbf,Frankfurt(Main) Hbf,ICE,rain,False,False,False,0.3,False
2024-03-01,Friday,3,2024-03-01 15:22,15,Munich Hbf,Augsburg Hbf,RE,snow,False,False,False,2.0,False
2024-03-01,Friday,3,2024-03-01 16:09,16,Leipzig Hbf,Dresden Hbf,RE,clear,False,False,False,0.8,False
2024-03-01,Friday,3,2024-03-01 17:57,17,Leipzig Hbf,Dresden Hbf,RE,rain,False,True,False,5.7,True
2024-03-01,Friday,3,2024-03-01 18:53,18,Munich Hbf,Augsburg Hbf,RE,clear,False,True,False,2.6,False
2024-03-01,Friday,3,2024-03-01 20:26,20,Frankfurt(Main) Hbf,Stuttgart Hbf,IC,clear,True,False,False,7.2,True
2024-03-01,Friday,3,2024-03-01 20:26,20,Berlin Hbf,Hamburg Hbf,ICE,rain,False,False,False,9.1,True
2024-03-01,Friday,3,2024-03-01 22:01,22,Munich Hbf,Frankfurt(Main) Hbf,ICE,rain,False,False,False,5.4,True
2024-03-02,Saturday,3,2024-03-02 08:51,8,Frankfurt(Main) Hbf,Stuttgart Hbf,IC,rain,False,True,True,8.9,True
2024-03-02,Saturday,3,2024-03-02 13:02,13,Berlin Hbf,Potsdam Hbf,S-Bahn,rain,False,False,True,1.8,False
2024-03-02,Saturday,3,2024-03-02 13:08,13,Frankfurt(Main) Hbf,Stuttgart Hbf,IC,clear,False,False,True,1.8,False
2024-03-02,Saturday,3,2024-03-02 15:23,15,Berlin Hbf,Potsdam Hbf,S-Bahn,storm,False,False,True,3.6,False
2024-03-02,Saturday,3,2024-03-02 15:41,15,Leipzig Hbf,Dresden Hbf,RE,rain,True,False,True,2.8,False
2024-03-02,Saturday,3,2024-03-02 16:47,16,Leipzig Hbf,Dresden Hbf,RE,rain,False,False,True,0.3,False
2024-03-02,Saturday,3,2024-03-02 17:28,17,Frankfurt(Main) Hbf,Mainz Hbf,S-Bahn,snow,False,True,True,1.9,False
2024-03-02,Saturday,3,2024-03-02 17:31,17,Cologne Hbf,Berlin Hbf,ICE,clear,False,True,True,1.9,False
2024-03-02,Saturday,3,2024-03-02 18:02,18,Berlin Hbf,Hamburg Hbf,ICE,snow,True,True,True,12.8,True
2024-03-02,Saturday,3,2024-03-02 18:28,18,Berlin Hbf,Potsdam Hbf,S-Bahn,clear,False,True,True,1.0,False
2024-03-02,Saturday,3,2024-03-02 20:20,20,Cologne Hbf,Bonn Hbf,RE,clear,False,False,True,1.3,False
2024-03-02,Saturday,3,2024-03-02 22:17,22,Frankfurt(Main) Hbf,Stuttgart Hbf,IC,snow,False,False,True,1.4,False
2024-03-03,Sunday,3,2024-03-03 05:29,5,Munich Hbf,Frankfurt(Main) Hbf,ICE,clear,False,False,True,9.7,True
2024-03-03,Sunday,3,2024-03-03 07:09,7,Berlin Hbf,Potsdam Hbf,S-Bahn,clear,False,True,True,1.8,False
2024-03-03,Sunday,3,2024-03-03 08:29,8,Frankfurt(Main) Hbf,Mainz Hbf,S-Bahn,rain,False,True,True,1.6,False
2024-03-03,Sunday,3,2024-03-03 10:38,10,Cologne Hbf,Bonn Hbf,RE,rain,False,False,True,9.7,True
2024-03-03,Sunday,3,2024-03-03 10:42,10,Frankfurt(Main) Hbf,Stuttgart Hbf,IC,clear,False,False,True,1.3,False
2024-03-03,Sunday,3,2024-03-03 12:41,12,Frankfurt(Main) Hbf,Stuttgart Hbf,IC,clear,False,False,True,2.8,False
2024-03-03,Sunday,3,2024-03-03 17:27,17,Munich Hbf,Frankfurt(Main) Hbf,ICE,clear,False,True,True,7.9,True
2024-03-03,Sunday,3,2024-03-03 20:48,20,Cologne Hbf,Bonn Hbf,RE,rain,False,False,True,1.4,False
2024-03-03,Sunday,3,2024-03-03 21:25,21,Frankfurt(Main) Hbf,Mainz Hbf,S-Bahn,storm,False,False,True,5.7,True
2024-03-03,Sunday,3,2024-03-03 21:54,21,Frankfurt(Main) Hbf,Stuttgart Hbf,IC,snow,False,False,True,64.9,True
2024-03-04,Monday,3,2024-03-04 06:44,6,Berlin Hbf,Hamburg Hbf,ICE,clear,False,False,False,1.7,False
2024-03-04,Monday,3,2024-03-04 07:58,7,Berlin Hbf,Potsdam Hbf,S-Bahn,storm,False,True,False,0.9,False
2024-03-04,Monday,3,2024-03-04 08:31,8,Berlin Hbf,Potsdam Hbf,S-Bahn,rain,True,True,False,3.2,False
2024-03-04,Monday,3,2024-03-04 11:10,11,Berlin Hbf,Hamburg Hbf,ICE,clear,False,False,False,3.5,False
2024-03-04,Monday,3,2024-03-04 13:40,13,Leipzig Hbf,Dresden Hbf,RE,snow,False,False,False,1.5,False
2024-03-04,Monday,3,2024-03-04 16:25,16,Berlin Hbf,Hamburg Hbf,ICE,rain,False,False,False,3.8,False
2024-03-04,Monday,3,2024-03-04 17:47,17,Hamburg Hbf,Hannover Hbf,IC,clear,False,True,False,2.8,False
2024-03-04,Monday,3,2024-03-04 18:10,18,Hamburg Hbf,Hannover Hbf,IC,clear,False,True,False,4.8,False
2024-03-05,Tuesday,3,2024-03-05 08:16,8,Berlin Hbf,Potsdam Hbf,S-Bahn,clear,False,True,False,2.5,False
2024-03-05,Tuesday,3,2024-03-05 08:48,8,Frankfurt(Main) Hbf,Mainz Hbf,S-Bahn,rain,False,True,False,0.3,False
2024-03-05,Tuesday,3,2024-03-05 09:29,9,Frankfurt(Main) Hbf,Mainz Hbf,S-Bahn,rain,False,False,False,0.1,False
2024-03-05,Tuesday,3,2024-03-05 09:37,9,Hamburg Hbf,Hannover Hbf,IC,clear,False,False,False,2.3,False
2024-03-05,Tuesday,3,2024-03-05 09:46,9,Cologne Hbf,Berlin Hbf,ICE,rain,False,False,False,3.8,False
2024-03-05,Tuesday,3,2024-03-05 10:18,10,Munich Hbf,Augsburg Hbf,RE,clear,False,False,False,4.8,False
2024-03-05,Tuesday,3,2024-03-05 11:15,11,Munich Hbf,Frankfurt(Main) Hbf,ICE,clear,False,False,False,12.6,True
2024-03-05,Tuesday,3,2024-03-05 11:47,11,Frankfurt(Main) Hbf,Mainz Hbf,S-Bahn,snow,False,False,False,1.3,False
2024-03-05,Tuesday,3,2024-03-05 12:05,12,Cologne Hbf,Berlin Hbf,ICE,storm,False,False,False,9.2,True
2024-03-05,Tuesday,3,2024-03-05 12:28,12,Hamburg Hbf,Hannover Hbf,IC,clear,False,False,False,2.7,False
2024-03-05,Tuesday,3,2024-03-05 13:38,13,Munich Hbf,Frankfurt(Main) Hbf,ICE,snow,False,False,False,9.2,True
2024-03-05,Tuesday,3,2024-03-05 16:52,16,Berlin Hbf,Potsdam Hbf,S-Bahn,clear,False,False,False,69.9,True
2024-03-05,Tuesday,3,2024-03-05 17:43,17,Munich Hbf,Augsburg Hbf,RE,clear,True,True,False,7.0,True
2024-03-05,Tuesday,3,2024-03-05 18:24,18,Cologne Hbf,Bonn Hbf,RE,clear,False,True,False,3.5,False
2024-03-05,Tuesday,3,2024-03-05 19:22,19,Leipzig Hbf,Dresden Hbf,RE,snow,False,True,False,4.8,False
2024-03-05,Tuesday,3,2024-03-05 19:28,19,Leipzig Hbf,Dresden Hbf,RE,clear,False,True,False,4.0,False
2024-03-05,Tuesday,3,2024-03-05 20:26,20,Munich Hbf,Frankfurt(Main) Hbf,ICE,clear,False,False,False,2.9,False
2024-03-06,Wednesday,3,2024-03-06 07:14,7,Munich Hbf,Frankfurt(Main) Hbf,ICE,clear,False,True,False,4.0,False
2024-03-06,Wednesday,3,2024-03-06 09:34,9,Hamburg Hbf,Hannover Hbf,IC,clear,False,False,False,2.5,False
2024-03-06,Wednesday,3,2024-03-06 10:47,10,Munich Hbf,Augsburg Hbf,RE,clear,False,False,False,4.8,False
2024-03-06,Wednesday,3,2024-03-06 12:14,12,Munich Hbf,Frankfurt(Main) Hbf,ICE,rain,True,False,False,8.9,True
2024-03-06,Wednesday,3,2024-03-06 12:21,12,Frankfurt(Main) Hbf,Stuttgart Hbf,IC,clear,False,False,False,7.1,True
2024-03-06,Wednesday,3,2024-03-06 13:39,13,Frankfurt(Main) Hbf,Mainz Hbf,S-Bahn,clear,False,False,False,3.4,False
2024-03-06,Wednesday,3,2024-03-06 13:58,13,Berlin Hbf,Potsdam Hbf,S-Bahn,rain,False,False,False,2.4,False
2024-03-06,Wednesday,3,2024-03-06 14:41,14,Frankfurt(Main) Hbf,Stuttgart Hbf,IC,clear,True,False,False,7.2,True
2024-03-06,Wednesday,3,2024-03-06 16:08,16,Berlin Hbf,Hamburg Hbf,ICE,snow,False,False,False,4.2,False
2024-03-07,Thursday,3,2024-03-07 06:04,6,Leipzig Hbf,Dresden Hbf,RE,snow,False,False,False,3.9,False
2024-03-07,Thursday,3,2024-03-07 08:09,8,Leipzig Hbf,Dresden Hbf,RE,clear,False,True,False,5.4,True
2024-03-07,Thursday,3,2024-03-07 08:28,8,Frankfurt(Main) Hbf,Stuttgart Hbf,IC,rain,False,True,False,5.4,True
2024-03-07,Thursday,3,2024-03-07 08:58,8,Cologne Hbf,Bonn Hbf,RE,rain,False,True,False,1.3,False
2024-03-07,Thursday,3,2024-03-07 09:18,9,Munich Hbf,Frankfurt(Main) Hbf,ICE,clear,False,False,False,3.3,False
2024-03-07,Thursday,3,2024-03-07 10:21,10,Berlin Hbf,Potsdam Hbf,S-Bahn,clear,False,False,False,2.9,False
2024-03-07,Thursday,3,2024-03-07 10:53,10,Frankfurt(Main) Hbf,Mainz Hbf,S-Bahn,clear,True,False,False,1.0,False
2024-03-07,Thursday,3,2024-03-07 13:25,13,Berlin Hbf,Potsdam Hbf,S-Bahn,clear,False,False,False,2.8,False
2024-03-07,Thursday,3,2024-03-07 15:53,15,Frankfurt(Main) Hbf,Stuttgart Hbf,IC,rain,False,False,False,2.2,False
2024-03-07,Thursday,3,2024-03-07 19:25,19,Cologne Hbf,Bonn Hbf,RE,clear,False,True,False,3.9,False
2024-03-08,Friday,3,2024-03-08 05:57,5,Berlin Hbf,Hamburg Hbf,ICE,clear,False,False,False,5.3,True
2024-03-08,Friday,3,2024-03-08 07:18,7,Hamburg Hbf,Hannover Hbf,IC,clear,False,True,False,5.8,True
2024-03-08,Friday,3,2024-03-08 08:28,8,Leipzig Hbf,Dresden Hbf,RE,rain,False,True,False,1.4,False
2024-03-08,Friday,3,2024-03-08 10:36,10,Munich Hbf,Frankfurt(Main) Hbf,ICE,clear,False,False,False,4.6,False
2024-03-08,Friday,3,2024-03-08 11:43,11,Cologne Hbf,Berlin Hbf,ICE,snow,False,False,False,9.7,True
2024-03-08,Friday,3,2024-03-08 12:07,12,Munich Hbf,Augsburg Hbf,RE,rain,False,False,False,1.3,False
2024-03-08,Friday,3,2024-03-08 13:12,13,Cologne Hbf,Bonn Hbf,RE,clear,False,False,False,1.7,False
2024-03-08,Friday,3,2024-03-08 15:08,15,Berlin Hbf,Potsdam Hbf,S-Bahn,clear,False,False,False,3.2,False
2024-03-08,Friday,3,2024-03-08 15:14,15,Frankfurt(Main) Hbf,Stuttgart Hbf,IC,rain,False,False,False,2.3,False
2024-03-08,Friday,3,2024-03-08 16:08,16,Leipzig Hbf,Dresden Hbf,RE,clear,False,False,False,1.6,False
2024-03-08,Friday,3,2024-03-08 16:09,16,Hamburg Hbf,Hannover Hbf,IC,clear,False,False,False,6.6,True
2024-03-08,Friday,3,2024-03-08 17:36,17,Frankfurt(Main) Hbf,Stuttgart Hbf,IC,rain,False,True,False,6.9,True
2024-03-08,Friday,3,2024-03-08 17:38,17,Berlin Hbf,Potsdam Hbf,S-Bahn,clear,False,True,False,0.7,False
2024-03-08,Friday,3,2024-03-08 19:27,19,Munich Hbf,Augsburg Hbf,RE,rain,False,True,False,6.7,True
2024-03-08,Friday,3,2024-03-08 20:01,20,Cologne Hbf,Berlin Hbf,ICE,clear,False,False,False,5.7,True
2024-03-09,Saturday,3,2024-03-09 07:04,7,Leipzig Hbf,Dresden Hbf,RE,clear,True,True,True,4.0,False
2024-03-09,Saturday,3,2024-03-09 08:16,8,Berlin Hbf,Potsdam Hbf,S-Bahn,clear,False,True,True,39.2,True
2024-03-09,Saturday,3,2024-03-09 15:15,15,Cologne Hbf,Bonn Hbf,RE,clear,False,False,True,4.7,False
2024-03-09,Saturday,3,2024-03-09 16:25,16,Leipzig Hbf,Dresden Hbf,RE,rain,False,False,True,0.6,False
2024-03-09,Saturday,3,2024-03-09 16:45,16,Frankfurt(Main) Hbf,Mainz Hbf,S-Bahn,clear,False,False,True,4.8,False
2024-03-09,Saturday,3,2024-03-09 18:48,18,Cologne Hbf,Bonn Hbf,RE,snow,False,True,True,2.7,False
2024-03-09,Saturday,3,2024-03-09 21:11,21,Munich Hbf,Frankfurt(Main) Hbf,ICE,rain,False,False,True,6.8,True
2024-03-09,Saturday,3,2024-03-09 22:58,22,Cologne Hbf,Bonn Hbf,RE,clear,True,False,True,1.7,False
2024-03-10,Sunday,3,2024-03-10 08:17,8,Berlin Hbf,Potsdam Hbf,S-Bahn,clear,False,True,True,1.3,False
2024-03-10,Sunday,3,2024-03-10 08:20,8,Cologne Hbf,Berlin Hbf,ICE,snow,False,True,True,7.3,True
2024-03-10,Sunday,3,2024-03-10 12:04,12,Berlin Hbf,Hamburg Hbf,ICE,clear,False,False,True,3.5,False
2024-03-10,Sunday,3,2024-03-10 13:27,13,Hamburg Hbf,Hannover Hbf,IC,clear,False,False,True,2.5,False
2024-03-10,Sunday,3,2024-03-10 15:22,15,Hamburg Hbf,Hannover Hbf,IC,clear,False,False,True,1.7,False
2024-03-10,Sunday,3,2024-03-10 16:15,16,Cologne Hbf,Bonn Hbf,RE,clear,False,False,True,3.4,False
2024-03-10,Sunday,3,2024-03-10 16:23,16,Frankfurt(Main) Hbf,Stuttgart Hbf,IC,clear,False,False,True,1.7,False
2024-03-10,Sunday,3,2024-03-10 17:44,17,Hamburg Hbf,Hannover Hbf,IC,rain,True,True,True,6.2,True
2024-03-11,Monday,3,2024-03-11 08:06,8,Frankfurt(Main) Hbf,Mainz Hbf,S-Bahn,snow,True,True,False,2.8,False
2024-03-11,Monday,3,2024-03-11 08:21,8,Munich Hbf,Frankfurt(Main) Hbf,ICE,clear,False,True,False,6.5,True
2024-03-11,Monday,3,2024-03-11 08:22,8,Munich Hbf,Augsburg Hbf,RE,clear,False,True,False,1.2,False
2024-03-11,Monday,3,2024-03-11 10:13,10,Hamburg Hbf,Hannover Hbf,IC,rain,False,False,False,12.4,True
2024-03-11,Monday,3,2024-03-11 11:34,11,Frankfurt(Main) Hbf,Mainz Hbf,S-Bahn,rain,False,False,False,2.7,False
2024-03-11,Monday,3,2024-03-11 11:47,11,Frankfurt(Main) Hbf,Stuttgart Hbf,IC,clear,False,False,False,2.1,False
2024-03-11,Monday,3,2024-03-11 14:17,14,Munich Hbf,Frankfurt(Main) Hbf,ICE,snow,False,False,False,4.3,False
2024-03-11,Monday,3,2024-03-11 16:20,16,Berlin Hbf,Hamburg Hbf,ICE,clear,False,False,False,8.1,True
2024-03-11,Monday,3,2024-03-11 17:08,17,Berlin Hbf,Potsdam Hbf,S-Bahn,snow,False,True,False,2.9,False
2024-03-11,Monday,3,2024-03-11 18:43,18,Munich Hbf,Augsburg Hbf,RE,rain,False,True,False,1.9,False
2024-03-11,Monday,3,2024-03-11 18:46,18,Hamburg Hbf,Hannover Hbf,IC,clear,False,True,False,6.6,True
2024-03-11,Monday,3,2024-03-11 21:12,21,Hamburg Hbf,Hannover Hbf,IC,clear,True,False,False,3.8,False
2024-03-12,Tuesday,3,2024-03-12 06:16,6,Cologne Hbf,Berlin Hbf,ICE,rain,False,False,False,7.4,True
2024-03-12,Tuesday,3,2024-03-12 07:56,7,Frankfurt(Main) Hbf,Stuttgart Hbf,IC,rain,False,True,False,5.0,False
2024-03-12,Tuesday,3,2024-03-12 11:06,11,Cologne Hbf,Berlin Hbf,ICE,clear,False,False,False,2.4,False
2024-03-12,Tuesday,3,2024-03-12 11:58,11,Berlin Hbf,Potsdam Hbf,S-Bahn,clear,False,False,False,10.0,True
2024-03-12,Tuesday,3,2024-03-12 15:27,15,Frankfurt(Main) Hbf,Mainz Hbf,S-Bahn,rain,False,False,False,2.7,False
2024-03-12,Tuesday,3,2024-03-12 15:51,15,Cologne Hbf,Bonn Hbf,RE,rain,True,False,False,0.2,False
2024-03-12,Tuesday,3,2024-03-12 17:22,17,Munich Hbf,Augsburg Hbf,RE,rain,False,True,False,1.6,False
2024-03-12,Tuesday,3,2024-03-12 18:30,18,Berlin Hbf,Hamburg Hbf,ICE,snow,False,True,False,15.1,True
2024-03-12,Tuesday,3,2024-03-12 20:44,20,Cologne Hbf,Berlin Hbf,ICE,snow,False,False,False,13.4,True
2024-03-12,Tuesday,3,2024-03-12 21:28,21,Cologne Hbf,Berlin Hbf,ICE,rain,False,False,False,6.9,True
2024-03-13,Wednesday,3,2024-03-13 05:38,5,Cologne Hbf,Bonn Hbf,RE,clear,False,False,False,1.9,False
2024-03-13,Wednesday,3,2024-03-13 06:04,6,Frankfurt(Main) Hbf,Stuttgart Hbf,IC,clear,False,False,False,33.7,True
2024-03-13,Wednesday,3,2024-03-13 06:56,6,Munich Hbf,Frankfurt(Main) Hbf,ICE,clear,False,False,False,0.9,False
2024-03-13,Wednesday,3,2024-03-13 07:05,7,Munich Hbf,Frankfurt(Main) Hbf,ICE,snow,False,True,False,10.1,True
2024-03-13,Wednesday,3,2024-03-13 08:56,8,Frankfurt(Main) Hbf,Mainz Hbf,S-Bahn,rain,False,True,False,4.6,False
2024-03-13,Wednesday,3,2024-03-13 10:29,10,Hamburg Hbf,Hannover Hbf,IC,rain,True,False,False,45.2,True
2024-03-13,Wednesday,3,2024-03-13 13:53,13,Munich Hbf,Frankfurt(Main) Hbf,ICE,clear,False,False,False,1.6,False
2024-03-13,Wednesday,3,2024-03-13 15:53,15,Berlin Hbf,Hamburg Hbf,ICE,rain,False,False,False,6.4,True
2024-03-13,Wednesday,3,2024-03-13 15:57,15,Munich Hbf,Frankfurt(Main) Hbf,ICE,snow,False,False,False,12.2,True
2024-03-13,Wednesday,3,2024-03-13 20:20,20,Munich Hbf,Frankfurt(Main) Hbf,ICE,clear,False,False,False,3.3,False
2024-03-14,Thursday,3,2024-03-14 06:22,6,Munich Hbf,Frankfurt(Main) Hbf,ICE,clear,False,False,False,1.8,False
2024-03-14,Thursday,3,2024-03-14 09:21,9,Hamburg Hbf,Hannover Hbf,IC,rain,False,False,False,4.7,False
2024-03-14,Thursday,3,2024-03-14 10:29,10,Frankfurt(Main) Hbf,Mainz Hbf,S-Bahn,storm,False,False,False,0.4,False
2024-03-14,Thursday,3,2024-03-14 17:04,17,Berlin Hbf,Potsdam Hbf,S-Bahn,clear,False,True,False,9.0,True
2024-03-14,Thursday,3,2024-03-14 19:16,19,Frankfurt(Main) Hbf,Stuttgart Hbf,IC,storm,False,True,False,3.6,False
2024-03-14,Thursday,3,2024-03-14 19:47,19,Frankfurt(Main) Hbf,Stuttgart Hbf,IC,storm,False,True,False,4.3,False
2024-03-14,Thursday,3,2024-03-14 20:55,20,Cologne Hbf,Berlin Hbf,ICE,clear,False,False,False,1.9,False
2024-03-14,Thursday,3,2024-03-14 21:09,21,Hamburg Hbf,Hannover Hbf,IC,clear,False,False,False,2.0,False
2024-03-14,Thursday,3,2024-03-14 22:39,22,Cologne Hbf,Berlin Hbf,ICE,rain,False,False,False,3.6,False
2024-03-15,Friday,3,2024-03-15 06:25,6,Cologne Hbf,Berlin Hbf,ICE,clear,False,False,False,5.8,True
2024-03-15,Friday,3,2024-03-15 07:27,7,Cologne Hbf,Bonn Hbf,RE,clear,True,True,False,7.3,True
2024-03-15,Friday,3,2024-03-15 08:15,8,Munich Hbf,Frankfurt(Main) Hbf,ICE,clear,False,True,False,5.1,True
2024-03-15,Friday,3,2024-03-15 09:47,9,Berlin Hbf,Hamburg Hbf,ICE,clear,False,False,False,1.5,False
2024-03-15,Friday,3,2024-03-15 10:44,10,Cologne Hbf,Berlin Hbf,ICE,rain,True,False,False,11.7,True
2024-03-15,Friday,3,2024-03-15 11:17,11,Berlin Hbf,Potsdam Hbf,S-Bahn,rain,False,False,False,0.5,False
2024-03-15,Friday,3,2024-03-15 14:51,14,Frankfurt(Main) Hbf,Mainz Hbf,S-Bahn,clear,False,False,False,3.8,False
2024-03-15,Friday,3,2024-03-15 15:05,15,Berlin Hbf,Hamburg Hbf,ICE,rain,False,False,False,9.5,True
2024-03-15,Friday,3,2024-03-15 16:22,16,Frankfurt(Main) Hbf,Mainz Hbf,S-Bahn,clear,True,False,False,0.3,False
2024-03-15,Friday,3,2024-03-15 18:50,18,Cologne Hbf,Berlin Hbf,ICE,clear,True,True,False,17.3,True
2024-03-15,Friday,3,2024-03-15 20:01,20,Cologne Hbf,Berlin Hbf,ICE,clear,False,False,False,5.0,False
2024-03-16,Saturday,3,2024-03-16 09:32,9,Hamburg Hbf,Hannover Hbf,IC,snow,False,False,True,5.1,True
2024-03-16,Saturday,3,2024-03-16 11:26,11,Berlin Hbf,Hamburg Hbf,ICE,clear,False,False,True,0.8,False
2024-03-16,Saturday,3,2024-03-16 12:28,12,Leipzig Hbf,Dresden Hbf,RE,clear,False,False,True,1.8,False
2024-03-16,Saturday,3,2024-03-16 13:18,13,Cologne Hbf,Bonn Hbf,RE,rain,False,False,True,4.6,False
2024-03-16,Saturday,3,2024-03-16 15:17,15,Munich Hbf,Frankfurt(Main) Hbf,ICE,clear,False,False,True,4.6,False
2024-03-16,Saturday,3,2024-03-16 15:38,15,Munich Hbf,Frankfurt(Main) Hbf,ICE,rain,False,False,True,5.9,True
2024-03-16,Saturday,3,2024-03-16 16:21,16,Leipzig Hbf,Dresden Hbf,RE,clear,False,False,True,2.1,False
2024-03-16,Saturday,3,2024-03-16 16:24,16,Munich Hbf,Frankfurt(Main) Hbf,ICE,clear,False,False,True,6.8,True
2024-03-16,Saturday,3,2024-03-16 16:45,16,Cologne Hbf,Berlin Hbf,ICE,rain,False,False,True,6.7,True
2024-03-16,Saturday,3,2024-03-16 17:25,17,Munich Hbf,Augsburg Hbf,RE,rain,False,True,True,9.7,True
2024-03-16,Saturday,3,2024-03-16 18:02,18,Cologne Hbf,Bonn Hbf,RE,clear,False,True,True,3.5,False
2024-03-16,Saturday,3,2024-03-16 18:19,18,Frankfurt(Main) Hbf,Mainz Hbf,S-Bahn,clear,False,True,True,7.8,True
2024-03-16,Saturday,3,2024-03-16 21:24,21,Cologne Hbf,Bonn Hbf,RE,clear,False,False,True,4.0,False
2024-03-16,Saturday,3,2024-03-16 21:39,21,Hamburg Hbf,Hannover Hbf,IC,rain,False,False,True,5.8,True
2024-03-16,Saturday,3,2024-03-16 22:02,22,Leipzig Hbf,Dresden Hbf,RE,clear,False,False,True,0.7,False
2024-03-17,Sunday,3,2024-03-17 09:08,9,Cologne Hbf,Berlin Hbf,ICE,rain,False,False,True,4.6,False
2024-03-17,Sunday,3,2024-03-17 11:35,11,Berlin Hbf,Potsdam Hbf,S-Bahn,storm,False,False,True,0.8,False
2024-03-17,Sunday,3,2024-03-17 13:24,13,Cologne Hbf,Bonn Hbf,RE,clear,False,False,True,1.1,False
2024-03-17,Sunday,3,2024-03-17 13:37,13,Hamburg Hbf,Hannover Hbf,IC,storm,False,False,True,8.8,True
2024-03-17,Sunday,3,2024-03-17 14:33,14,Cologne Hbf,Berlin Hbf,ICE,rain,False,False,True,7.3,True
2024-03-17,Sunday,3,2024-03-17 14:38,14,Munich Hbf,Frankfurt(Main) Hbf,ICE,clear,False,False,True,1.6,False
2024-03-17,Sunday,3,2024-03-17 14:53,14,Frankfurt(Main) Hbf,Mainz Hbf,S-Bahn,rain,True,False,True,2.1,False
2024-03-18,Monday,3,2024-03-18 06:41,6,Munich Hbf,Augsburg Hbf,RE,rain,False,False,False,1.4,False
2024-03-18,Monday,3,2024-03-18 06:56,6,Cologne Hbf,Bonn Hbf,RE,rain,False,False,False,1.3,False
2024-03-18,Monday,3,2024-03-18 07:24,7,Leipzig Hbf,Dresden Hbf,RE,clear,False,True,False,1.1,False
2024-03-18,Monday,3,2024-03-18 07:41,7,Frankfurt(Main) Hbf,Mainz Hbf,S-Bahn,clear,False,True,False,2.2,False
2024-03-18,Monday,3,2024-03-18 08:33,8,Frankfurt(Main) Hbf,Mainz Hbf,S-Bahn,rain,True,True,False,3.0,False
2024-03-18,Monday,3,2024-03-18 08:52,8,Frankfurt(Main) Hbf,Mainz Hbf,S-Bahn,rain,False,True,False,0.5,False
2024-03-18,Monday,3,2024-03-18 09:35,9,Berlin Hbf,Hamburg Hbf,ICE,clear,False,False,False,0.3,False
2024-03-18,Monday,3,2024-03-18 09:48,9,Munich Hbf,Frankfurt(Main) Hbf,ICE,rain,False,False,False,4.0,False
2024-03-18,Monday,3,2024-03-18 11:00,11,Frankfurt(Main) Hbf,Mainz Hbf,S-Bahn,snow,False,False,False,3.6,False
2024-03-18,Monday,3,2024-03-18 11:52,11,Hamburg Hbf,Hannover Hbf,IC,rain,False,False,False,0.5,False
2024-03-18,Monday,3,2024-03-18 12:54,12,Berlin Hbf,Potsdam Hbf,S-Bahn,clear,False,False,False,1.2,False
2024-03-18,Monday,3,2024-03-18 16:32,16,Berlin Hbf,Hamburg Hbf,ICE,clear,True,False,False,8.2,True
2024-03-18,Monday,3,2024-03-18 19:01,19,Munich Hbf,Augsburg Hbf,RE,clear,False,True,False,2.1,False
2024-03-18,Monday,3,2024-03-18 19:20,19,Cologne Hbf,Berlin Hbf,ICE,clear,False,True,False,9.8,True
2024-03-18,Monday,3,2024-03-18 19:45,19,Frankfurt(Main) Hbf,Mainz Hbf,S-Bahn,rain,False,True,False,0.9,False
2024-03-19,Tuesday,3,2024-03-19 07:10,7,Cologne Hbf,Bonn Hbf,RE,clear,False,True,False,1.5,False
2024-03-19,Tuesday,3,2024-03-19 09:24,9,Frankfurt(Main) Hbf,Mainz Hbf,S-Bahn,rain,False,False,False,1.6,False
2024-03-19,Tuesday,3,2024-03-19 09:33,9,Berlin Hbf,Hamburg Hbf,ICE,rain,False,False,False,5.1,True
2024-03-19,Tuesday,3,2024-03-19 09:48,9,Berlin Hbf,Potsdam Hbf,S-Bahn,rain,False,False,False,3.6,False
2024-03-19,Tuesday,3,2024-03-19 12:22,12,Cologne Hbf,Berlin Hbf,ICE,rain,True,False,False,8.2,True
2024-03-19,Tuesday,3,2024-03-19 13:15,13,Munich Hbf,Augsburg Hbf,RE,clear,False,False,False,4.7,False
2024-03-19,Tuesday,3,2024-03-19 17:33,17,Hamburg Hbf,Hannover Hbf,IC,rain,False,True,False,12.1,True
2024-03-19,Tuesday,3,2024-03-19 18:14,18,Munich Hbf,Frankfurt(Main) Hbf,ICE,rain,False,True,False,4.3,False
2024-03-19,Tuesday,3,2024-03-19 20:08,20,Frankfurt(Main) Hbf,Mainz Hbf,S-Bahn,clear,False,False,False,1.4,False
2024-03-19,Tuesday,3,2024-03-19 20:43,20,Munich Hbf,Augsburg Hbf,RE,clear,True,False,False,0.4,False
2024-03-19,Tuesday,3,2024-03-19 21:21,21,Frankfurt(Main) Hbf,Stuttgart Hbf,IC,rain,False,False,False,1.9,False
2024-03-20,Wednesday,3,2024-03-20 05:48,5,Berlin Hbf,Hamburg Hbf,ICE,clear,False,False,False,3.0,False
2024-03-20,Wednesday,3,2024-03-20 08:35,8,Munich Hbf,Augsburg Hbf,RE,clear,False,True,False,0.8,False
2024-03-20,Wednesday,3,2024-03-20 09:32,9,Hamburg Hbf,Hannover Hbf,IC,rain,False,False,False,9.1,True
2024-03-20,Wednesday,3,2024-03-20 09:34,9,Munich Hbf,Frankfurt(Main) Hbf,ICE,rain,False,False,False,10.7,True
2024-03-20,Wednesday,3,2024-03-20 10:42,10,Leipzig Hbf,Dresden Hbf,RE,clear,False,False,False,2.5,False
2024-03-20,Wednesday,3,2024-03-20 11:04,11,Cologne Hbf,Bonn Hbf,RE,rain,False,False,False,2.8,False
2024-03-20,Wednesday,3,2024-03-20 11:42,11,Munich Hbf,Frankfurt(Main) Hbf,ICE,storm,False,False,False,2.1,False
2024-03-20,Wednesday,3,2024-03-20 11:58,11,Leipzig Hbf,Dresden Hbf,RE,clear,False,False,False,0.5,False
2024-03-20,Wednesday,3,2024-03-20 12:09,12,Frankfurt(Main) Hbf,Stuttgart Hbf,IC,rain,False,False,False,3.2,False
2024-03-20,Wednesday,3,2024-03-20 15:11,15,Berlin Hbf,Hamburg Hbf,ICE,clear,False,False,False,1.8,False
2024-03-20,Wednesday,3,2024-03-20 17:52,17,Frankfurt(Main) Hbf,Stuttgart Hbf,IC,clear,False,True,False,8.6,True
2024-03-20,Wednesday,3,2024-03-20 19:36,19,Cologne Hbf,Berlin Hbf,ICE,clear,False,True,False,1.8,False
2024-03-20,Wednesday,3,2024-03-20 19:39,19,Frankfurt(Main) Hbf,Mainz Hbf,S-Bahn,snow,False,True,False,4.1,False
2024-03-20,Wednesday,3,2024-03-20 22:36,22,Berlin Hbf,Potsdam Hbf,S-Bahn,rain,False,False,False,2.4,False
2024-03-21,Thursday,3,2024-03-21 07:33,7,Berlin Hbf,Potsdam Hbf,S-Bahn,rain,False,True,False,1.9,False
2024-03-21,Thursday,3,2024-03-21 08:45,8,Cologne Hbf,Bonn Hbf,RE,clear,False,True,False,3.8,False
2024-03-21,Thursday,3,2024-03-21 08:59,8,Leipzig Hbf,Dresden Hbf,RE,snow,False,True,False,7.6,True
2024-03-21,Thursday,3,2024-03-21 09:29,9,Hamburg Hbf,Hannover Hbf,IC,clear,False,False,False,3.7,False
2024-03-21,Thursday,3,2024-03-21 15:44,15,Berlin Hbf,Potsdam Hbf,S-Bahn,clear,False,False,False,0.7,False
2024-03-21,Thursday,3,2024-03-21 17:00,17,Frankfurt(Main) Hbf,Mainz Hbf,S-Bahn,snow,False,True,False,3.1,False
2024-03-21,Thursday,3,2024-03-21 17:19,17,Leipzig Hbf,Dresden Hbf,RE,rain,False,True,False,1.3,False
2024-03-21,Thursday,3,2024-03-21 20:11,20,Hamburg Hbf,Hannover Hbf,IC,clear,False,False,False,7.4,True
2024-03-21,Thursday,3,2024-03-21 20:34,20,Berlin Hbf,Potsdam Hbf,S-Bahn,rain,False,False,False,1.7,False
2024-03-21,Thursday,3,2024-03-21 20:42,20,Munich Hbf,Augsburg Hbf,RE,clear,False,False,False,3.9,False
2024-03-21,Thursday,3,2024-03-21 22:09,22,Cologne Hbf,Bonn Hbf,RE,rain,False,False,False,0.3,False
2024-03-22,Friday,3,2024-03-22 05:09,5,Munich Hbf,Augsburg Hbf,RE,clear,False,False,False,4.1,False
2024-03-22,Friday,3,2024-03-22 07:23,7,Cologne Hbf,Bonn Hbf,RE,clear,False,True,False,0.7,False
2024-03-22,Friday,3,2024-03-22 08:25,8,Cologne Hbf,Berlin Hbf,ICE,snow,False,True,False,11.7,True
2024-03-22,Friday,3,2024-03-22 08:47,8,Berlin Hbf,Hamburg Hbf,ICE,clear,False,True,False,8.8,True
2024-03-22,Friday,3,2024-03-22 08:59,8,Cologne Hbf,Bonn Hbf,RE,clear,False,True,False,1.2,False
2024-03-22,Friday,3,2024-03-22 09:49,9,Frankfurt(Main) Hbf,Stuttgart Hbf,IC,clear,False,False,False,7.4,True
2024-03-22,Friday,3,2024-03-22 10:26,10,Berlin Hbf,Hamburg Hbf,ICE,snow,False,False,False,12.2,True
2024-03-22,Friday,3,2024-03-22 12:23,12,Frankfurt(Main) Hbf,Mainz Hbf,S-Bahn,clear,False,False,False,3.7,False
2024-03-22,Friday,3,2024-03-22 12:51,12,Berlin Hbf,Potsdam Hbf,S-Bahn,clear,False,False,False,5.1,True
2024-03-22,Friday,3,2024-03-22 12:52,12,Frankfurt(Main) Hbf,Mainz Hbf,S-Bahn,rain,False,False,False,2.8,False
2024-03-22,Friday,3,2024-03-22 13:03,13,Cologne Hbf,Bonn Hbf,RE,clear,False,False,False,0.4,False
2024-03-22,Friday,3,2024-03-22 13:05,13,Munich Hbf,Frankfurt(Main) Hbf,ICE,snow,False,False,False,6.4,True
2024-03-22,Friday,3,2024-03-22 13:21,13,Berlin Hbf,Hamburg Hbf,ICE,clear,True,False,False,2.6,False
2024-03-22,Friday,3,2024-03-22 15:27,15,Leipzig Hbf,Dresden Hbf,RE,snow,False,False,False,7.2,True
2024-03-22,Friday,3,2024-03-22 15:54,15,Frankfurt(Main) Hbf,Stuttgart Hbf,IC,clear,False,False,False,2.4,False
2024-03-22,Friday,3,2024-03-22 16:49,16,Leipzig Hbf,Dresden Hbf,RE,rain,False,False,False,4.4,False
2024-03-22,Friday,3,2024-03-22 17:57,17,Munich Hbf,Augsburg Hbf,RE,clear,False,True,False,2.1,False
2024-03-22,Friday,3,2024-03-22 20:28,20,Cologne Hbf,Bonn Hbf,RE,rain,True,False,False,1.3,False
2024-03-22,Friday,3,2024-03-22 21:10,21,Munich Hbf,Frankfurt(Main) Hbf,ICE,rain,True,False,False,6.6,True
2024-03-23,Saturday,3,2024-03-23 06:09,6,Leipzig Hbf,Dresden Hbf,RE,clear,False,False,True,3.4,False
2024-03-23,Saturday,3,2024-03-23 06:56,6,Leipzig Hbf,Dresden Hbf,RE,clear,True,False,True,2.8,False
2024-03-23,Saturday,3,2024-03-23 07:00,7,Cologne Hbf,Berlin Hbf,ICE,rain,False,True,True,4.1,False
2024-03-23,Saturday,3,2024-03-23 13:04,13,Frankfurt(Main) Hbf,Stuttgart Hbf,IC,clear,False,False,True,0.9,False
2024-03-23,Saturday,3,2024-03-23 15:37,15,Berlin Hbf,Potsdam Hbf,S-Bahn,rain,True,False,True,2.6,False
2024-03-23,Saturday,3,2024-03-23 19:05,19,Cologne Hbf,Berlin Hbf,ICE,clear,False,True,True,3.2,False
2024-03-24,Sunday,3,2024-03-24 06:14,6,Cologne Hbf,Bonn Hbf,RE,rain,False,False,True,2.5,False
2024-03-24,Sunday,3,2024-03-24 07:27,7,Frankfurt(Main) Hbf,Stuttgart Hbf,IC,clear,False,True,True,2.4,False
2024-03-24,Sunday,3,2024-03-24 07:54,7,Leipzig Hbf,Dresden Hbf,RE,clear,False,True,True,5.6,True
2024-03-24,Sunday,3,2024-03-24 08:11,8,Munich Hbf,Augsburg Hbf,RE,rain,False,True,True,4.1,False
2024-03-24,Sunday,3,2024-03-24 09:29,9,Berlin Hbf,Hamburg Hbf,ICE,clear,False,False,True,4.7,False
2024-03-24,Sunday,3,2024-03-24 10:37,10,Munich Hbf,Augsburg Hbf,RE,rain,False,False,True,0.9,False
2024-03-24,Sunday,3,2024-03-24 11:20,11,Cologne Hbf,Berlin Hbf,ICE,rain,False,False,True,9.4,True
2024-03-24,Sunday,3,2024-03-24 13:08,13,Munich Hbf,Augsburg Hbf,RE,snow,False,False,True,2.9,False
2024-03-24,Sunday,3,2024-03-24 14:26,14,Berlin Hbf,Potsdam Hbf,S-Bahn,storm,False,False,True,2.0,False
2024-03-24,Sunday,3,2024-03-24 16:42,16,Munich Hbf,Augsburg Hbf,RE,clear,False,False,True,0.6,False
2024-03-24,Sunday,3,2024-03-24 20:17,20,Cologne Hbf,Berlin Hbf,ICE,clear,False,False,True,1.5,False
2024-03-24,Sunday,3,2024-03-24 20:20,20,Munich Hbf,Frankfurt(Main) Hbf,ICE,rain,False,False,True,2.0,False
2024-03-25,Monday,3,2024-03-25 06:54,6,Munich Hbf,Frankfurt(Main) Hbf,ICE,clear,False,False,False,3.5,False
2024-03-25,Monday,3,2024-03-25 06:57,6,Cologne Hbf,Bonn Hbf,RE,clear,True,False,False,2.1,False
2024-03-25,Monday,3,2024-03-25 07:08,7,Munich Hbf,Frankfurt(Main) Hbf,ICE,rain,False,True,False,2.4,False
2024-03-25,Monday,3,2024-03-25 07:13,7,Cologne Hbf,Bonn Hbf,RE,snow,True,True,False,5.1,True
2024-03-25,Monday,3,2024-03-25 07:27,7,Frankfurt(Main) Hbf,Mainz Hbf,S-Bahn,clear,False,True,False,0.6,False
2024-03-25,Monday,3,2024-03-25 07:30,7,Cologne Hbf,Bonn Hbf,RE,snow,False,True,False,2.7,False
2024-03-25,Monday,3,2024-03-25 08:34,8,Cologne Hbf,Berlin Hbf,ICE,clear,False,True,False,7.9,True
2024-03-25,Monday,3,2024-03-25 09:31,9,Leipzig Hbf,Dresden Hbf,RE,clear,False,False,False,4.2,False
2024-03-25,Monday,3,2024-03-25 09:49,9,Cologne Hbf,Berlin Hbf,ICE,clear,False,False,False,4.0,False
2024-03-25,Monday,3,2024-03-25 16:21,16,Berlin Hbf,Hamburg Hbf,ICE,snow,True,False,False,8.5,True
2024-03-25,Monday,3,2024-03-25 17:33,17,Leipzig Hbf,Dresden Hbf,RE,rain,False,True,False,1.3,False
2024-03-25,Monday,3,2024-03-25 18:59,18,Cologne Hbf,Berlin Hbf,ICE,clear,True,True,False,7.1,True
2024-03-25,Monday,3,2024-03-25 19:22,19,Munich Hbf,Augsburg Hbf,RE,rain,False,True,False,6.6,True
2024-03-25,Monday,3,2024-03-25 19:43,19,Cologne Hbf,Berlin Hbf,ICE,rain,False,True,False,7.9,True
2024-03-25,Monday,3,2024-03-25 22:09,22,Berlin Hbf,Potsdam Hbf,S-Bahn,storm,False,False,False,1.3,False
2024-03-26,Tuesday,3,2024-03-26 07:21,7,Munich Hbf,Frankfurt(Main) Hbf,ICE,rain,True,True,False,14.6,True
2024-03-26,Tuesday,3,2024-03-26 08:53,8,Berlin Hbf,Potsdam Hbf,S-Bahn,clear,False,True,False,2.7,False
2024-03-26,Tuesday,3,2024-03-26 09:47,9,Frankfurt(Main) Hbf,Stuttgart Hbf,IC,clear,False,False,False,2.6,False
2024-03-26,Tuesday,3,2024-03-26 10:31,10,Berlin Hbf,Hamburg Hbf,ICE,clear,False,False,False,3.5,False
2024-03-26,Tuesday,3,2024-03-26 14:22,14,Berlin Hbf,Hamburg Hbf,ICE,clear,False,False,False,4.1,False
2024-03-26,Tuesday,3,2024-03-26 15:13,15,Cologne Hbf,Bonn Hbf,RE,clear,False,False,False,0.7,False
2024-03-26,Tuesday,3,2024-03-26 15:36,15,Frankfurt(Main) Hbf,Mainz Hbf,S-Bahn,snow,False,False,False,0.9,False
2024-03-26,Tuesday,3,2024-03-26 15:43,15,Frankfurt(Main) Hbf,Stuttgart Hbf,IC,rain,False,False,False,2.1,False
2024-03-26,Tuesday,3,2024-03-26 15:50,15,Munich Hbf,Frankfurt(Main) Hbf,ICE,clear,False,False,False,6.5,True
2024-03-26,Tuesday,3,2024-03-26 17:19,17,Frankfurt(Main) Hbf,Mainz Hbf,S-Bahn,snow,False,True,False,1.5,False
2024-03-26,Tuesday,3,2024-03-26 17:23,17,Munich Hbf,Frankfurt(Main) Hbf,ICE,rain,False,True,False,11.0,True
2024-03-26,Tuesday,3,2024-03-26 20:46,20,Munich Hbf,Augsburg Hbf,RE,rain,True,False,False,1.8,False
2024-03-26,Tuesday,3,2024-03-26 20:49,20,Munich Hbf,Frankfurt(Main) Hbf,ICE,snow,True,False,False,14.6,True
2024-03-26,Tuesday,3,2024-03-26 21:36,21,Frankfurt(Main) Hbf,Mainz Hbf,S-Bahn,clear,False,False,False,2.3,False
2024-03-27,Wednesday,3,2024-03-27 07:20,7,Frankfurt(Main) Hbf,Mainz Hbf,S-Bahn,clear,False,True,False,2.2,False
2024-03-27,Wednesday,3,2024-03-27 07:43,7,Hamburg Hbf,Hannover Hbf,IC,rain,False,True,False,3.5,False
2024-03-27,Wednesday,3,2024-03-27 08:56,8,Munich Hbf,Frankfurt(Main) Hbf,ICE,clear,False,True,False,3.1,False
2024-03-27,Wednesday,3,2024-03-27 08:56,8,Leipzig Hbf,Dresden Hbf,RE,clear,False,True,False,2.6,False
2024-03-27,Wednesday,3,2024-03-27 09:31,9,Cologne Hbf,Berlin Hbf,ICE,rain,False,False,False,6.9,True
2024-03-27,Wednesday,3,2024-03-27 11:26,11,Frankfurt(Main) Hbf,Stuttgart Hbf,IC,clear,False,False,False,0.7,False
2024-03-27,Wednesday,3,2024-03-27 11:40,11,Frankfurt(Main) Hbf,Mainz Hbf,S-Bahn,clear,False,False,False,0.6,False
2024-03-27,Wednesday,3,2024-03-27 14:33,14,Munich Hbf,Frankfurt(Main) Hbf,ICE,clear,True,False,False,6.1,True
2024-03-27,Wednesday,3,2024-03-27 16:24,16,Leipzig Hbf,Dresden Hbf,RE,clear,False,False,False,0.4,False
2024-03-27,Wednesday,3,2024-03-27 16:24,16,Hamburg Hbf,Hannover Hbf,IC,rain,True,False,False,6.9,True
2024-03-27,Wednesday,3,2024-03-27 19:39,19,Munich Hbf,Frankfurt(Main) Hbf,ICE,rain,False,True,False,5.6,True
2024-03-28,Thursday,3,2024-03-28 06:46,6,Leipzig Hbf,Dresden Hbf,RE,rain,False,False,False,1.0,False
2024-03-28,Thursday,3,2024-03-28 08:23,8,Frankfurt(Main) Hbf,Mainz Hbf,S-Bahn,clear,False,True,False,0.4,False
2024-03-28,Thursday,3,2024-03-28 08:55,8,Frankfurt(Main) Hbf,Mainz Hbf,S-Bahn,rain,False,True,False,1.2,False
2024-03-28,Thursday,3,2024-03-28 10:41,10,Cologne Hbf,Berlin Hbf,ICE,clear,False,False,False,3.3,False
2024-03-28,Thursday,3,2024-03-28 15:00,15,Berlin Hbf,Hamburg Hbf,ICE,clear,False,False,False,2.2,False
2024-03-28,Thursday,3,2024-03-28 16:32,16,Leipzig Hbf,Dresden Hbf,RE,clear,False,False,False,4.0,False
2024-03-28,Thursday,3,2024-03-28 16:35,16,Leipzig Hbf,Dresden Hbf,RE,clear,False,False,False,1.6,False
2024-03-28,Thursday,3,2024-03-28 17:53,17,Munich Hbf,Augsburg Hbf,RE,storm,False,True,False,5.9,True
2024-03-28,Thursday,3,2024-03-28 19:49,19,Munich Hbf,Frankfurt(Main) Hbf,ICE,rain,False,True,False,7.3,True
2024-03-29,Friday,3,2024-03-29 05:50,5,Cologne Hbf,Bonn Hbf,RE,rain,False,False,False,3.9,False
2024-03-29,Friday,3,2024-03-29 06:31,6,Hamburg Hbf,Hannover Hbf,IC,snow,False,False,False,4.9,False
2024-03-29,Friday,3,2024-03-29 07:05,7,Cologne Hbf,Bonn Hbf,RE,snow,False,True,False,10.4,True
2024-03-29,Friday,3,2024-03-29 07:19,7,Munich Hbf,Augsburg Hbf,RE,snow,True,True,False,7.2,True
2024-03-29,Friday,3,2024-03-29 08:00,8,Cologne Hbf,Berlin Hbf,ICE,rain,False,True,False,2.2,False
2024-03-29,Friday,3,2024-03-29 08:00,8,Berlin Hbf,Potsdam Hbf,S-Bahn,storm,False,True,False,7.3,True
2024-03-29,Friday,3,2024-03-29 08:06,8,Cologne Hbf,Berlin Hbf,ICE,rain,False,True,False,7.8,True
2024-03-29,Friday,3,2024-03-29 14:00,14,Leipzig Hbf,Dresden Hbf,RE,clear,False,False,False,3.1,False
2024-03-29,Friday,3,2024-03-29 16:27,16,Cologne Hbf,Bonn Hbf,RE,clear,False,False,False,4.6,False
2024-03-29,Friday,3,2024-03-29 17:00,17,Munich Hbf,Augsburg Hbf,RE,clear,False,True,False,1.9,False
2024-03-29,Friday,3,2024-03-29 17:01,17,Leipzig Hbf,Dresden Hbf,RE,clear,False,True,False,1.4,False
2024-03-29,Friday,3,2024-03-29 17:01,17,Leipzig Hbf,Dresden Hbf,RE,rain,False,True,False,1.1,False
2024-03-29,Friday,3,2024-03-29 17:31,17,Cologne Hbf,Bonn Hbf,RE,snow,False,True,False,4.2,False
2024-03-30,Saturday,3,2024-03-30 05:04,5,Cologne Hbf,Berlin Hbf,ICE,clear,False,False,True,1.8,False
2024-03-30,Saturday,3,2024-03-30 05:55,5,Frankfurt(Main) Hbf,Mainz Hbf,S-Bahn,rain,False,False,True,3.6,False
2024-03-30,Saturday,3,2024-03-30 07:23,7,Cologne Hbf,Bonn Hbf,RE,clear,False,True,True,0.3,False
2024-03-30,Saturday,3,2024-03-30 08:05,8,Berlin Hbf,Hamburg Hbf,ICE,clear,False,True,True,8.1,True
2024-03-30,Saturday,3,2024-03-30 09:28,9,Frankfurt(Main) Hbf,Mainz Hbf,S-Bahn,snow,False,False,True,2.9,False
2024-03-30,Saturday,3,2024-03-30 09:41,9,Munich Hbf,Frankfurt(Main) Hbf,ICE,rain,True,False,True,9.7,True
2024-03-30,Saturday,3,2024-03-30 10:47,10,Frankfurt(Main) Hbf,Stuttgart Hbf,IC,clear,False,False,True,1.7,False
2024-03-30,Saturday,3,2024-03-30 11:07,11,Cologne Hbf,Berlin Hbf,ICE,clear,False,False,True,2.9,False
2024-03-30,Saturday,3,2024-03-30 11:40,11,Hamburg Hbf,Hannover Hbf,IC,storm,True,False,True,8.9,True
2024-03-30,Saturday,3,2024-03-30 16:06,16,Frankfurt(Main) Hbf,Stuttgart Hbf,IC,clear,False,False,True,3.2,False
2024-03-30,Saturday,3,2024-03-30 17:55,17,Cologne Hbf,Berlin Hbf,ICE,storm,False,True,True,5.2,True
2024-03-30,Saturday,3,2024-03-30 18:01,18,Berlin Hbf,Potsdam Hbf,S-Bahn,rain,False,True,True,0.8,False
2024-03-30,Saturday,3,2024-03-30 18:45,18,Cologne Hbf,Berlin Hbf,ICE,clear,False,True,True,3.9,False
2024-03-30,Saturday,3,2024-03-30 19:40,19,Hamburg Hbf,Hannover Hbf,IC,rain,False,True,True,4.1,False
2024-03-31,Sunday,3,2024-03-31 07:15,7,Cologne Hbf,Bonn Hbf,RE,rain,True,True,True,2.4,False
2024-03-31,Sunday,3,2024-03-31 08:52,8,Cologne Hbf,Bonn Hbf,RE,rain,True,True,True,4.1,False
2024-03-31,Sunday,3,2024-03-31 11:43,11,Munich Hbf,Augsburg Hbf,RE,storm,False,False,True,5.9,True
2024-03-31,Sunday,3,2024-03-31 15:23,15,Munich Hbf,Augsburg Hbf,RE,clear,False,False,True,1.9,False
2024-03-31,Sunday,3,2024-03-31 16:05,16,Cologne Hbf,Berlin Hbf,ICE,rain,False,False,True,9.6,True
2024-03-31,Sunday,3,2024-03-31 17:22,17,Berlin Hbf,Hamburg Hbf,ICE,clear,False,True,True,1.5,False
2024-03-31,Sunday,3,2024-03-31 17:38,17,Cologne Hbf,Berlin Hbf,ICE,snow,False,True,True,6.4,True
2024-03-31,Sunday,3,2024-03-31 17:55,17,Munich Hbf,Frankfurt(Main) Hbf,ICE,clear,False,True,True,6.8,True
2024-03-31,Sunday,3,2024-03-31 18:19,18,Berlin Hbf,Hamburg Hbf,ICE,rain,False,True,True,8.1,True
2024-03-31,Sunday,3,2024-03-31 20:47,20,Berlin Hbf,Potsdam Hbf,S-Bahn,clear,False,False,True,1.5,False
2024-03-31,Sunday,3,2024-03-31 21:33,21,Munich Hbf,Frankfurt(Main) Hbf,ICE,clear,False,False,True,3.4,False
2024-04-01,Monday,4,2024-04-01 07:01,7,Hamburg Hbf,Hannover Hbf,IC,rain,False,True,False,7.8,True
2024-04-01,Monday,4,2024-04-01 07:43,7,Frankfurt(Main) Hbf,Mainz Hbf,S-Bahn,clear,False,True,False,1.3,False
2024-04-01,Monday,4,2024-04-01 08:36,8,Frankfurt(Main) Hbf,Stuttgart Hbf,IC,snow,False,True,False,8.0,True
2024-04-01,Monday,4,2024-04-01 13:59,13,Berlin Hbf,Potsdam Hbf,S-Bahn,storm,False,False,False,1.0,False
2024-04-01,Monday,4,2024-04-01 14:33,14,Frankfurt(Main) Hbf,Mainz Hbf,S-Bahn,clear,False,False,False,3.7,False
2024-04-01,Monday,4,2024-04-01 16:31,16,Frankfurt(Main) Hbf,Mainz Hbf,S-Bahn,rain,False,False,False,0.7,False
2024-04-01,Monday,4,2024-04-01 17:32,17,Berlin Hbf,Hamburg Hbf,ICE,rain,False,True,False,2.3,False
2024-04-01,Monday,4,2024-04-01 20:09,20,Cologne Hbf,Berlin Hbf,ICE,clear,False,False,False,1.2,False
2024-04-01,Monday,4,2024-04-01 22:34,22,Berlin Hbf,Hamburg Hbf,ICE,clear,False,False,False,3.1,False
2024-04-02,Tuesday,4,2024-04-02 08:48,8,Berlin Hbf,Potsdam Hbf,S-Bahn,clear,False,True,False,1.5,False
2024-04-02,Tuesday,4,2024-04-02 09:28,9,Munich Hbf,Frankfurt(Main) Hbf,ICE,rain,True,False,False,11.1,True
2024-04-02,Tuesday,4,2024-04-02 10:09,10,Munich Hbf,Augsburg Hbf,RE,rain,False,False,False,0.3,False
2024-04-02,Tuesday,4,2024-04-02 10:53,10,Berlin Hbf,Hamburg Hbf,ICE,storm,False,False,False,6.9,True
2024-04-02,Tuesday,4,2024-04-02 12:48,12,Munich Hbf,Augsburg Hbf,RE,rain,False,False,False,0.4,False
2024-04-02,Tuesday,4,2024-04-02 13:04,13,Cologne Hbf,Bonn Hbf,RE,clear,False,False,False,2.2,False
2024-04-02,Tuesday,4,2024-04-02 13:46,13,Frankfurt(Main) Hbf,Mainz Hbf,S-Bahn,clear,False,False,False,1.5,False
2024-04-02,Tuesday,4,2024-04-02 16:06,16,Berlin Hbf,Hamburg Hbf,ICE,rain,False,False,False,4.1,False
2024-04-02,Tuesday,4,2024-04-02 21:03,21,Cologne Hbf,Berlin Hbf,ICE,clear,False,False,False,3.0,False
2024-04-02,Tuesday,4,2024-04-02 21:56,21,Cologne Hbf,Berlin Hbf,ICE,rain,False,False,False,2.0,False
2024-04-03,Wednesday,4,2024-04-03 05:14,5,Cologne Hbf,Berlin Hbf,ICE,clear,False,False,False,11.0,True
2024-04-03,Wednesday,4,2024-04-03 06:18,6,Berlin Hbf,Hamburg Hbf,ICE,clear,False,False,False,6.9,True
2024-04-03,Wednesday,4,2024-04-03 06:43,6,Cologne Hbf,Berlin Hbf,ICE,clear,False,False,False,9.4,True
2024-04-03,Wednesday,4,2024-04-03 07:43,7,Berlin Hbf,Potsdam Hbf,S-Bahn,clear,False,True,False,2.0,False
2024-04-03,Wednesday,4,2024-04-03 08:20,8,Frankfurt(Main) Hbf,Mainz Hbf,S-Bahn,rain,False,True,False,0.9,False
2024-04-03,Wednesday,4,2024-04-03 08:44,8,Cologne Hbf,Berlin Hbf,ICE,clear,False,True,False,3.4,False
2024-04-03,Wednesday,4,2024-04-03 10:23,10,Hamburg Hbf,Hannover Hbf,IC,rain,True,False,False,3.2,False
2024-04-03,Wednesday,4,2024-04-03 11:07,11,Leipzig Hbf,Dresden Hbf,RE,rain,False,False,False,1.7,False
2024-04-03,Wednesday,4,2024-04-03 13:07,13,Frankfurt(Main) Hbf,Mainz Hbf,S-Bahn,rain,False,False,False,1.9,False
2024-04-03,Wednesday,4,2024-04-03 13:56,13,Frankfurt(Main) Hbf,Stuttgart Hbf,IC,clear,False,False,False,3.7,False
2024-04-03,Wednesday,4,2024-04-03 15:08,15,Cologne Hbf,Bonn Hbf,RE,storm,True,False,False,3.2,False
2024-04-03,Wednesday,4,2024-04-03 15:17,15,Frankfurt(Main) Hbf,Stuttgart Hbf,IC,clear,False,False,False,1.7,False
2024-04-03,Wednesday,4,2024-04-03 17:36,17,Berlin Hbf,Potsdam Hbf,S-Bahn,rain,False,True,False,0.7,False
2024-04-03,Wednesday,4,2024-04-03 18:39,18,Frankfurt(Main) Hbf,Mainz Hbf,S-Bahn,clear,False,True,False,0.8,False
2024-04-03,Wednesday,4,2024-04-03 19:25,19,Munich Hbf,Frankfurt(Main) Hbf,ICE,rain,False,True,False,3.5,False
2024-04-04,Thursday,4,2024-04-04 07:27,7,Leipzig Hbf,Dresden Hbf,RE,clear,False,True,False,1.6,False
2024-04-04,Thursday,4,2024-04-04 07:42,7,Munich Hbf,Augsburg Hbf,RE,storm,False,True,False,3.5,False
2024-04-04,Thursday,4,2024-04-04 07:53,7,Cologne Hbf,Berlin Hbf,ICE,clear,True,True,False,10.5,True
2024-04-04,Thursday,4,2024-04-04 08:51,8,Berlin Hbf,Hamburg Hbf,ICE,rain,False,True,False,8.4,True
2024-04-04,Thursday,4,2024-04-04 11:29,11,Hamburg Hbf,Hannover Hbf,IC,storm,False,False,False,42.5,True
2024-04-04,Thursday,4,2024-04-04 13:59,13,Hamburg Hbf,Hannover Hbf,IC,rain,False,False,False,2.9,False
2024-04-04,Thursday,4,2024-04-04 15:42,15,Berlin Hbf,Hamburg Hbf,ICE,rain,False,False,False,5.9,True
2024-04-04,Thursday,4,2024-04-04 17:15,17,Munich Hbf,Augsburg Hbf,RE,rain,False,True,False,3.3,False
2024-04-04,Thursday,4,2024-04-04 17:35,17,Cologne Hbf,Bonn Hbf,RE,rain,False,True,False,1.9,False
2024-04-04,Thursday,4,2024-04-04 17:57,17,Leipzig Hbf,Dresden Hbf,RE,clear,False,True,False,0.5,False
2024-04-04,Thursday,4,2024-04-04 18:29,18,Berlin Hbf,Hamburg Hbf,ICE,clear,False,True,False,2.9,False
2024-04-04,Thursday,4,2024-04-04 21:09,21,Munich Hbf,Frankfurt(Main) Hbf,ICE,storm,False,False,False,7.1,True
2024-04-05,Friday,4,2024-04-05 09:18,9,Munich Hbf,Augsburg Hbf,RE,clear,False,False,False,8.6,True
2024-04-05,Friday,4,2024-04-05 11:06,11,Berlin Hbf,Potsdam Hbf,S-Bahn,clear,False,False,False,0.7,False
2024-04-05,Friday,4,2024-04-05 12:35,12,Hamburg Hbf,Hannover Hbf,IC,clear,False,False,False,0.3,False
2024-04-05,Friday,4,2024-04-05 13:30,13,Cologne Hbf,Berlin Hbf,ICE,storm,False,False,False,9.9,True
2024-04-05,Friday,4,2024-04-05 14:22,14,Frankfurt(Main) Hbf,Mainz Hbf,S-Bahn,clear,False,False,False,0.9,False
2024-04-06,Saturday,4,2024-04-06 05:06,5,Munich Hbf,Frankfurt(Main) Hbf,ICE,rain,True,False,True,11.4,True
2024-04-06,Saturday,4,2024-04-06 06:14,6,Cologne Hbf,Bonn Hbf,RE,clear,False,False,True,2.5,False
2024-04-06,Saturday,4,2024-04-06 06:20,6,Cologne Hbf,Bonn Hbf,RE,clear,False,False,True,0.2,False
2024-04-06,Saturday,4,2024-04-06 09:49,9,Hamburg Hbf,Hannover Hbf,IC,clear,False,False,True,6.1,True
2024-04-06,Saturday,4,2024-04-06 12:12,12,Cologne Hbf,Bonn Hbf,RE,rain,False,False,True,1.5,False
2024-04-06,Saturday,4,2024-04-06 17:34,17,Munich Hbf,Frankfurt(Main) Hbf,ICE,clear,False,True,True,0.9,False
2024-04-06,Saturday,4,2024-04-06 17:52,17,Munich Hbf,Augsburg Hbf,RE,clear,False,True,True,0.8,False
2024-04-06,Saturday,4,2024-04-06 21:33,21,Frankfurt(Main) Hbf,Stuttgart Hbf,IC,clear,False,False,True,1.5,False
2024-04-07,Sunday,4,2024-04-07 05:12,5,Berlin Hbf,Hamburg Hbf,ICE,rain,False,False,True,3.3,False
2024-04-07,Sunday,4,2024-04-07 07:06,7,Leipzig Hbf,Dresden Hbf,RE,clear,False,True,True,1.4,False
2024-04-07,Sunday,4,2024-04-07 08:39,8,Leipzig Hbf,Dresden Hbf,RE,clear,False,True,True,2.9,False
2024-04-07,Sunday,4,2024-04-07 08:53,8,Munich Hbf,Augsburg Hbf,RE,rain,False,True,True,2.6,False
2024-04-07,Sunday,4,2024-04-07 11:30,11,Frankfurt(Main) Hbf,Mainz Hbf,S-Bahn,storm,False,False,True,1.0,False
2024-04-07,Sunday,4,2024-04-07 14:20,14,Berlin Hbf,Hamburg Hbf,ICE,clear,False,False,True,2.4,False
2024-04-07,Sunday,4,2024-04-07 15:41,15,Cologne Hbf,Berlin Hbf,ICE,clear,False,False,True,6.9,True
2024-04-07,Sunday,4,2024-04-07 16:22,16,Berlin Hbf,Potsdam Hbf,S-Bahn,rain,False,False,True,1.4,False
2024-04-07,Sunday,4,2024-04-07 18:52,18,Berlin Hbf,Potsdam Hbf,S-Bahn,clear,False,True,True,3.4,False
2024-04-07,Sunday,4,2024-04-07 20:18,20,Hamburg Hbf,Hannover Hbf,IC,clear,True,False,True,7.7,True
2024-04-07,Sunday,4,2024-04-07 22:39,22,Hamburg Hbf,Hannover Hbf,IC,rain,False,False,True,2.6,False
2024-04-08,Monday,4,2024-04-08 05:05,5,Munich Hbf,Frankfurt(Main) Hbf,ICE,clear,False,False,False,7.9,True
2024-04-08,Monday,4,2024-04-08 05:39,5,Berlin Hbf,Potsdam Hbf,S-Bahn,rain,False,False,False,0.1,False
2024-04-08,Monday,4,2024-04-08 08:01,8,Frankfurt(Main) Hbf,Stuttgart Hbf,IC,rain,False,True,False,6.7,True
2024-04-08,Monday,4,2024-04-08 08:18,8,Hamburg Hbf,Hannover Hbf,IC,rain,False,True,False,2.3,False
2024-04-08,Monday,4,2024-04-08 08:36,8,Munich Hbf,Augsburg Hbf,RE,storm,False,True,False,3.5,False
2024-04-08,Monday,4,2024-04-08 08:41,8,Cologne Hbf,Bonn Hbf,RE,clear,False,True,False,1.8,False
2024-04-08,Monday,4,2024-04-08 13:19,13,Munich Hbf,Augsburg Hbf,RE,clear,True,False,False,8.9,True
2024-04-08,Monday,4,2024-04-08 14:39,14,Leipzig Hbf,Dresden Hbf,RE,rain,True,False,False,5.0,False
2024-04-08,Monday,4,2024-04-08 16:25,16,Hamburg Hbf,Hannover Hbf,IC,clear,True,False,False,3.3,False
2024-04-08,Monday,4,2024-04-08 17:02,17,Munich Hbf,Augsburg Hbf,RE,rain,True,True,False,6.1,True
2024-04-08,Monday,4,2024-04-08 17:52,17,Cologne Hbf,Bonn Hbf,RE,snow,True,True,False,6.4,True
2024-04-09,Tuesday,4,2024-04-09 06:38,6,Cologne Hbf,Berlin Hbf,ICE,clear,False,False,False,13.3,True
2024-04-09,Tuesday,4,2024-04-09 08:31,8,Hamburg Hbf,Hannover Hbf,IC,clear,False,True,False,3.0,False
2024-04-09,Tuesday,4,2024-04-09 12:43,12,Frankfurt(Main) Hbf,Mainz Hbf,S-Bahn,clear,False,False,False,2.0,False
2024-04-09,Tuesday,4,2024-04-09 13:23,13,Frankfurt(Main) Hbf,Mainz Hbf,S-Bahn,clear,True,False,False,0.6,False
2024-04-09,Tuesday,4,2024-04-09 17:43,17,Leipzig Hbf,Dresden Hbf,RE,snow,False,True,False,2.8,False
2024-04-09,Tuesday,4,2024-04-09 17:53,17,Munich Hbf,Augsburg Hbf,RE,clear,False,True,False,0.3,False
2024-04-09,Tuesday,4,2024-04-09 19:06,19,Munich Hbf,Frankfurt(Main) Hbf,ICE,rain,False,True,False,4.4,False
2024-04-09,Tuesday,4,2024-04-09 22:33,22,Berlin Hbf,Hamburg Hbf,ICE,rain,False,False,False,5.2,True
2024-04-09,Tuesday,4,2024-04-09 22:37,22,Frankfurt(Main) Hbf,Stuttgart Hbf,IC,clear,False,False,False,57.4,True
2024-04-10,Wednesday,4,2024-04-10 05:31,5,Cologne Hbf,Berlin Hbf,ICE,rain,False,False,False,3.8,False
2024-04-10,Wednesday,4,2024-04-10 15:07,15,Frankfurt(Main) Hbf,Stuttgart Hbf,IC,clear,False,False,False,3.1,False
2024-04-10,Wednesday,4,2024-04-10 18:45,18,Hamburg Hbf,Hannover Hbf,IC,clear,False,True,False,3.3,False
2024-04-10,Wednesday,4,2024-04-10 18:56,18,Leipzig Hbf,Dresden Hbf,RE,clear,False,True,False,0.4,False
2024-04-10,Wednesday,4,2024-04-10 19:24,19,Cologne Hbf,Berlin Hbf,ICE,clear,False,True,False,12.3,True
2024-04-10,Wednesday,4,2024-04-10 20:01,20,Leipzig Hbf,Dresden Hbf,RE,clear,False,False,False,1.7,False
2024-04-10,Wednesday,4,2024-04-10 20:37,20,Berlin Hbf,Hamburg Hbf,ICE,clear,False,False,False,2.7,False
2024-04-10,Wednesday,4,2024-04-10 20:50,20,Frankfurt(Main) Hbf,Mainz Hbf,S-Bahn,snow,False,False,False,1.3,False
2024-04-11,Thursday,4,2024-04-11 05:43,5,Munich Hbf,Frankfurt(Main) Hbf,ICE,clear,False,False,False,1.9,False
2024-04-11,Thursday,4,2024-04-11 07:10,7,Berlin Hbf,Potsdam Hbf,S-Bahn,clear,False,True,False,4.9,False
2024-04-11,Thursday,4,2024-04-11 07:39,7,Hamburg Hbf,Hannover Hbf,IC,clear,True,True,False,8.2,True
2024-04-11,Thursday,4,2024-04-11 08:40,8,Frankfurt(Main) Hbf,Stuttgart Hbf,IC,clear,False,True,False,4.5,False
2024-04-11,Thursday,4,2024-04-11 08:47,8,Cologne Hbf,Bonn Hbf,RE,clear,False,True,False,1.8,False
2024-04-11,Thursday,4,2024-04-11 09:33,9,Munich Hbf,Augsburg Hbf,RE,clear,False,False,False,0.9,False
2024-04-11,Thursday,4,2024-04-11 11:45,11,Cologne Hbf,Bonn Hbf,RE,clear,True,False,False,0.5,False
2024-04-11,Thursday,4,2024-04-11 12:26,12,Leipzig Hbf,Dresden Hbf,RE,storm,False,False,False,7.1,True
2024-04-11,Thursday,4,2024-04-11 16:25,16,Cologne Hbf,Berlin Hbf,ICE,rain,False,False,False,3.3,False
2024-04-11,Thursday,4,2024-04-11 16:41,16,Hamburg Hbf,Hannover Hbf,IC,rain,False,False,False,5.9,True
2024-04-11,Thursday,4,2024-04-11 16:41,16,Frankfurt(Main) Hbf,Stuttgart Hbf,IC,rain,True,False,False,3.9,False
2024-04-11,Thursday,4,2024-04-11 17:24,17,Munich Hbf,Augsburg Hbf,RE,storm,False,True,False,2.7,False
2024-04-11,Thursday,4,2024-04-11 22:52,22,Hamburg Hbf,Hannover Hbf,IC,rain,True,False,False,4.8,False
2024-04-12,Friday,4,2024-04-12 07:09,7,Cologne Hbf,Bonn Hbf,RE,clear,False,True,False,2.9,False
2024-04-12,Friday,4,2024-04-12 10:17,10,Cologne Hbf,Bonn Hbf,RE,clear,False,False,False,7.6,True
2024-04-12,Friday,4,2024-04-12 17:21,17,Frankfurt(Main) Hbf,Mainz Hbf,S-Bahn,rain,False,True,False,5.0,False
2024-04-12,Friday,4,2024-04-12 17:35,17,Berlin Hbf,Potsdam Hbf,S-Bahn,storm,False,True,False,0.9,False
2024-04-12,Friday,4,2024-04-12 18:51,18,Munich Hbf,Augsburg Hbf,RE,rain,False,True,False,3.4,False
2024-04-12,Friday,4,2024-04-12 19:24,19,Cologne Hbf,Bonn Hbf,RE,clear,True,True,False,2.5,False
2024-04-13,Saturday,4,2024-04-13 06:38,6,Berlin Hbf,Hamburg Hbf,ICE,clear,False,False,True,1.8,False
2024-04-13,Saturday,4,2024-04-13 07:26,7,Frankfurt(Main) Hbf,Stuttgart Hbf,IC,rain,False,True,True,1.5,False
2024-04-13,Saturday,4,2024-04-13 07:26,7,Hamburg Hbf,Hannover Hbf,IC,clear,False,True,True,2.4,False
2024-04-13,Saturday,4,2024-04-13 07:46,7,Munich Hbf,Frankfurt(Main) Hbf,ICE,rain,False,True,True,7.3,True
2024-04-13,Saturday,4,2024-04-13 08:04,8,Cologne Hbf,Berlin Hbf,ICE,rain,False,True,True,6.1,True
2024-04-13,Saturday,4,2024-04-13 11:16,11,Cologne Hbf,Bonn Hbf,RE,clear,True,False,True,1.2,False
2024-04-13,Saturday,4,2024-04-13 12:08,12,Leipzig Hbf,Dresden Hbf,RE,clear,False,False,True,6.0,True
2024-04-13,Saturday,4,2024-04-13 12:35,12,Leipzig Hbf,Dresden Hbf,RE,rain,False,False,True,0.3,False
2024-04-13,Saturday,4,2024-04-13 16:00,16,Frankfurt(Main) Hbf,Stuttgart Hbf,IC,rain,False,False,True,7.4,True
2024-04-13,Saturday,4,2024-04-13 16:30,16,Munich Hbf,Augsburg Hbf,RE,rain,False,False,True,0.7,False
2024-04-13,Saturday,4,2024-04-13 18:25,18,Leipzig Hbf,Dresden Hbf,RE,rain,True,True,True,8.3,True
2024-04-13,Saturday,4,2024-04-13 20:00,20,Hamburg Hbf,Hannover Hbf,IC,storm,False,False,True,2.1,False
2024-04-13,Saturday,4,2024-04-13 20:26,20,Berlin Hbf,Potsdam Hbf,S-Bahn,clear,True,False,True,0.2,False
2024-04-13,Saturday,4,2024-04-13 20:39,20,Berlin Hbf,Hamburg Hbf,ICE,clear,False,False,True,3.8,False
2024-04-13,Saturday,4,2024-04-13 21:17,21,Berlin Hbf,Hamburg Hbf,ICE,rain,False,False,True,6.3,True
2024-04-13,Saturday,4,2024-04-13 22:43,22,Munich Hbf,Frankfurt(Main) Hbf,ICE,rain,True,False,True,5.0,False
2024-04-13,Saturday,4,2024-04-13 22:59,22,Frankfurt(Main) Hbf,Mainz Hbf,S-Bahn,clear,False,False,True,2.1,False
2024-04-14,Sunday,4,2024-04-14 05:04,5,Berlin Hbf,Potsdam Hbf,S-Bahn,clear,False,False,True,2.8,False
2024-04-14,Sunday,4,2024-04-14 07:25,7,Cologne Hbf,Bonn Hbf,RE,clear,False,True,True,1.6,False
2024-04-14,Sunday,4,2024-04-14 07:42,7,Frankfurt(Main) Hbf,Mainz Hbf,S-Bahn,rain,False,True,True,0.7,False
2024-04-14,Sunday,4,2024-04-14 08:07,8,Hamburg Hbf,Hannover Hbf,IC,clear,False,True,True,1.1,False
2024-04-14,Sunday,4,2024-04-14 08:13,8,Munich Hbf,Augsburg Hbf,RE,rain,True,True,True,1.2,False
2024-04-14,Sunday,4,2024-04-14 09:05,9,Leipzig Hbf,Dresden Hbf,RE,rain,False,False,True,2.1,False
2024-04-14,Sunday,4,2024-04-14 11:34,11,Frankfurt(Main) Hbf,Mainz Hbf,S-Bahn,clear,False,False,True,1.3,False
2024-04-14,Sunday,4,2024-04-14 12:10,12,Berlin Hbf,Hamburg Hbf,ICE,rain,False,False,True,4.1,False
2024-04-14,Sunday,4,2024-04-14 13:56,13,Leipzig Hbf,Dresden Hbf,RE,clear,False,False,True,0.2,False
2024-04-14,Sunday,4,2024-04-14 17:38,17,Berlin Hbf,Potsdam Hbf,S-Bahn,clear,False,True,True,0.7,False
2024-04-14,Sunday,4,2024-04-14 18:10,18,Berlin Hbf,Hamburg Hbf,ICE,clear,False,True,True,4.4,False
2024-04-14,Sunday,4,2024-04-14 18:36,18,Frankfurt(Main) Hbf,Mainz Hbf,S-Bahn,clear,False,True,True,2.5,False
2024-04-14,Sunday,4,2024-04-14 20:01,20,Hamburg Hbf,Hannover Hbf,IC,clear,False,False,True,2.0,False
2024-04-14,Sunday,4,2024-04-14 21:08,21,Cologne Hbf,Berlin Hbf,ICE,clear,False,False,True,2.2,False
2024-04-15,Monday,4,2024-04-15 07:46,7,Cologne Hbf,Bonn Hbf,RE,clear,False,True,False,2.8,False
2024-04-15,Monday,4,2024-04-15 08:52,8,Berlin Hbf,Potsdam Hbf,S-Bahn,storm,False,True,False,1.0,False
2024-04-15,Monday,4,2024-04-15 09:56,9,Cologne Hbf,Berlin Hbf,ICE,clear,False,False,False,1.5,False
2024-04-15,Monday,4,2024-04-15 14:33,14,Leipzig Hbf,Dresden Hbf,RE,clear,False,False,False,2.1,False
2024-04-15,Monday,4,2024-04-15 17:35,17,Munich Hbf,Augsburg Hbf,RE,rain,True,True,False,4.6,False
2024-04-15,Monday,4,2024-04-15 22:39,22,Frankfurt(Main) Hbf,Mainz Hbf,S-Bahn,clear,False,False,False,2.5,False
2024-04-16,Tuesday,4,2024-04-16 09:39,9,Munich Hbf,Augsburg Hbf,RE,rain,False,False,False,4.0,False
2024-04-16,Tuesday,4,2024-04-16 11:03,11,Berlin Hbf,Hamburg Hbf,ICE,rain,False,False,False,5.9,True
2024-04-16,Tuesday,4,2024-04-16 11:27,11,Berlin Hbf,Potsdam Hbf,S-Bahn,clear,False,False,False,1.2,False
2024-04-16,Tuesday,4,2024-04-16 12:32,12,Munich Hbf,Frankfurt(Main) Hbf,ICE,clear,False,False,False,6.0,True
2024-04-16,Tuesday,4,2024-04-16 15:24,15,Munich Hbf,Augsburg Hbf,RE,clear,False,False,False,1.2,False
2024-04-16,Tuesday,4,2024-04-16 16:17,16,Frankfurt(Main) Hbf,Stuttgart Hbf,IC,clear,False,False,False,8.2,True
2024-04-16,Tuesday,4,2024-04-16 18:36,18,Frankfurt(Main) Hbf,Stuttgart Hbf,IC,rain,False,True,False,4.9,False
2024-04-16,Tuesday,4,2024-04-16 19:56,19,Frankfurt(Main) Hbf,Mainz Hbf,S-Bahn,rain,False,True,False,1.8,False
2024-04-16,Tuesday,4,2024-04-16 20:25,20,Frankfurt(Main) Hbf,Stuttgart Hbf,IC,rain,False,False,False,5.4,True
2024-04-16,Tuesday,4,2024-04-16 20:29,20,Cologne Hbf,Bonn Hbf,RE,clear,False,False,False,4.1,False
2024-04-16,Tuesday,4,2024-04-16 21:26,21,Frankfurt(Main) Hbf,Mainz Hbf,S-Bahn,rain,False,False,False,0.4,False
2024-04-16,Tuesday,4,2024-04-16 21:30,21,Cologne Hbf,Bonn Hbf,RE,clear,False,False,False,6.2,True
2024-04-17,Wednesday,4,2024-04-17 05:49,5,Berlin Hbf,Potsdam Hbf,S-Bahn,clear,False,False,False,3.4,False
2024-04-17,Wednesday,4,2024-04-17 05:54,5,Munich Hbf,Frankfurt(Main) Hbf,ICE,clear,False,False,False,2.3,False
2024-04-17,Wednesday,4,2024-04-17 07:19,7,Frankfurt(Main) Hbf,Mainz Hbf,S-Bahn,clear,False,True,False,6.5,True
2024-04-17,Wednesday,4,2024-04-17 09:07,9,Berlin Hbf,Hamburg Hbf,ICE,rain,False,False,False,5.3,True
2024-04-17,Wednesday,4,2024-04-17 09:40,9,Cologne Hbf,Berlin Hbf,ICE,clear,False,False,False,11.3,True
2024-04-17,Wednesday,4,2024-04-17 10:38,10,Berlin Hbf,Potsdam Hbf,S-Bahn,rain,False,False,False,1.0,False
2024-04-17,Wednesday,4,2024-04-17 12:14,12,Cologne Hbf,Bonn Hbf,RE,clear,True,False,False,2.9,False
2024-04-17,Wednesday,4,2024-04-17 12:16,12,Frankfurt(Main) Hbf,Stuttgart Hbf,IC,rain,True,False,False,3.7,False
2024-04-17,Wednesday,4,2024-04-17 16:32,16,Cologne Hbf,Berlin Hbf,ICE,rain,False,False,False,6.1,True
2024-04-17,Wednesday,4,2024-04-17 21:17,21,Berlin Hbf,Potsdam Hbf,S-Bahn,rain,False,False,False,2.8,False
2024-04-17,Wednesday,4,2024-04-17 22:03,22,Munich Hbf,Augsburg Hbf,RE,storm,False,False,False,4.0,False
2024-04-18,Thursday,4,2024-04-18 07:58,7,Munich Hbf,Frankfurt(Main) Hbf,ICE,clear,False,True,False,2.9,False
2024-04-18,Thursday,4,2024-04-18 08:55,8,Berlin Hbf,Hamburg Hbf,ICE,rain,False,True,False,3.5,False
2024-04-18,Thursday,4,2024-04-18 09:05,9,Munich Hbf,Augsburg Hbf,RE,clear,True,False,False,0.9,False
2024-04-18,Thursday,4,2024-04-18 09:47,9,Hamburg Hbf,Hannover Hbf,IC,clear,False,False,False,2.9,False
2024-04-18,Thursday,4,2024-04-18 09:59,9,Munich Hbf,Frankfurt(Main) Hbf,ICE,clear,False,False,False,2.2,False
2024-04-18,Thursday,4,2024-04-18 10:10,10,Frankfurt(Main) Hbf,Mainz Hbf,S-Bahn,clear,False,False,False,66.6,True
2024-04-18,Thursday,4,2024-04-18 10:53,10,Leipzig Hbf,Dresden Hbf,RE,rain,False,False,False,2.7,False
2024-04-18,Thursday,4,2024-04-18 13:26,13,Frankfurt(Main) Hbf,Stuttgart Hbf,IC,rain,False,False,False,2.1,False
2024-04-18,Thursday,4,2024-04-18 14:08,14,Frankfurt(Main) Hbf,Mainz Hbf,S-Bahn,rain,False,False,False,1.5,False
2024-04-18,Thursday,4,2024-04-18 15:49,15,Frankfurt(Main) Hbf,Stuttgart Hbf,IC,rain,False,False,False,1.7,False
2024-04-18,Thursday,4,2024-04-18 17:14,17,Frankfurt(Main) Hbf,Stuttgart Hbf,IC,clear,False,True,False,10.2,True
2024-04-18,Thursday,4,2024-04-18 17:30,17,Cologne Hbf,Bonn Hbf,RE,storm,False,True,False,3.1,False
2024-04-18,Thursday,4,2024-04-18 17:53,17,Frankfurt(Main) Hbf,Mainz Hbf,S-Bahn,clear,False,True,False,2.4,False
2024-04-19,Friday,4,2024-04-19 05:30,5,Berlin Hbf,Potsdam Hbf,S-Bahn,clear,False,False,False,5.4,True
2024-04-19,Friday,4,2024-04-19 06:54,6,Leipzig Hbf,Dresden Hbf,RE,clear,False,False,False,1.8,False
2024-04-19,Friday,4,2024-04-19 07:08,7,Munich Hbf,Augsburg Hbf,RE,rain,False,True,False,0.9,False
2024-04-19,Friday,4,2024-04-19 11:18,11,Berlin Hbf,Hamburg Hbf,ICE,clear,False,False,False,0.4,False
2024-04-19,Friday,4,2024-04-19 14:15,14,Munich Hbf,Frankfurt(Main) Hbf,ICE,rain,False,False,False,7.0,True
2024-04-19,Friday,4,2024-04-19 14:34,14,Munich Hbf,Frankfurt(Main) Hbf,ICE,rain,False,False,False,7.2,True
2024-04-19,Friday,4,2024-04-19 15:38,15,Cologne Hbf,Bonn Hbf,RE,rain,False,False,False,3.0,False
2024-04-19,Friday,4,2024-04-19 16:29,16,Berlin Hbf,Potsdam Hbf,S-Bahn,clear,False,False,False,3.1,False
2024-04-19,Friday,4,2024-04-19 19:47,19,Frankfurt(Main) Hbf,Mainz Hbf,S-Bahn,rain,False,True,False,1.5,False
2024-04-20,Saturday,4,2024-04-20 14:27,14,Frankfurt(Main) Hbf,Stuttgart Hbf,IC,clear,True,False,True,2.6,False
2024-04-20,Saturday,4,2024-04-20 14:46,14,Frankfurt(Main) Hbf,Mainz Hbf,S-Bahn,rain,False,False,True,5.8,True
2024-04-20,Saturday,4,2024-04-20 17:22,17,Frankfurt(Main) Hbf,Mainz Hbf,S-Bahn,storm,False,True,True,2.3,False
2024-04-20,Saturday,4,2024-04-20 19:51,19,Leipzig Hbf,Dresden Hbf,RE,clear,False,True,True,0.9,False
2024-04-20,Saturday,4,2024-04-20 20:13,20,Leipzig Hbf,Dresden Hbf,RE,rain,False,False,True,2.2,False
2024-04-21,Sunday,4,2024-04-21 08:56,8,Cologne Hbf,Bonn Hbf,RE,clear,False,True,True,59.5,True
2024-04-21,Sunday,4,2024-04-21 10:32,10,Berlin Hbf,Potsdam Hbf,S-Bahn,clear,False,False,True,0.2,False
2024-04-21,Sunday,4,2024-04-21 11:02,11,Berlin Hbf,Potsdam Hbf,S-Bahn,rain,False,False,True,13.8,True
2024-04-21,Sunday,4,2024-04-21 12:32,12,Leipzig Hbf,Dresden Hbf,RE,rain,False,False,True,0.8,False
2024-04-21,Sunday,4,2024-04-21 13:13,13,Frankfurt(Main) Hbf,Stuttgart Hbf,IC,clear,True,False,True,4.7,False
2024-04-21,Sunday,4,2024-04-21 14:03,14,Cologne Hbf,Berlin Hbf,ICE,snow,False,False,True,12.5,True
2024-04-21,Sunday,4,2024-04-21 15:46,15,Berlin Hbf,Potsdam Hbf,S-Bahn,clear,False,False,True,3.3,False
2024-04-21,Sunday,4,2024-04-21 17:32,17,Leipzig Hbf,Dresden Hbf,RE,clear,False,True,True,4.7,False
2024-04-21,Sunday,4,2024-04-21 19:13,19,Cologne Hbf,Bonn Hbf,RE,storm,False,True,True,1.4,False
2024-04-21,Sunday,4,2024-04-21 21:57,21,Hamburg Hbf,Hannover Hbf,IC,rain,False,False,True,3.7,False
2024-04-22,Monday,4,2024-04-22 06:52,6,Berlin Hbf,Potsdam Hbf,S-Bahn,rain,False,False,False,1.0,False
2024-04-22,Monday,4,2024-04-22 07:41,7,Munich Hbf,Augsburg Hbf,RE,rain,False,True,False,0.7,False
2024-04-22,Monday,4,2024-04-22 07:42,7,Berlin Hbf,Hamburg Hbf,ICE,clear,False,True,False,1.3,False
2024-04-22,Monday,4,2024-04-22 08:11,8,Frankfurt(Main) Hbf,Stuttgart Hbf,IC,clear,False,True,False,1.6,False
2024-04-22,Monday,4,2024-04-22 08:26,8,Berlin Hbf,Potsdam Hbf,S-Bahn,rain,False,True,False,1.0,False
2024-04-22,Monday,4,2024-04-22 10:06,10,Munich Hbf,Frankfurt(Main) Hbf,ICE,clear,False,False,False,4.3,False
2024-04-22,Monday,4,2024-04-22 14:00,14,Cologne Hbf,Berlin Hbf,ICE,clear,False,False,False,4.1,False
2024-04-22,Monday,4,2024-04-22 15:33,15,Berlin Hbf,Hamburg Hbf,ICE,rain,False,False,False,4.9,False
2024-04-22,Monday,4,2024-04-22 15:48,15,Frankfurt(Main) Hbf,Mainz Hbf,S-Bahn,rain,False,False,False,5.6,True
2024-04-22,Monday,4,2024-04-22 17:22,17,Frankfurt(Main) Hbf,Mainz Hbf,S-Bahn,storm,False,True,False,6.3,True
2024-04-22,Monday,4,2024-04-22 17:38,17,Frankfurt(Main) Hbf,Mainz Hbf,S-Bahn,clear,False,True,False,0.3,False
2024-04-22,Monday,4,2024-04-22 18:11,18,Frankfurt(Main) Hbf,Mainz Hbf,S-Bahn,storm,False,True,False,0.8,False
2024-04-23,Tuesday,4,2024-04-23 05:55,5,Berlin Hbf,Potsdam Hbf,S-Bahn,clear,True,False,False,2.6,False
2024-04-23,Tuesday,4,2024-04-23 07:12,7,Frankfurt(Main) Hbf,Mainz Hbf,S-Bahn,rain,False,True,False,1.4,False
2024-04-23,Tuesday,4,2024-04-23 07:49,7,Leipzig Hbf,Dresden Hbf,RE,storm,False,True,False,3.9,False
2024-04-23,Tuesday,4,2024-04-23 12:19,12,Hamburg Hbf,Hannover Hbf,IC,rain,False,False,False,4.4,False
2024-04-23,Tuesday,4,2024-04-23 12:58,12,Munich Hbf,Augsburg Hbf,RE,rain,False,False,False,2.4,False
2024-04-23,Tuesday,4,2024-04-23 13:19,13,Hamburg Hbf,Hannover Hbf,IC,clear,False,False,False,2.0,False
2024-04-23,Tuesday,4,2024-04-23 16:20,16,Berlin Hbf,Hamburg Hbf,ICE,clear,False,False,False,2.1,False
2024-04-23,Tuesday,4,2024-04-23 16:39,16,Berlin Hbf,Potsdam Hbf,S-Bahn,clear,False,False,False,2.3,False
2024-04-23,Tuesday,4,2024-04-23 17:48,17,Munich Hbf,Augsburg Hbf,RE,clear,True,True,False,11.5,True
2024-04-23,Tuesday,4,2024-04-23 20:24,20,Munich Hbf,Frankfurt(Main) Hbf,ICE,clear,False,False,False,1.9,False
2024-04-23,Tuesday,4,2024-04-23 20:56,20,Berlin Hbf,Potsdam Hbf,S-Bahn,clear,True,False,False,3.0,False
2024-04-24,Wednesday,4,2024-04-24 05:49,5,Cologne Hbf,Berlin Hbf,ICE,clear,False,False,False,5.2,True
2024-04-24,Wednesday,4,2024-04-24 06:50,6,Berlin Hbf,Potsdam Hbf,S-Bahn,clear,False,False,False,1.8,False
2024-04-24,Wednesday,4,2024-04-24 07:19,7,Leipzig Hbf,Dresden Hbf,RE,rain,False,True,False,2.4,False
2024-04-24,Wednesday,4,2024-04-24 07:24,7,Berlin Hbf,Potsdam Hbf,S-Bahn,clear,False,True,False,1.4,False
2024-04-24,Wednesday,4,2024-04-24 07:40,7,Frankfurt(Main) Hbf,Stuttgart Hbf,IC,clear,False,True,False,2.4,False
2024-04-24,Wednesday,4,2024-04-24 08:16,8,Cologne Hbf,Bonn Hbf,RE,clear,False,True,False,5.1,True
2024-04-24,Wednesday,4,2024-04-24 08:20,8,Munich Hbf,Frankfurt(Main) Hbf,ICE,rain,True,True,False,7.4,True
2024-04-24,Wednesday,4,2024-04-24 10:42,10,Hamburg Hbf,Hannover Hbf,IC,clear,False,False,False,2.4,False
2024-04-24,Wednesday,4,2024-04-24 11:13,11,Berlin Hbf,Potsdam Hbf,S-Bahn,rain,False,False,False,0.2,False
2024-04-24,Wednesday,4,2024-04-24 11:28,11,Munich Hbf,Frankfurt(Main) Hbf,ICE,clear,False,False,False,3.8,False
2024-04-24,Wednesday,4,2024-04-24 12:18,12,Cologne Hbf,Berlin Hbf,ICE,clear,False,False,False,1.0,False
2024-04-24,Wednesday,4,2024-04-24 12:21,12,Frankfurt(Main) Hbf,Stuttgart Hbf,IC,rain,False,False,False,2.9,False
2024-04-24,Wednesday,4,2024-04-24 13:40,13,Munich Hbf,Frankfurt(Main) Hbf,ICE,storm,False,False,False,6.3,True
2024-04-24,Wednesday,4,2024-04-24 14:05,14,Berlin Hbf,Hamburg Hbf,ICE,clear,False,False,False,0.7,False
2024-04-24,Wednesday,4,2024-04-24 15:01,15,Cologne Hbf,Bonn Hbf,RE,clear,False,False,False,1.0,False
2024-04-24,Wednesday,4,2024-04-24 18:42,18,Munich Hbf,Augsburg Hbf,RE,rain,False,True,False,2.1,False
2024-04-24,Wednesday,4,2024-04-24 18:51,18,Frankfurt(Main) Hbf,Mainz Hbf,S-Bahn,clear,False,True,False,4.9,False
2024-04-24,Wednesday,4,2024-04-24 19:54,19,Hamburg Hbf,Hannover Hbf,IC,rain,False,True,False,5.9,True
2024-04-25,Thursday,4,2024-04-25 07:06,7,Frankfurt(Main) Hbf,Stuttgart Hbf,IC,clear,False,True,False,7.3,True
2024-04-25,Thursday,4,2024-04-25 07:30,7,Frankfurt(Main) Hbf,Stuttgart Hbf,IC,clear,False,True,False,2.5,False
2024-04-25,Thursday,4,2024-04-25 09:12,9,Cologne Hbf,Berlin Hbf,ICE,rain,True,False,False,9.6,True
2024-04-25,Thursday,4,2024-04-25 09:43,9,Berlin Hbf,Potsdam Hbf,S-Bahn,clear,False,False,False,3.2,False
2024-04-25,Thursday,4,2024-04-25 09:43,9,Frankfurt(Main) Hbf,Mainz Hbf,S-Bahn,storm,False,False,False,0.9,False
2024-04-25,Thursday,4,2024-04-25 13:32,13,Munich Hbf,Frankfurt(Main) Hbf,ICE,clear,False,False,False,5.5,True
2024-04-25,Thursday,4,2024-04-25 14:02,14,Frankfurt(Main) Hbf,Mainz Hbf,S-Bahn,snow,False,False,False,0.2,False
2024-04-25,Thursday,4,2024-04-25 17:54,17,Munich Hbf,Augsburg Hbf,RE,clear,False,True,False,0.6,False
2024-04-25,Thursday,4,2024-04-25 18:17,18,Cologne Hbf,Bonn Hbf,RE,rain,False,True,False,2.4,False
2024-04-26,Friday,4,2024-04-26 05:08,5,Cologne Hbf,Berlin Hbf,ICE,clear,False,False,False,6.6,True
2024-04-26,Friday,4,2024-04-26 06:46,6,Cologne Hbf,Bonn Hbf,RE,rain,False,False,False,1.6,False
2024-04-26,Friday,4,2024-04-26 08:30,8,Munich Hbf,Augsburg Hbf,RE,rain,False,True,False,5.3,True
2024-04-26,Friday,4,2024-04-26 10:28,10,Cologne Hbf,Berlin Hbf,ICE,rain,False,False,False,7.2,True
2024-04-26,Friday,4,2024-04-26 11:36,11,Hamburg Hbf,Hannover Hbf,IC,clear,False,False,False,4.3,False
2024-04-26,Friday,4,2024-04-26 12:15,12,Munich Hbf,Augsburg Hbf,RE,clear,False,False,False,8.4,True
2024-04-26,Friday,4,2024-04-26 14:39,14,Cologne Hbf,Bonn Hbf,RE,clear,False,False,False,2.1,False
2024-04-26,Friday,4,2024-04-26 16:41,16,Leipzig Hbf,Dresden Hbf,RE,clear,False,False,False,0.4,False
2024-04-26,Friday,4,2024-04-26 17:06,17,Leipzig Hbf,Dresden Hbf,RE,rain,False,True,False,2.6,False
2024-04-26,Friday,4,2024-04-26 17:30,17,Munich Hbf,Augsburg Hbf,RE,rain,False,True,False,3.4,False
2024-04-26,Friday,4,2024-04-26 18:55,18,Cologne Hbf,Bonn Hbf,RE,clear,False,True,False,0.4,False
2024-04-26,Friday,4,2024-04-26 18:57,18,Munich Hbf,Frankfurt(Main) Hbf,ICE,rain,False,True,False,4.1,False
2024-04-26,Friday,4,2024-04-26 20:05,20,Frankfurt(Main) Hbf,Stuttgart Hbf,IC,clear,True,False,False,3.9,False
2024-04-27,Saturday,4,2024-04-27 06:48,6,Frankfurt(Main) Hbf,Mainz Hbf,S-Bahn,rain,False,False,True,5.4,True
2024-04-27,Saturday,4,2024-04-27 13:43,13,Berlin Hbf,Hamburg Hbf,ICE,rain,False,False,True,2.8,False
2024-04-27,Saturday,4,2024-04-27 15:05,15,Cologne Hbf,Berlin Hbf,ICE,clear,False,False,True,3.9,False
2024-04-27,Saturday,4,2024-04-27 15:47,15,Munich Hbf,Frankfurt(Main) Hbf,ICE,rain,False,False,True,2.2,False
2024-04-27,Saturday,4,2024-04-27 19:02,19,Munich Hbf,Frankfurt(Main) Hbf,ICE,clear,False,True,True,3.0,False
2024-04-27,Saturday,4,2024-04-27 19:02,19,Cologne Hbf,Berlin Hbf,ICE,rain,True,True,True,12.3,True
2024-04-27,Saturday,4,2024-04-27 19:31,19,Leipzig Hbf,Dresden Hbf,RE,clear,False,True,True,3.9,False
2024-04-27,Saturday,4,2024-04-27 20:06,20,Leipzig Hbf,Dresden Hbf,RE,rain,False,False,True,1.5,False
2024-04-27,Saturday,4,2024-04-27 21:25,21,Berlin Hbf,Hamburg Hbf,ICE,rain,False,False,True,3.5,False
2024-04-27,Saturday,4,2024-04-27 22:01,22,Berlin Hbf,Hamburg Hbf,ICE,snow,False,False,True,7.6,True
2024-04-28,Sunday,4,2024-04-28 07:13,7,Berlin Hbf,Potsdam Hbf,S-Bahn,clear,False,True,True,3.0,False
2024-04-28,Sunday,4,2024-04-28 07:24,7,Leipzig Hbf,Dresden Hbf,RE,clear,False,True,True,3.2,False
2024-04-28,Sunday,4,2024-04-28 08:06,8,Frankfurt(Main) Hbf,Mainz Hbf,S-Bahn,clear,False,True,True,5.3,True
2024-04-28,Sunday,4,2024-04-28 08:40,8,Hamburg Hbf,Hannover Hbf,IC,clear,False,True,True,3.4,False
2024-04-28,Sunday,4,2024-04-28 11:24,11,Berlin Hbf,Hamburg Hbf,ICE,clear,False,False,True,0.8,False
2024-04-28,Sunday,4,2024-04-28 13:38,13,Hamburg Hbf,Hannover Hbf,IC,clear,False,False,True,3.0,False
2024-04-28,Sunday,4,2024-04-28 13:50,13,Hamburg Hbf,Hannover Hbf,IC,storm,False,False,True,1.0,False
2024-04-28,Sunday,4,2024-04-28 15:23,15,Frankfurt(Main) Hbf,Stuttgart Hbf,IC,rain,True,False,True,4.5,False
2024-04-28,Sunday,4,2024-04-28 17:04,17,Cologne Hbf,Bonn Hbf,RE,rain,False,True,True,1.6,False
2024-04-28,Sunday,4,2024-04-28 17:29,17,Frankfurt(Main) Hbf,Stuttgart Hbf,IC,clear,False,True,True,2.2,False
2024-04-28,Sunday,4,2024-04-28 17:42,17,Berlin Hbf,Potsdam Hbf,S-Bahn,rain,False,True,True,6.4,True
2024-04-28,Sunday,4,2024-04-28 19:21,19,Hamburg Hbf,Hannover Hbf,IC,rain,True,True,True,5.6,True
2024-04-28,Sunday,4,2024-04-28 20:49,20,Munich Hbf,Frankfurt(Main) Hbf,ICE,storm,False,False,True,13.3,True
2024-04-28,Sunday,4,2024-04-28 21:40,21,Berlin Hbf,Hamburg Hbf,ICE,clear,False,False,True,5.0,False
2024-04-29,Monday,4,2024-04-29 07:08,7,Hamburg Hbf,Hannover Hbf,IC,rain,True,True,False,7.0,True
2024-04-29,Monday,4,2024-04-29 08:09,8,Frankfurt(Main) Hbf,Mainz Hbf,S-Bahn,clear,False,True,False,1.2,False
2024-04-29,Monday,4,2024-04-29 14:20,14,Cologne Hbf,Berlin Hbf,ICE,storm,False,False,False,6.5,True
2024-04-29,Monday,4,2024-04-29 14:47,14,Berlin Hbf,Potsdam Hbf,S-Bahn,rain,False,False,False,0.4,False
2024-04-29,Monday,4,2024-04-29 15:02,15,Frankfurt(Main) Hbf,Mainz Hbf,S-Bahn,clear,False,False,False,1.7,False
2024-04-29,Monday,4,2024-04-29 15:26,15,Leipzig Hbf,Dresden Hbf,RE,rain,False,False,False,5.3,True
2024-04-29,Monday,4,2024-04-29 16:00,16,Frankfurt(Main) Hbf,Stuttgart Hbf,IC,clear,False,False,False,3.4,False
2024-04-29,Monday,4,2024-04-29 17:21,17,Frankfurt(Main) Hbf,Stuttgart Hbf,IC,clear,False,True,False,1.5,False
2024-04-29,Monday,4,2024-04-29 19:54,19,Berlin Hbf,Hamburg Hbf,ICE,clear,True,True,False,9.6,True
2024-04-29,Monday,4,2024-04-29 21:21,21,Cologne Hbf,Berlin Hbf,ICE,clear,False,False,False,2.2,False
2024-04-29,Monday,4,2024-04-29 21:49,21,Hamburg Hbf,Hannover Hbf,IC,clear,False,False,False,1.0,False
2024-04-30,Tuesday,4,2024-04-30 06:20,6,Berlin Hbf,Hamburg Hbf,ICE,storm,False,False,False,8.3,True
2024-04-30,Tuesday,4,2024-04-30 07:33,7,Hamburg Hbf,Hannover Hbf,IC,clear,False,True,False,4.2,False
2024-04-30,Tuesday,4,2024-04-30 08:36,8,Hamburg Hbf,Hannover Hbf,IC,clear,False,True,False,5.2,True
2024-04-30,Tuesday,4,2024-04-30 12:15,12,Frankfurt(Main) Hbf,Stuttgart Hbf,IC,clear,False,False,False,5.5,True
2024-04-30,Tuesday,4,2024-04-30 14:46,14,Munich Hbf,Frankfurt(Main) Hbf,ICE,clear,True,False,False,7.0,True
2024-04-30,Tuesday,4,2024-04-30 14:52,14,Berlin Hbf,Hamburg Hbf,ICE,rain,False,False,False,4.1,False
2024-04-30,Tuesday,4,2024-04-30 15:29,15,Hamburg Hbf,Hannover Hbf,IC,storm,False,False,False,4.6,False
2024-04-30,Tuesday,4,2024-04-30 17:35,17,Berlin Hbf,Potsdam Hbf,S-Bahn,storm,False,True,False,7.4,True
2024-04-30,Tuesday,4,2024-04-30 17:37,17,Berlin Hbf,Potsdam Hbf,S-Bahn,snow,True,True,False,4.4,False
2024-04-30,Tuesday,4,2024-04-30 22:02,22,Hamburg Hbf,Hannover Hbf,IC,clear,True,False,False,1.4,False
2024-05-01,Wednesday,5,2024-05-01 05:16,5,Hamburg Hbf,Hannover Hbf,IC,clear,True,False,False,5.6,True
2024-05-01,Wednesday,5,2024-05-01 05:30,5,Leipzig Hbf,Dresden Hbf,RE,clear,True,False,False,0.4,False
2024-05-01,Wednesday,5,2024-05-01 05:47,5,Munich Hbf,Augsburg Hbf,RE,rain,False,False,False,0.0,False
2024-05-01,Wednesday,5,2024-05-01 06:10,6,Hamburg Hbf,Hannover Hbf,IC,clear,False,False,False,1.6,False
2024-05-01,Wednesday,5,2024-05-01 06:38,6,Berlin Hbf,Hamburg Hbf,ICE,clear,False,False,False,1.0,False
2024-05-01,Wednesday,5,2024-05-01 07:10,7,Berlin Hbf,Potsdam Hbf,S-Bahn,clear,False,True,False,2.6,False
2024-05-01,Wednesday,5,2024-05-01 09:27,9,Frankfurt(Main) Hbf,Stuttgart Hbf,IC,rain,False,False,False,5.7,True
2024-05-01,Wednesday,5,2024-05-01 10:42,10,Berlin Hbf,Hamburg Hbf,ICE,rain,False,False,False,6.6,True
2024-05-01,Wednesday,5,2024-05-01 12:39,12,Cologne Hbf,Bonn Hbf,RE,clear,False,False,False,3.2,False
2024-05-01,Wednesday,5,2024-05-01 13:08,13,Hamburg Hbf,Hannover Hbf,IC,storm,True,False,False,7.9,True
2024-05-01,Wednesday,5,2024-05-01 14:15,14,Munich Hbf,Augsburg Hbf,RE,clear,True,False,False,2.7,False
2024-05-01,Wednesday,5,2024-05-01 14:36,14,Munich Hbf,Augsburg Hbf,RE,clear,False,False,False,1.0,False
2024-05-01,Wednesday,5,2024-05-01 14:51,14,Munich Hbf,Frankfurt(Main) Hbf,ICE,clear,True,False,False,4.5,False
2024-05-01,Wednesday,5,2024-05-01 15:07,15,Frankfurt(Main) Hbf,Stuttgart Hbf,IC,storm,True,False,False,7.6,True
2024-05-01,Wednesday,5,2024-05-01 15:10,15,Berlin Hbf,Potsdam Hbf,S-Bahn,rain,False,False,False,0.8,False
2024-05-01,Wednesday,5,2024-05-01 15:13,15,Hamburg Hbf,Hannover Hbf,IC,clear,True,False,False,47.2,True
2024-05-01,Wednesday,5,2024-05-01 18:35,18,Frankfurt(Main) Hbf,Stuttgart Hbf,IC,clear,False,True,False,1.2,False
2024-05-01,Wednesday,5,2024-05-01 20:32,20,Frankfurt(Main) Hbf,Mainz Hbf,S-Bahn,clear,False,False,False,0.2,False
2024-05-01,Wednesday,5,2024-05-01 21:44,21,Berlin Hbf,Hamburg Hbf,ICE,clear,False,False,False,8.8,True
2024-05-01,Wednesday,5,2024-05-01 22:06,22,Leipzig Hbf,Dresden Hbf,RE,clear,False,False,False,10.3,True
2024-05-01,Wednesday,5,2024-05-01 22:56,22,Munich Hbf,Frankfurt(Main) Hbf,ICE,clear,False,False,False,2.2,False
2024-05-02,Thursday,5,2024-05-02 07:32,7,Hamburg Hbf,Hannover Hbf,IC,clear,False,True,False,2.5,False
2024-05-02,Thursday,5,2024-05-02 08:04,8,Hamburg Hbf,Hannover Hbf,IC,clear,False,True,False,2.1,False
2024-05-02,Thursday,5,2024-05-02 08:10,8,Frankfurt(Main) Hbf,Stuttgart Hbf,IC,clear,False,True,False,3.4,False
2024-05-02,Thursday,5,2024-05-02 08:25,8,Munich Hbf,Frankfurt(Main) Hbf,ICE,clear,False,True,False,1.1,False
2024-05-02,Thursday,5,2024-05-02 11:20,11,Cologne Hbf,Bonn Hbf,RE,rain,False,False,False,1.2,False
2024-05-02,Thursday,5,2024-05-02 16:04,16,Munich Hbf,Frankfurt(Main) Hbf,ICE,rain,False,False,False,4.5,False
2024-05-02,Thursday,5,2024-05-02 16:22,16,Cologne Hbf,Bonn Hbf,RE,clear,True,False,False,69.5,True
2024-05-02,Thursday,5,2024-05-02 17:26,17,Hamburg Hbf,Hannover Hbf,IC,storm,True,True,False,14.1,True
2024-05-03,Friday,5,2024-05-03 05:55,5,Hamburg Hbf,Hannover Hbf,IC,clear,False,False,False,0.8,False
2024-05-03,Friday,5,2024-05-03 06:00,6,Munich Hbf,Frankfurt(Main) Hbf,ICE,clear,False,False,False,7.2,True
2024-05-03,Friday,5,2024-05-03 07:38,7,Munich Hbf,Augsburg Hbf,RE,clear,False,True,False,3.4,False
2024-05-03,Friday,5,2024-05-03 08:21,8,Cologne Hbf,Bonn Hbf,RE,clear,False,True,False,4.1,False
2024-05-03,Friday,5,2024-05-03 13:35,13,Leipzig Hbf,Dresden Hbf,RE,clear,False,False,False,2.3,False
2024-05-03,Friday,5,2024-05-03 16:29,16,Cologne Hbf,Berlin Hbf,ICE,rain,False,False,False,5.2,True
2024-05-03,Friday,5,2024-05-03 16:34,16,Berlin Hbf,Potsdam Hbf,S-Bahn,rain,False,False,False,0.5,False
2024-05-03,Friday,5,2024-05-03 16:39,16,Berlin Hbf,Potsdam Hbf,S-Bahn,storm,False,False,False,2.6,False
2024-05-03,Friday,5,2024-05-03 17:31,17,Berlin Hbf,Potsdam Hbf,S-Bahn,clear,False,True,False,1.3,False
2024-05-03,Friday,5,2024-05-03 18:53,18,Hamburg Hbf,Hannover Hbf,IC,rain,False,True,False,6.8,True
2024-05-03,Friday,5,2024-05-03 20:59,20,Berlin Hbf,Hamburg Hbf,ICE,clear,False,False,False,0.8,False
2024-05-04,Saturday,5,2024-05-04 06:59,6,Frankfurt(Main) Hbf,Mainz Hbf,S-Bahn,rain,False,False,True,1.3,False
2024-05-04,Saturday,5,2024-05-04 08:34,8,Leipzig Hbf,Dresden Hbf,RE,clear,False,True,True,1.6,False
2024-05-04,Saturday,5,2024-05-04 09:57,9,Cologne Hbf,Bonn Hbf,RE,rain,False,False,True,8.1,True
2024-05-04,Saturday,5,2024-05-04 13:08,13,Munich Hbf,Frankfurt(Main) Hbf,ICE,clear,True,False,True,2.0,False
2024-05-04,Saturday,5,2024-05-04 13:53,13,Cologne Hbf,Bonn Hbf,RE,clear,False,False,True,0.8,False
2024-05-04,Saturday,5,2024-05-04 15:42,15,Berlin Hbf,Potsdam Hbf,S-Bahn,clear,False,False,True,66.1,True
2024-05-05,Sunday,5,2024-05-05 05:21,5,Berlin Hbf,Potsdam Hbf,S-Bahn,clear,False,False,True,2.0,False
2024-05-05,Sunday,5,2024-05-05 08:49,8,Berlin Hbf,Potsdam Hbf,S-Bahn,clear,False,True,True,4.0,False
2024-05-05,Sunday,5,2024-05-05 10:14,10,Frankfurt(Main) Hbf,Stuttgart Hbf,IC,rain,False,False,True,2.7,False
2024-05-05,Sunday,5,2024-05-05 11:28,11,Munich Hbf,Augsburg Hbf,RE,rain,False,False,True,1.2,False
2024-05-05,Sunday,5,2024-05-05 12:35,12,Frankfurt(Main) Hbf,Stuttgart Hbf,IC,rain,False,False,True,2.7,False
2024-05-05,Sunday,5,2024-05-05 14:16,14,Frankfurt(Main) Hbf,Mainz Hbf,S-Bahn,rain,False,False,True,3.1,False
2024-05-05,Sunday,5,2024-05-05 15:16,15,Cologne Hbf,Bonn Hbf,RE,rain,False,False,True,0.7,False
2024-05-05,Sunday,5,2024-05-05 18:32,18,Frankfurt(Main) Hbf,Mainz Hbf,S-Bahn,storm,False,True,True,2.2,False
2024-05-05,Sunday,5,2024-05-05 20:24,20,Cologne Hbf,Bonn Hbf,RE,clear,False,False,True,6.3,True
2024-05-05,Sunday,5,2024-05-05 22:29,22,Berlin Hbf,Potsdam Hbf,S-Bahn,clear,False,False,True,0.7,False
2024-05-06,Monday,5,2024-05-06 06:06,6,Leipzig Hbf,Dresden Hbf,RE,clear,True,False,False,5.4,True
2024-05-06,Monday,5,2024-05-06 08:10,8,Leipzig Hbf,Dresden Hbf,RE,rain,False,True,False,1.8,False
2024-05-06,Monday,5,2024-05-06 10:47,10,Munich Hbf,Frankfurt(Main) Hbf,ICE,clear,False,False,False,6.6,True
2024-05-06,Monday,5,2024-05-06 12:39,12,Hamburg Hbf,Hannover Hbf,IC,clear,False,False,False,1.2,False
2024-05-06,Monday,5,2024-05-06 19:18,19,Cologne Hbf,Berlin Hbf,ICE,rain,False,True,False,14.0,True
2024-05-06,Monday,5,2024-05-06 21:01,21,Berlin Hbf,Potsdam Hbf,S-Bahn,clear,False,False,False,1.3,False
2024-05-06,Monday,5,2024-05-06 21:01,21,Munich Hbf,Frankfurt(Main) Hbf,ICE,clear,False,False,False,2.4,False
2024-05-07,Tuesday,5,2024-05-07 06:13,6,Frankfurt(Main) Hbf,Mainz Hbf,S-Bahn,rain,False,False,False,2.8,False
2024-05-07,Tuesday,5,2024-05-07 08:02,8,Berlin Hbf,Potsdam Hbf,S-Bahn,rain,False,True,False,1.5,False
2024-05-07,Tuesday,5,2024-05-07 09:40,9,Hamburg Hbf,Hannover Hbf,IC,clear,False,False,False,0.9,False
2024-05-07,Tuesday,5,2024-05-07 11:03,11,Cologne Hbf,Bonn Hbf,RE,rain,False,False,False,0.8,False
2024-05-07,Tuesday,5,2024-05-07 11:07,11,Frankfurt(Main) Hbf,Stuttgart Hbf,IC,rain,False,False,False,8.3,True
2024-05-07,Tuesday,5,2024-05-07 13:24,13,Cologne Hbf,Berlin Hbf,ICE,clear,False,False,False,3.0,False
2024-05-07,Tuesday,5,2024-05-07 14:59,14,Cologne Hbf,Berlin Hbf,ICE,clear,True,False,False,26.8,True
2024-05-07,Tuesday,5,2024-05-07 16:01,16,Munich Hbf,Frankfurt(Main) Hbf,ICE,clear,True,False,False,3.3,False
2024-05-07,Tuesday,5,2024-05-07 16:19,16,Berlin Hbf,Potsdam Hbf,S-Bahn,storm,False,False,False,1.5,False
2024-05-07,Tuesday,5,2024-05-07 16:59,16,Cologne Hbf,Bonn Hbf,RE,rain,False,False,False,3.0,False
2024-05-07,Tuesday,5,2024-05-07 17:50,17,Cologne Hbf,Bonn Hbf,RE,storm,False,True,False,1.9,False
2024-05-07,Tuesday,5,2024-05-07 18:47,18,Berlin Hbf,Potsdam Hbf,S-Bahn,clear,False,True,False,3.5,False
2024-05-08,Wednesday,5,2024-05-08 06:56,6,Cologne Hbf,Berlin Hbf,ICE,clear,True,False,False,9.9,True
2024-05-08,Wednesday,5,2024-05-08 08:23,8,Munich Hbf,Augsburg Hbf,RE,clear,False,True,False,1.1,False
2024-05-08,Wednesday,5,2024-05-08 08:49,8,Munich Hbf,Augsburg Hbf,RE,clear,True,True,False,1.5,False
2024-05-08,Wednesday,5,2024-05-08 09:20,9,Munich Hbf,Augsburg Hbf,RE,rain,True,False,False,1.8,False
2024-05-08,Wednesday,5,2024-05-08 11:41,11,Frankfurt(Main) Hbf,Stuttgart Hbf,IC,rain,False,False,False,3.9,False
2024-05-08,Wednesday,5,2024-05-08 12:04,12,Berlin Hbf,Hamburg Hbf,ICE,clear,False,False,False,1.4,False
2024-05-08,Wednesday,5,2024-05-08 12:58,12,Munich Hbf,Frankfurt(Main) Hbf,ICE,rain,True,False,False,4.8,False
2024-05-08,Wednesday,5,2024-05-08 15:06,15,Munich Hbf,Frankfurt(Main) Hbf,ICE,clear,False,False,False,4.4,False
2024-05-08,Wednesday,5,2024-05-08 15:24,15,Cologne Hbf,Bonn Hbf,RE,clear,False,False,False,2.5,False
2024-05-08,Wednesday,5,2024-05-08 17:07,17,Cologne Hbf,Bonn Hbf,RE,clear,True,True,False,1.6,False
2024-05-08,Wednesday,5,2024-05-08 17:44,17,Munich Hbf,Augsburg Hbf,RE,clear,False,True,False,3.5,False
2024-05-08,Wednesday,5,2024-05-08 18:31,18,Cologne Hbf,Berlin Hbf,ICE,clear,False,True,False,5.5,True
2024-05-08,Wednesday,5,2024-05-08 19:51,19,Cologne Hbf,Bonn Hbf,RE,rain,False,True,False,3.7,False
2024-05-08,Wednesday,5,2024-05-08 20:34,20,Cologne Hbf,Bonn Hbf,RE,rain,False,False,False,2.2,False
2024-05-09,Thursday,5,2024-05-09 05:30,5,Cologne Hbf,Bonn Hbf,RE,rain,False,False,False,1.1,False
2024-05-09,Thursday,5,2024-05-09 09:55,9,Munich Hbf,Frankfurt(Main) Hbf,ICE,rain,False,False,False,6.0,True
2024-05-09,Thursday,5,2024-05-09 13:16,13,Berlin Hbf,Hamburg Hbf,ICE,clear,True,False,False,4.1,False
2024-05-09,Thursday,5,2024-05-09 15:29,15,Leipzig Hbf,Dresden Hbf,RE,clear,False,False,False,2.0,False
2024-05-09,Thursday,5,2024-05-09 16:44,16,Munich Hbf,Frankfurt(Main) Hbf,ICE,storm,False,False,False,53.7,True
2024-05-09,Thursday,5,2024-05-09 16:57,16,Cologne Hbf,Bonn Hbf,RE,rain,False,False,False,3.2,False
2024-05-09,Thursday,5,2024-05-09 17:19,17,Munich Hbf,Augsburg Hbf,RE,rain,False,True,False,1.2,False
2024-05-09,Thursday,5,2024-05-09 17:48,17,Frankfurt(Main) Hbf,Mainz Hbf,S-Bahn,rain,True,True,False,1.1,False
2024-05-09,Thursday,5,2024-05-09 18:47,18,Hamburg Hbf,Hannover Hbf,IC,clear,False,True,False,3.5,False
2024-05-09,Thursday,5,2024-05-09 19:46,19,Berlin Hbf,Hamburg Hbf,ICE,clear,False,True,False,7.6,True
2024-05-09,Thursday,5,2024-05-09 20:30,20,Frankfurt(Main) Hbf,Mainz Hbf,S-Bahn,storm,False,False,False,0.6,False
2024-05-09,Thursday,5,2024-05-09 22:08,22,Hamburg Hbf,Hannover Hbf,IC,clear,False,False,False,0.5,False
2024-05-10,Friday,5,2024-05-10 07:17,7,Berlin Hbf,Potsdam Hbf,S-Bahn,rain,False,True,False,1.0,False
2024-05-10,Friday,5,2024-05-10 09:08,9,Munich Hbf,Augsburg Hbf,RE,clear,True,False,False,2.0,False
2024-05-10,Friday,5,2024-05-10 16:29,16,Berlin Hbf,Hamburg Hbf,ICE,clear,True,False,False,8.2,True
2024-05-10,Friday,5,2024-05-10 18:20,18,Munich Hbf,Augsburg Hbf,RE,rain,False,True,False,1.9,False
2024-05-10,Friday,5,2024-05-10 22:03,22,Frankfurt(Main) Hbf,Mainz Hbf,S-Bahn,rain,False,False,False,1.5,False
2024-05-11,Saturday,5,2024-05-11 07:59,7,Munich Hbf,Frankfurt(Main) Hbf,ICE,clear,True,True,True,5.4,True
2024-05-11,Saturday,5,2024-05-11 08:04,8,Munich Hbf,Augsburg Hbf,RE,rain,True,True,True,8.4,True
2024-05-11,Saturday,5,2024-05-11 08:24,8,Berlin Hbf,Potsdam Hbf,S-Bahn,clear,False,True,True,6.0,True
2024-05-11,Saturday,5,2024-05-11 08:32,8,Leipzig Hbf,Dresden Hbf,RE,rain,True,True,True,1.4,False
2024-05-11,Saturday,5,2024-05-11 09:34,9,Hamburg Hbf,Hannover Hbf,IC,rain,False,False,True,1.1,False
2024-05-11,Saturday,5,2024-05-11 09:52,9,Munich Hbf,Frankfurt(Main) Hbf,ICE,rain,False,False,True,1.6,False
2024-05-11,Saturday,5,2024-05-11 10:27,10,Cologne Hbf,Bonn Hbf,RE,rain,False,False,True,0.9,False
2024-05-11,Saturday,5,2024-05-11 17:28,17,Munich Hbf,Augsburg Hbf,RE,clear,False,True,True,7.2,True
2024-05-11,Saturday,5,2024-05-11 17:35,17,Munich Hbf,Frankfurt(Main) Hbf,ICE,clear,False,True,True,6.3,True
2024-05-11,Saturday,5,2024-05-11 20:18,20,Leipzig Hbf,Dresden Hbf,RE,rain,False,False,True,0.9,False
2024-05-11,Saturday,5,2024-05-11 21:13,21,Cologne Hbf,Berlin Hbf,ICE,clear,False,False,True,2.3,False
2024-05-12,Sunday,5,2024-05-12 09:07,9,Cologne Hbf,Berlin Hbf,ICE,clear,False,False,True,2.1,False
2024-05-12,Sunday,5,2024-05-12 11:21,11,Cologne Hbf,Bonn Hbf,RE,clear,False,False,True,4.6,False
2024-05-12,Sunday,5,2024-05-12 13:47,13,Cologne Hbf,Bonn Hbf,RE,rain,False,False,True,4.6,False
2024-05-12,Sunday,5,2024-05-12 16:23,16,Munich Hbf,Frankfurt(Main) Hbf,ICE,rain,False,False,True,4.0,False
2024-05-12,Sunday,5,2024-05-12 16:49,16,Frankfurt(Main) Hbf,Mainz Hbf,S-Bahn,clear,False,False,True,0.5,False
2024-05-12,Sunday,5,2024-05-12 16:58,16,Frankfurt(Main) Hbf,Mainz Hbf,S-Bahn,rain,True,False,True,2.0,False
2024-05-12,Sunday,5,2024-05-12 17:34,17,Leipzig Hbf,Dresden Hbf,RE,clear,True,True,True,3.9,False
2024-05-12,Sunday,5,2024-05-12 17:50,17,Frankfurt(Main) Hbf,Stuttgart Hbf,IC,rain,False,True,True,1.7,False
2024-05-12,Sunday,5,2024-05-12 20:29,20,Berlin Hbf,Hamburg Hbf,ICE,rain,False,False,True,1.8,False
2024-05-12,Sunday,5,2024-05-12 21:24,21,Hamburg Hbf,Hannover Hbf,IC,clear,True,False,True,3.1,False
2024-05-13,Monday,5,2024-05-13 06:43,6,Leipzig Hbf,Dresden Hbf,RE,rain,False,False,False,1.2,False
2024-05-13,Monday,5,2024-05-13 07:04,7,Berlin Hbf,Potsdam Hbf,S-Bahn,storm,True,True,False,1.4,False
2024-05-13,Monday,5,2024-05-13 08:47,8,Munich Hbf,Augsburg Hbf,RE,clear,False,True,False,60.2,True
2024-05-13,Monday,5,2024-05-13 08:57,8,Hamburg Hbf,Hannover Hbf,IC,clear,False,True,False,4.2,False
2024-05-13,Monday,5,2024-05-13 10:15,10,Berlin Hbf,Potsdam Hbf,S-Bahn,clear,False,False,False,3.3,False
2024-05-13,Monday,5,2024-05-13 11:57,11,Berlin Hbf,Potsdam Hbf,S-Bahn,clear,False,False,False,1.4,False
2024-05-13,Monday,5,2024-05-13 15:52,15,Hamburg Hbf,Hannover Hbf,IC,clear,False,False,False,1.8,False
2024-05-13,Monday,5,2024-05-13 19:35,19,Cologne Hbf,Berlin Hbf,ICE,rain,False,True,False,4.2,False
2024-05-13,Monday,5,2024-05-13 22:44,22,Berlin Hbf,Potsdam Hbf,S-Bahn,rain,False,False,False,1.3,False
2024-05-14,Tuesday,5,2024-05-14 06:36,6,Cologne Hbf,Bonn Hbf,RE,clear,False,False,False,2.9,False
2024-05-14,Tuesday,5,2024-05-14 09:29,9,Munich Hbf,Augsburg Hbf,RE,clear,False,False,False,1.4,False
2024-05-14,Tuesday,5,2024-05-14 14:05,14,Cologne Hbf,Berlin Hbf,ICE,rain,False,False,False,4.1,False
2024-05-14,Tuesday,5,2024-05-14 15:14,15,Frankfurt(Main) Hbf,Stuttgart Hbf,IC,clear,False,False,False,5.1,True
2024-05-14,Tuesday,5,2024-05-14 16:08,16,Munich Hbf,Augsburg Hbf,RE,clear,False,False,False,0.6,False
2024-05-14,Tuesday,5,2024-05-14 16:12,16,Leipzig Hbf,Dresden Hbf,RE,rain,False,False,False,7.7,True
2024-05-14,Tuesday,5,2024-05-14 19:54,19,Frankfurt(Main) Hbf,Mainz Hbf,S-Bahn,clear,False,True,False,3.6,False
2024-05-14,Tuesday,5,2024-05-14 21:13,21,Frankfurt(Main) Hbf,Stuttgart Hbf,IC,rain,False,False,False,2.5,False
2024-05-14,Tuesday,5,2024-05-14 21:17,21,Munich Hbf,Augsburg Hbf,RE,clear,False,False,False,2.8,False
2024-05-15,Wednesday,5,2024-05-15 08:49,8,Berlin Hbf,Potsdam Hbf,S-Bahn,rain,False,True,False,1.1,False
2024-05-15,Wednesday,5,2024-05-15 08:50,8,Frankfurt(Main) Hbf,Stuttgart Hbf,IC,clear,False,True,False,2.5,False
2024-05-15,Wednesday,5,2024-05-15 10:48,10,Munich Hbf,Augsburg Hbf,RE,rain,False,False,False,3.0,False
2024-05-15,Wednesday,5,2024-05-15 12:45,12,Berlin Hbf,Hamburg Hbf,ICE,clear,False,False,False,3.3,False
2024-05-15,Wednesday,5,2024-05-15 14:01,14,Berlin Hbf,Hamburg Hbf,ICE,clear,False,False,False,4.2,False
2024-05-15,Wednesday,5,2024-05-15 15:58,15,Cologne Hbf,Berlin Hbf,ICE,rain,False,False,False,11.9,True
2024-05-15,Wednesday,5,2024-05-15 16:50,16,Berlin Hbf,Hamburg Hbf,ICE,clear,False,False,False,2.3,False
2024-05-15,Wednesday,5,2024-05-15 16:52,16,Munich Hbf,Augsburg Hbf,RE,clear,False,False,False,4.7,False
2024-05-15,Wednesday,5,2024-05-15 17:36,17,Frankfurt(Main) Hbf,Mainz Hbf,S-Bahn,storm,False,True,False,2.7,False
2024-05-15,Wednesday,5,2024-05-15 18:18,18,Cologne Hbf,Bonn Hbf,RE,rain,False,True,False,0.6,False
2024-05-15,Wednesday,5,2024-05-15 19:13,19,Leipzig Hbf,Dresden Hbf,RE,storm,False,True,False,1.8,False
2024-05-15,Wednesday,5,2024-05-15 20:16,20,Cologne Hbf,Berlin Hbf,ICE,rain,False,False,False,9.0,True
2024-05-15,Wednesday,5,2024-05-15 21:50,21,Munich Hbf,Frankfurt(Main) Hbf,ICE,clear,False,False,False,5.5,True
2024-05-16,Thursday,5,2024-05-16 08:17,8,Cologne Hbf,Bonn Hbf,RE,clear,False,True,False,0.3,False
2024-05-16,Thursday,5,2024-05-16 08:24,8,Frankfurt(Main) Hbf,Stuttgart Hbf,IC,clear,True,True,False,7.5,True
2024-05-16,Thursday,5,2024-05-16 10:03,10,Leipzig Hbf,Dresden Hbf,RE,rain,False,False,False,3.3,False
2024-05-16,Thursday,5,2024-05-16 10:13,10,Hamburg Hbf,Hannover Hbf,IC,rain,False,False,False,4.7,False
2024-05-16,Thursday,5,2024-05-16 13:18,13,Frankfurt(Main) Hbf,Mainz Hbf,S-Bahn,rain,False,False,False,0.5,False
2024-05-16,Thursday,5,2024-05-16 16:43,16,Cologne Hbf,Bonn Hbf,RE,rain,True,False,False,2.3,False
2024-05-16,Thursday,5,2024-05-16 17:48,17,Munich Hbf,Augsburg Hbf,RE,clear,False,True,False,0.3,False
2024-05-16,Thursday,5,2024-05-16 17:55,17,Leipzig Hbf,Dresden Hbf,RE,rain,False,True,False,3.3,False
2024-05-16,Thursday,5,2024-05-16 18:01,18,Munich Hbf,Augsburg Hbf,RE,clear,False,True,False,5.0,False
2024-05-16,Thursday,5,2024-05-16 22:39,22,Hamburg Hbf,Hannover Hbf,IC,clear,False,False,False,0.7,False
2024-05-16,Thursday,5,2024-05-16 22:49,22,Hamburg Hbf,Hannover Hbf,IC,rain,False,False,False,6.6,True
2024-05-17,Friday,5,2024-05-17 07:26,7,Leipzig Hbf,Dresden Hbf,RE,storm,False,True,False,6.4,True
2024-05-17,Friday,5,2024-05-17 08:34,8,Frankfurt(Main) Hbf,Mainz Hbf,S-Bahn,rain,False,True,False,1.0,False
2024-05-17,Friday,5,2024-05-17 08:35,8,Hamburg Hbf,Hannover Hbf,IC,rain,True,True,False,9.9,True
2024-05-17,Friday,5,2024-05-17 10:18,10,Frankfurt(Main) Hbf,Stuttgart Hbf,IC,clear,False,False,False,2.8,False
2024-05-17,Friday,5,2024-05-17 10:58,10,Frankfurt(Main) Hbf,Stuttgart Hbf,IC,clear,False,False,False,2.4,False
2024-05-17,Friday,5,2024-05-17 12:01,12,Munich Hbf,Frankfurt(Main) Hbf,ICE,rain,False,False,False,3.7,False
2024-05-17,Friday,5,2024-05-17 14:23,14,Munich Hbf,Frankfurt(Main) Hbf,ICE,clear,True,False,False,3.5,False
2024-05-17,Friday,5,2024-05-17 15:42,15,Frankfurt(Main) Hbf,Stuttgart Hbf,IC,clear,False,False,False,1.8,False
2024-05-17,Friday,5,2024-05-17 17:30,17,Cologne Hbf,Berlin Hbf,ICE,rain,True,True,False,12.9,True
2024-05-17,Friday,5,2024-05-17 17:32,17,Berlin Hbf,Potsdam Hbf,S-Bahn,clear,False,True,False,1.1,False
2024-05-17,Friday,5,2024-05-17 18:19,18,Cologne Hbf,Berlin Hbf,ICE,clear,True,True,False,12.9,True
2024-05-17,Friday,5,2024-05-17 18:37,18,Berlin Hbf,Potsdam Hbf,S-Bahn,rain,False,True,False,2.1,False
2024-05-17,Friday,5,2024-05-17 19:26,19,Berlin Hbf,Hamburg Hbf,ICE,clear,False,True,False,5.3,True
2024-05-17,Friday,5,2024-05-17 20:19,20,Frankfurt(Main) Hbf,Mainz Hbf,S-Bahn,clear,False,False,False,0.4,False
2024-05-17,Friday,5,2024-05-17 22:43,22,Berlin Hbf,Hamburg Hbf,ICE,clear,False,False,False,3.3,False
2024-05-18,Saturday,5,2024-05-18 07:47,7,Hamburg Hbf,Hannover Hbf,IC,clear,False,True,True,2.0,False
2024-05-18,Saturday,5,2024-05-18 10:21,10,Berlin Hbf,Potsdam Hbf,S-Bahn,rain,False,False,True,1.9,False
2024-05-18,Saturday,5,2024-05-18 13:34,13,Berlin Hbf,Hamburg Hbf,ICE,rain,False,False,True,1.4,False
2024-05-18,Saturday,5,2024-05-18 13:43,13,Berlin Hbf,Hamburg Hbf,ICE,rain,True,False,True,7.1,True
2024-05-18,Saturday,5,2024-05-18 14:58,14,Frankfurt(Main) Hbf,Stuttgart Hbf,IC,clear,False,False,True,0.5,False
2024-05-18,Saturday,5,2024-05-18 15:49,15,Cologne Hbf,Bonn Hbf,RE,rain,False,False,True,1.7,False
2024-05-18,Saturday,5,2024-05-18 16:09,16,Frankfurt(Main) Hbf,Stuttgart Hbf,IC,storm,False,False,True,2.4,False
2024-05-18,Saturday,5,2024-05-18 17:21,17,Berlin Hbf,Potsdam Hbf,S-Bahn,clear,False,True,True,6.3,True
2024-05-18,Saturday,5,2024-05-18 18:47,18,Berlin Hbf,Potsdam Hbf,S-Bahn,rain,False,True,True,4.3,False
2024-05-18,Saturday,5,2024-05-18 22:33,22,Hamburg Hbf,Hannover Hbf,IC,clear,False,False,True,0.7,False
2024-05-19,Sunday,5,2024-05-19 06:40,6,Frankfurt(Main) Hbf,Stuttgart Hbf,IC,rain,False,False,True,8.7,True
2024-05-19,Sunday,5,2024-05-19 08:17,8,Munich Hbf,Frankfurt(Main) Hbf,ICE,clear,True,True,True,4.1,False
2024-05-19,Sunday,5,2024-05-19 10:38,10,Frankfurt(Main) Hbf,Stuttgart Hbf,IC,rain,False,False,True,1.8,False
2024-05-19,Sunday,5,2024-05-19 10:54,10,Berlin Hbf,Hamburg Hbf,ICE,clear,False,False,True,1.2,False
2024-05-19,Sunday,5,2024-05-19 11:36,11,Berlin Hbf,Potsdam Hbf,S-Bahn,clear,True,False,True,5.4,True
2024-05-19,Sunday,5,2024-05-19 13:35,13,Berlin Hbf,Hamburg Hbf,ICE,rain,False,False,True,6.4,True
2024-05-19,Sunday,5,2024-05-19 14:32,14,Berlin Hbf,Hamburg Hbf,ICE,clear,False,False,True,1.4,False
2024-05-19,Sunday,5,2024-05-19 16:09,16,Hamburg Hbf,Hannover Hbf,IC,clear,False,False,True,0.9,False
2024-05-19,Sunday,5,2024-05-19 16:28,16,Leipzig Hbf,Dresden Hbf,RE,clear,False,False,True,0.3,False
2024-05-19,Sunday,5,2024-05-19 17:01,17,Berlin Hbf,Potsdam Hbf,S-Bahn,clear,True,True,True,3.0,False
2024-05-19,Sunday,5,2024-05-19 18:18,18,Berlin Hbf,Potsdam Hbf,S-Bahn,clear,False,True,True,4.0,False
2024-05-19,Sunday,5,2024-05-19 18:26,18,Cologne Hbf,Berlin Hbf,ICE,clear,False,True,True,8.5,True
2024-05-20,Monday,5,2024-05-20 05:46,5,Cologne Hbf,Berlin Hbf,ICE,clear,False,False,False,2.7,False
2024-05-20,Monday,5,2024-05-20 08:01,8,Berlin Hbf,Potsdam Hbf,S-Bahn,clear,True,True,False,5.0,False
2024-05-20,Monday,5,2024-05-20 15:01,15,Berlin Hbf,Hamburg Hbf,ICE,clear,False,False,False,1.6,False
2024-05-20,Monday,5,2024-05-20 15:23,15,Leipzig Hbf,Dresden Hbf,RE,clear,False,False,False,7.7,True
2024-05-20,Monday,5,2024-05-20 15:49,15,Berlin Hbf,Hamburg Hbf,ICE,rain,False,False,False,2.5,False
2024-05-20,Monday,5,2024-05-20 17:00,17,Leipzig Hbf,Dresden Hbf,RE,clear,False,True,False,2.8,False
2024-05-20,Monday,5,2024-05-20 18:16,18,Frankfurt(Main) Hbf,Stuttgart Hbf,IC,rain,False,True,False,3.3,False
2024-05-20,Monday,5,2024-05-20 18:25,18,Berlin Hbf,Potsdam Hbf,S-Bahn,clear,False,True,False,0.9,False
2024-05-20,Monday,5,2024-05-20 20:49,20,Cologne Hbf,Berlin Hbf,ICE,clear,True,False,False,6.0,True
2024-05-21,Tuesday,5,2024-05-21 06:01,6,Frankfurt(Main) Hbf,Stuttgart Hbf,IC,clear,False,False,False,0.1,False
2024-05-21,Tuesday,5,2024-05-21 06:13,6,Leipzig Hbf,Dresden Hbf,RE,clear,False,False,False,4.7,False
2024-05-21,Tuesday,5,2024-05-21 08:43,8,Munich Hbf,Augsburg Hbf,RE,clear,False,True,False,1.2,False
2024-05-21,Tuesday,5,2024-05-21 08:50,8,Cologne Hbf,Bonn Hbf,RE,clear,False,True,False,0.4,False
2024-05-21,Tuesday,5,2024-05-21 10:11,10,Munich Hbf,Frankfurt(Main) Hbf,ICE,rain,False,False,False,6.0,True
2024-05-21,Tuesday,5,2024-05-21 11:23,11,Cologne Hbf,Berlin Hbf,ICE,clear,False,False,False,6.9,True
2024-05-21,Tuesday,5,2024-05-21 12:06,12,Cologne Hbf,Berlin Hbf,ICE,clear,False,False,False,6.7,True
2024-05-21,Tuesday,5,2024-05-21 12:34,12,Cologne Hbf,Berlin Hbf,ICE,rain,False,False,False,5.1,True
2024-05-21,Tuesday,5,2024-05-21 13:02,13,Frankfurt(Main) Hbf,Mainz Hbf,S-Bahn,clear,True,False,False,1.5,False
2024-05-21,Tuesday,5,2024-05-21 13:35,13,Munich Hbf,Frankfurt(Main) Hbf,ICE,clear,False,False,False,2.8,False
2024-05-21,Tuesday,5,2024-05-21 15:08,15,Berlin Hbf,Hamburg Hbf,ICE,rain,False,False,False,5.2,True
2024-05-21,Tuesday,5,2024-05-21 17:06,17,Cologne Hbf,Bonn Hbf,RE,clear,True,True,False,4.3,False
2024-05-21,Tuesday,5,2024-05-21 17:39,17,Frankfurt(Main) Hbf,Mainz Hbf,S-Bahn,rain,False,True,False,1.8,False
2024-05-21,Tuesday,5,2024-05-21 18:28,18,Munich Hbf,Frankfurt(Main) Hbf,ICE,clear,False,True,False,4.1,False
2024-05-21,Tuesday,5,2024-05-21 18:47,18,Frankfurt(Main) Hbf,Mainz Hbf,S-Bahn,clear,False,True,False,2.1,False
2024-05-21,Tuesday,5,2024-05-21 19:21,19,Frankfurt(Main) Hbf,Mainz Hbf,S-Bahn,clear,False,True,False,3.2,False
2024-05-22,Wednesday,5,2024-05-22 08:32,8,Hamburg Hbf,Hannover Hbf,IC,clear,False,True,False,5.4,True
2024-05-22,Wednesday,5,2024-05-22 09:28,9,Leipzig Hbf,Dresden Hbf,RE,clear,False,False,False,0.7,False
2024-05-22,Wednesday,5,2024-05-22 10:40,10,Berlin Hbf,Hamburg Hbf,ICE,clear,False,False,False,1.2,False
2024-05-22,Wednesday,5,2024-05-22 11:25,11,Berlin Hbf,Hamburg Hbf,ICE,clear,False,False,False,1.0,False
2024-05-22,Wednesday,5,2024-05-22 13:48,13,Frankfurt(Main) Hbf,Stuttgart Hbf,IC,rain,False,False,False,6.1,True
2024-05-22,Wednesday,5,2024-05-22 14:01,14,Cologne Hbf,Bonn Hbf,RE,clear,False,False,False,1.8,False
2024-05-22,Wednesday,5,2024-05-22 16:32,16,Cologne Hbf,Bonn Hbf,RE,clear,True,False,False,64.7,True
2024-05-22,Wednesday,5,2024-05-22 18:11,18,Munich Hbf,Frankfurt(Main) Hbf,ICE,rain,True,True,False,12.7,True
2024-05-22,Wednesday,5,2024-05-22 18:33,18,Munich Hbf,Frankfurt(Main) Hbf,ICE,clear,False,True,False,6.9,True
2024-05-23,Thursday,5,2024-05-23 05:28,5,Leipzig Hbf,Dresden Hbf,RE,rain,False,False,False,1.2,False
2024-05-23,Thursday,5,2024-05-23 06:13,6,Hamburg Hbf,Hannover Hbf,IC,rain,False,False,False,7.3,True
2024-05-23,Thursday,5,2024-05-23 06:42,6,Cologne Hbf,Berlin Hbf,ICE,clear,False,False,False,2.1,False
2024-05-23,Thursday,5,2024-05-23 06:57,6,Munich Hbf,Augsburg Hbf,RE,clear,True,False,False,0.7,False
2024-05-23,Thursday,5,2024-05-23 09:37,9,Berlin Hbf,Hamburg Hbf,ICE,rain,True,False,False,7.4,True
2024-05-23,Thursday,5,2024-05-23 10:52,10,Leipzig Hbf,Dresden Hbf,RE,clear,False,False,False,2.4,False
2024-05-23,Thursday,5,2024-05-23 12:52,12,Hamburg Hbf,Hannover Hbf,IC,rain,False,False,False,2.9,False
2024-05-23,Thursday,5,2024-05-23 13:38,13,Berlin Hbf,Hamburg Hbf,ICE,clear,False,False,False,8.4,True
2024-05-23,Thursday,5,2024-05-23 15:15,15,Munich Hbf,Augsburg Hbf,RE,clear,True,False,False,28.2,True
2024-05-23,Thursday,5,2024-05-23 16:13,16,Berlin Hbf,Potsdam Hbf,S-Bahn,rain,True,False,False,3.6,False
2024-05-23,Thursday,5,2024-05-23 16:18,16,Cologne Hbf,Bonn Hbf,RE,clear,True,False,False,7.6,True
2024-05-23,Thursday,5,2024-05-23 17:49,17,Cologne Hbf,Bonn Hbf,RE,clear,False,True,False,6.4,True
2024-05-23,Thursday,5,2024-05-23 18:15,18,Frankfurt(Main) Hbf,Stuttgart Hbf,IC,clear,True,True,False,1.3,False
2024-05-23,Thursday,5,2024-05-23 20:15,20,Munich Hbf,Augsburg Hbf,RE,clear,False,False,False,4.2,False
2024-05-23,Thursday,5,2024-05-23 20:52,20,Berlin Hbf,Potsdam Hbf,S-Bahn,rain,False,False,False,1.2,False
2024-05-24,Friday,5,2024-05-24 05:51,5,Berlin Hbf,Hamburg Hbf,ICE,clear,False,False,False,3.2,False
2024-05-24,Friday,5,2024-05-24 06:08,6,Berlin Hbf,Hamburg Hbf,ICE,clear,False,False,False,3.8,False
2024-05-24,Friday,5,2024-05-24 07:11,7,Berlin Hbf,Potsdam Hbf,S-Bahn,clear,False,True,False,2.2,False
2024-05-24,Friday,5,2024-05-24 07:58,7,Frankfurt(Main) Hbf,Stuttgart Hbf,IC,clear,False,True,False,6.5,True
2024-05-24,Friday,5,2024-05-24 10:24,10,Frankfurt(Main) Hbf,Mainz Hbf,S-Bahn,clear,False,False,False,4.5,False
2024-05-24,Friday,5,2024-05-24 14:43,14,Berlin Hbf,Hamburg Hbf,ICE,clear,False,False,False,5.5,True
2024-05-24,Friday,5,2024-05-24 16:10,16,Frankfurt(Main) Hbf,Mainz Hbf,S-Bahn,clear,False,False,False,0.2,False
2024-05-24,Friday,5,2024-05-24 16:10,16,Frankfurt(Main) Hbf,Mainz Hbf,S-Bahn,clear,False,False,False,1.0,False
2024-05-24,Friday,5,2024-05-24 16:24,16,Leipzig Hbf,Dresden Hbf,RE,clear,False,False,False,1.2,False
2024-05-24,Friday,5,2024-05-24 16:58,16,Leipzig Hbf,Dresden Hbf,RE,clear,False,False,False,2.8,False
2024-05-24,Friday,5,2024-05-24 17:30,17,Frankfurt(Main) Hbf,Mainz Hbf,S-Bahn,clear,False,True,False,2.3,False
2024-05-24,Friday,5,2024-05-24 21:36,21,Frankfurt(Main) Hbf,Stuttgart Hbf,IC,clear,False,False,False,2.0,False
2024-05-25,Saturday,5,2024-05-25 06:14,6,Frankfurt(Main) Hbf,Stuttgart Hbf,IC,clear,True,False,True,4.1,False
2024-05-25,Saturday,5,2024-05-25 06:34,6,Berlin Hbf,Potsdam Hbf,S-Bahn,clear,False,False,True,0.3,False
2024-05-25,Saturday,5,2024-05-25 07:44,7,Hamburg Hbf,Hannover Hbf,IC,clear,False,True,True,3.3,False
2024-05-25,Saturday,5,2024-05-25 07:56,7,Cologne Hbf,Berlin Hbf,ICE,rain,False,True,True,8.9,True
2024-05-25,Saturday,5,2024-05-25 08:40,8,Munich Hbf,Augsburg Hbf,RE,clear,False,True,True,3.3,False
2024-05-25,Saturday,5,2024-05-25 09:56,9,Berlin Hbf,Potsdam Hbf,S-Bahn,rain,False,False,True,1.8,False
2024-05-25,Saturday,5,2024-05-25 14:23,14,Cologne Hbf,Berlin Hbf,ICE,storm,False,False,True,11.4,True
2024-05-25,Saturday,5,2024-05-25 17:39,17,Cologne Hbf,Bonn Hbf,RE,clear,True,True,True,9.0,True
2024-05-25,Saturday,5,2024-05-25 18:46,18,Cologne Hbf,Berlin Hbf,ICE,rain,False,True,True,51.6,True
2024-05-25,Saturday,5,2024-05-25 18:48,18,Cologne Hbf,Bonn Hbf,RE,clear,True,True,True,0.6,False
2024-05-25,Saturday,5,2024-05-25 19:46,19,Cologne Hbf,Berlin Hbf,ICE,clear,False,True,True,64.0,True
2024-05-25,Saturday,5,2024-05-25 20:56,20,Berlin Hbf,Potsdam Hbf,S-Bahn,storm,True,False,True,1.7,False
2024-05-26,Sunday,5,2024-05-26 08:01,8,Berlin Hbf,Hamburg Hbf,ICE,clear,False,True,True,0.4,False
2024-05-26,Sunday,5,2024-05-26 08:10,8,Leipzig Hbf,Dresden Hbf,RE,rain,False,True,True,3.8,False
2024-05-26,Sunday,5,2024-05-26 11:11,11,Munich Hbf,Frankfurt(Main) Hbf,ICE,rain,False,False,True,4.4,False
2024-05-26,Sunday,5,2024-05-26 12:04,12,Hamburg Hbf,Hannover Hbf,IC,rain,False,False,True,8.4,True
2024-05-26,Sunday,5,2024-05-26 13:34,13,Munich Hbf,Frankfurt(Main) Hbf,ICE,clear,False,False,True,3.4,False
2024-05-26,Sunday,5,2024-05-26 16:09,16,Cologne Hbf,Bonn Hbf,RE,clear,False,False,True,1.2,False
2024-05-26,Sunday,5,2024-05-26 20:44,20,Cologne Hbf,Berlin Hbf,ICE,clear,False,False,True,1.8,False
2024-05-26,Sunday,5,2024-05-26 21:31,21,Cologne Hbf,Bonn Hbf,RE,rain,False,False,True,1.9,False
2024-05-27,Monday,5,2024-05-27 05:36,5,Cologne Hbf,Berlin Hbf,ICE,clear,False,False,False,7.5,True
2024-05-27,Monday,5,2024-05-27 07:05,7,Cologne Hbf,Berlin Hbf,ICE,clear,False,True,False,7.9,True
2024-05-27,Monday,5,2024-05-27 07:22,7,Hamburg Hbf,Hannover Hbf,IC,rain,False,True,False,4.0,False
2024-05-27,Monday,5,2024-05-27 07:55,7,Cologne Hbf,Bonn Hbf,RE,rain,False,True,False,6.5,True
2024-05-27,Monday,5,2024-05-27 08:58,8,Cologne Hbf,Berlin Hbf,ICE,clear,False,True,False,3.2,False
2024-05-27,Monday,5,2024-05-27 11:27,11,Hamburg Hbf,Hannover Hbf,IC,clear,False,False,False,0.8,False
2024-05-27,Monday,5,2024-05-27 16:13,16,Munich Hbf,Frankfurt(Main) Hbf,ICE,rain,True,False,False,11.3,True
2024-05-27,Monday,5,2024-05-27 16:38,16,Cologne Hbf,Bonn Hbf,RE,rain,False,False,False,1.9,False
2024-05-27,Monday,5,2024-05-27 17:25,17,Cologne Hbf,Berlin Hbf,ICE,clear,False,True,False,3.0,False
2024-05-28,Tuesday,5,2024-05-28 05:33,5,Cologne Hbf,Berlin Hbf,ICE,rain,False,False,False,2.5,False
2024-05-28,Tuesday,5,2024-05-28 06:41,6,Frankfurt(Main) Hbf,Mainz Hbf,S-Bahn,clear,False,False,False,1.4,False
2024-05-28,Tuesday,5,2024-05-28 09:16,9,Frankfurt(Main) Hbf,Stuttgart Hbf,IC,clear,False,False,False,6.6,True
2024-05-28,Tuesday,5,2024-05-28 12:16,12,Berlin Hbf,Hamburg Hbf,ICE,clear,False,False,False,3.3,False
2024-05-28,Tuesday,5,2024-05-28 13:25,13,Munich Hbf,Frankfurt(Main) Hbf,ICE,rain,False,False,False,4.6,False
2024-05-28,Tuesday,5,2024-05-28 16:47,16,Frankfurt(Main) Hbf,Mainz Hbf,S-Bahn,clear,False,False,False,4.4,False
2024-05-28,Tuesday,5,2024-05-28 17:36,17,Leipzig Hbf,Dresden Hbf,RE,rain,True,True,False,5.5,True
2024-05-28,Tuesday,5,2024-05-28 18:50,18,Cologne Hbf,Berlin Hbf,ICE,clear,False,True,False,5.5,True
2024-05-29,Wednesday,5,2024-05-29 08:19,8,Frankfurt(Main) Hbf,Mainz Hbf,S-Bahn,clear,False,True,False,6.3,True
2024-05-29,Wednesday,5,2024-05-29 08:42,8,Cologne Hbf,Bonn Hbf,RE,rain,False,True,False,0.5,False
2024-05-29,Wednesday,5,2024-05-29 09:18,9,Berlin Hbf,Potsdam Hbf,S-Bahn,rain,True,False,False,2.4,False
2024-05-29,Wednesday,5,2024-05-29 12:16,12,Cologne Hbf,Berlin Hbf,ICE,clear,False,False,False,7.2,True
2024-05-29,Wednesday,5,2024-05-29 18:31,18,Hamburg Hbf,Hannover Hbf,IC,clear,True,True,False,3.4,False
2024-05-29,Wednesday,5,2024-05-29 19:48,19,Berlin Hbf,Hamburg Hbf,ICE,clear,False,True,False,2.5,False
2024-05-29,Wednesday,5,2024-05-29 20:21,20,Berlin Hbf,Potsdam Hbf,S-Bahn,clear,False,False,False,1.1,False
2024-05-30,Thursday,5,2024-05-30 08:29,8,Berlin Hbf,Hamburg Hbf,ICE,clear,False,True,False,2.7,False
2024-05-30,Thursday,5,2024-05-30 09:18,9,Leipzig Hbf,Dresden Hbf,RE,clear,True,False,False,2.0,False
2024-05-30,Thursday,5,2024-05-30 11:16,11,Munich Hbf,Augsburg Hbf,RE,clear,False,False,False,2.4,False
2024-05-30,Thursday,5,2024-05-30 17:07,17,Frankfurt(Main) Hbf,Stuttgart Hbf,IC,clear,False,True,False,2.9,False
2024-05-30,Thursday,5,2024-05-30 17:09,17,Cologne Hbf,Bonn Hbf,RE,rain,False,True,False,2.6,False
2024-05-30,Thursday,5,2024-05-30 19:45,19,Berlin Hbf,Hamburg Hbf,ICE,clear,True,True,False,3.8,False
2024-05-30,Thursday,5,2024-05-30 22:21,22,Munich Hbf,Frankfurt(Main) Hbf,ICE,clear,False,False,False,4.6,False
2024-05-31,Friday,5,2024-05-31 06:12,6,Berlin Hbf,Hamburg Hbf,ICE,clear,False,False,False,1.0,False
2024-05-31,Friday,5,2024-05-31 06:20,6,Frankfurt(Main) Hbf,Mainz Hbf,S-Bahn,rain,False,False,False,0.2,False
2024-05-31,Friday,5,2024-05-31 08:20,8,Frankfurt(Main) Hbf,Mainz Hbf,S-Bahn,storm,False,True,False,2.5,False
2024-05-31,Friday,5,2024-05-31 13:07,13,Munich Hbf,Frankfurt(Main) Hbf,ICE,clear,False,False,False,3.8,False
2024-05-31,Friday,5,2024-05-31 15:57,15,Cologne Hbf,Berlin Hbf,ICE,clear,False,False,False,1.0,False
2024-05-31,Friday,5,2024-05-31 16:58,16,Cologne Hbf,Bonn Hbf,RE,clear,True,False,False,2.7,False
2024-05-31,Friday,5,2024-05-31 18:08,18,Berlin Hbf,Hamburg Hbf,ICE,rain,False,True,False,8.1,True
2024-05-31,Friday,5,2024-05-31 18:10,18,Cologne Hbf,Bonn Hbf,RE,rain,False,True,False,5.9,True
2024-05-31,Friday,5,2024-05-31 19:03,19,Hamburg Hbf,Hannover Hbf,IC,clear,False,True,False,5.4,True
2024-05-31,Friday,5,2024-05-31 19:08,19,Frankfurt(Main) Hbf,Mainz Hbf,S-Bahn,rain,False,True,False,0.9,False
2024-06-01,Saturday,6,2024-06-01 05:09,5,Munich Hbf,Augsburg Hbf,RE,clear,True,False,True,2.2,False
2024-06-01,Saturday,6,2024-06-01 09:41,9,Cologne Hbf,Bonn Hbf,RE,clear,False,False,True,0.5,False
2024-06-01,Saturday,6,2024-06-01 10:12,10,Munich Hbf,Frankfurt(Main) Hbf,ICE,clear,True,False,True,6.7,True
2024-06-01,Saturday,6,2024-06-01 14:57,14,Hamburg Hbf,Hannover Hbf,IC,clear,False,False,True,1.0,False
2024-06-01,Saturday,6,2024-06-01 17:11,17,Berlin Hbf,Potsdam Hbf,S-Bahn,rain,False,True,True,5.4,True
2024-06-01,Saturday,6,2024-06-01 17:29,17,Berlin Hbf,Hamburg Hbf,ICE,storm,False,True,True,3.1,False
2024-06-01,Saturday,6,2024-06-01 18:24,18,Munich Hbf,Augsburg Hbf,RE,clear,False,True,True,3.4,False
2024-06-01,Saturday,6,2024-06-01 20:55,20,Munich Hbf,Frankfurt(Main) Hbf,ICE,clear,False,False,True,3.2,False
2024-06-02,Sunday,6,2024-06-02 05:13,5,Hamburg Hbf,Hannover Hbf,IC,clear,False,False,True,2.8,False
2024-06-02,Sunday,6,2024-06-02 05:23,5,Frankfurt(Main) Hbf,Stuttgart Hbf,IC,clear,False,False,True,1.8,False
2024-06-02,Sunday,6,2024-06-02 08:22,8,Leipzig Hbf,Dresden Hbf,RE,clear,False,True,True,4.5,False
2024-06-02,Sunday,6,2024-06-02 12:49,12,Hamburg Hbf,Hannover Hbf,IC,clear,False,False,True,1.6,False
2024-06-02,Sunday,6,2024-06-02 15:57,15,Berlin Hbf,Potsdam Hbf,S-Bahn,clear,True,False,True,0.1,False
2024-06-02,Sunday,6,2024-06-02 16:25,16,Frankfurt(Main) Hbf,Mainz Hbf,S-Bahn,rain,True,False,True,0.8,False
2024-06-02,Sunday,6,2024-06-02 17:27,17,Berlin Hbf,Hamburg Hbf,ICE,clear,True,True,True,5.4,True
2024-06-03,Monday,6,2024-06-03 09:07,9,Leipzig Hbf,Dresden Hbf,RE,clear,False,False,False,4.3,False
2024-06-03,Monday,6,2024-06-03 11:19,11,Cologne Hbf,Bonn Hbf,RE,storm,True,False,False,4.3,False
2024-06-03,Monday,6,2024-06-03 15:57,15,Frankfurt(Main) Hbf,Stuttgart Hbf,IC,clear,False,False,False,6.2,True
2024-06-03,Monday,6,2024-06-03 16:17,16,Cologne Hbf,Bonn Hbf,RE,clear,False,False,False,6.7,True
2024-06-03,Monday,6,2024-06-03 17:09,17,Cologne Hbf,Bonn Hbf,RE,clear,False,True,False,4.2,False
2024-06-03,Monday,6,2024-06-03 17:36,17,Berlin Hbf,Potsdam Hbf,S-Bahn,rain,True,True,False,3.9,False
2024-06-03,Monday,6,2024-06-03 17:55,17,Cologne Hbf,Bonn Hbf,RE,clear,False,True,False,1.7,False
2024-06-03,Monday,6,2024-06-03 19:38,19,Munich Hbf,Frankfurt(Main) Hbf,ICE,clear,False,True,False,8.0,True
2024-06-03,Monday,6,2024-06-03 20:16,20,Frankfurt(Main) Hbf,Mainz Hbf,S-Bahn,clear,False,False,False,3.7,False
2024-06-03,Monday,6,2024-06-03 22:16,22,Cologne Hbf,Berlin Hbf,ICE,clear,False,False,False,3.9,False
2024-06-04,Tuesday,6,2024-06-04 05:36,5,Berlin Hbf,Hamburg Hbf,ICE,storm,False,False,False,8.3,True
2024-06-04,Tuesday,6,2024-06-04 07:21,7,Munich Hbf,Frankfurt(Main) Hbf,ICE,clear,False,True,False,2.3,False
2024-06-04,Tuesday,6,2024-06-04 08:03,8,Leipzig Hbf,Dresden Hbf,RE,clear,False,True,False,0.8,False
2024-06-04,Tuesday,6,2024-06-04 08:15,8,Frankfurt(Main) Hbf,Mainz Hbf,S-Bahn,clear,False,True,False,1.6,False
2024-06-04,Tuesday,6,2024-06-04 13:35,13,Berlin Hbf,Potsdam Hbf,S-Bahn,clear,True,False,False,1.1,False
2024-06-04,Tuesday,6,2024-06-04 13:55,13,Frankfurt(Main) Hbf,Mainz Hbf,S-Bahn,storm,False,False,False,6.7,True
2024-06-04,Tuesday,6,2024-06-04 16:28,16,Berlin Hbf,Hamburg Hbf,ICE,clear,False,False,False,0.5,False
2024-06-04,Tuesday,6,2024-06-04 17:27,17,Munich Hbf,Augsburg Hbf,RE,clear,False,True,False,3.3,False
2024-06-04,Tuesday,6,2024-06-04 17:46,17,Leipzig Hbf,Dresden Hbf,RE,rain,False,True,False,3.2,False
2024-06-04,Tuesday,6,2024-06-04 18:29,18,Berlin Hbf,Potsdam Hbf,S-Bahn,clear,False,True,False,0.1,False
2024-06-04,Tuesday,6,2024-06-04 20:06,20,Hamburg Hbf,Hannover Hbf,IC,rain,False,False,False,3.9,False
2024-06-04,Tuesday,6,2024-06-04 22:39,22,Berlin Hbf,Hamburg Hbf,ICE,clear,False,False,False,3.4,False
2024-06-05,Wednesday,6,2024-06-05 07:37,7,Berlin Hbf,Potsdam Hbf,S-Bahn,rain,False,True,False,2.2,False
2024-06-05,Wednesday,6,2024-06-05 08:38,8,Berlin Hbf,Potsdam Hbf,S-Bahn,clear,False,True,False,4.6,False
2024-06-05,Wednesday,6,2024-06-05 10:18,10,Frankfurt(Main) Hbf,Mainz Hbf,S-Bahn,clear,True,False,False,0.9,False
2024-06-05,Wednesday,6,2024-06-05 11:15,11,Berlin Hbf,Potsdam Hbf,S-Bahn,rain,False,False,False,1.5,False
2024-06-05,Wednesday,6,2024-06-05 14:38,14,Hamburg Hbf,Hannover Hbf,IC,clear,False,False,False,1.4,False
2024-06-05,Wednesday,6,2024-06-05 15:00,15,Munich Hbf,Augsburg Hbf,RE,rain,False,False,False,1.5,False
2024-06-05,Wednesday,6,2024-06-05 19:46,19,Cologne Hbf,Bonn Hbf,RE,clear,False,True,False,5.0,False
2024-06-05,Wednesday,6,2024-06-05 20:35,20,Cologne Hbf,Berlin Hbf,ICE,clear,True,False,False,5.2,True
2024-06-05,Wednesday,6,2024-06-05 22:56,22,Hamburg Hbf,Hannover Hbf,IC,clear,False,False,False,5.8,True
2024-06-06,Thursday,6,2024-06-06 05:12,5,Leipzig Hbf,Dresden Hbf,RE,clear,False,False,False,3.1,False
2024-06-06,Thursday,6,2024-06-06 05:17,5,Hamburg Hbf,Hannover Hbf,IC,clear,False,False,False,0.7,False
2024-06-06,Thursday,6,2024-06-06 06:13,6,Munich Hbf,Frankfurt(Main) Hbf,ICE,clear,False,False,False,8.3,True
2024-06-06,Thursday,6,2024-06-06 08:49,8,Cologne Hbf,Bonn Hbf,RE,clear,False,True,False,1.6,False
2024-06-06,Thursday,6,2024-06-06 09:25,9,Berlin Hbf,Hamburg Hbf,ICE,rain,False,False,False,8.1,True
2024-06-06,Thursday,6,2024-06-06 13:01,13,Hamburg Hbf,Hannover Hbf,IC,rain,False,False,False,5.0,False
2024-06-06,Thursday,6,2024-06-06 17:01,17,Hamburg Hbf,Hannover Hbf,IC,clear,False,True,False,0.6,False
2024-06-06,Thursday,6,2024-06-06 18:04,18,Frankfurt(Main) Hbf,Mainz Hbf,S-Bahn,clear,False,True,False,0.5,False
2024-06-07,Friday,6,2024-06-07 06:20,6,Cologne Hbf,Bonn Hbf,RE,rain,False,False,False,0.4,False
2024-06-07,Friday,6,2024-06-07 06:42,6,Cologne Hbf,Berlin Hbf,ICE,rain,False,False,False,8.4,True
2024-06-07,Friday,6,2024-06-07 07:32,7,Hamburg Hbf,Hannover Hbf,IC,rain,False,True,False,4.9,False
2024-06-07,Friday,6,2024-06-07 08:53,8,Cologne Hbf,Berlin Hbf,ICE,storm,True,True,False,12.8,True
2024-06-07,Friday,6,2024-06-07 15:01,15,Leipzig Hbf,Dresden Hbf,RE,storm,False,False,False,2.3,False
2024-06-08,Saturday,6,2024-06-08 06:13,6,Berlin Hbf,Potsdam Hbf,S-Bahn,clear,False,False,True,6.8,True
2024-06-08,Saturday,6,2024-06-08 07:03,7,Cologne Hbf,Bonn Hbf,RE,clear,False,True,True,0.6,False
2024-06-08,Saturday,6,2024-06-08 07:37,7,Cologne Hbf,Berlin Hbf,ICE,clear,False,True,True,5.5,True
2024-06-08,Saturday,6,2024-06-08 07:55,7,Hamburg Hbf,Hannover Hbf,IC,clear,False,True,True,0.2,False
2024-06-08,Saturday,6,2024-06-08 08:32,8,Berlin Hbf,Potsdam Hbf,S-Bahn,rain,False,True,True,1.0,False
2024-06-08,Saturday,6,2024-06-08 08:35,8,Frankfurt(Main) Hbf,Stuttgart Hbf,IC,clear,True,True,True,7.3,True
2024-06-08,Saturday,6,2024-06-08 11:26,11,Cologne Hbf,Bonn Hbf,RE,clear,False,False,True,1.8,False
2024-06-08,Saturday,6,2024-06-08 17:17,17,Munich Hbf,Augsburg Hbf,RE,storm,False,True,True,2.7,False
2024-06-08,Saturday,6,2024-06-08 18:45,18,Cologne Hbf,Berlin Hbf,ICE,rain,False,True,True,3.8,False
2024-06-08,Saturday,6,2024-06-08 19:22,19,Berlin Hbf,Hamburg Hbf,ICE,clear,False,True,True,2.6,False
2024-06-08,Saturday,6,2024-06-08 21:07,21,Munich Hbf,Frankfurt(Main) Hbf,ICE,clear,False,False,True,2.5,False
2024-06-08,Saturday,6,2024-06-08 22:01,22,Cologne Hbf,Berlin Hbf,ICE,clear,False,False,True,1.5,False
2024-06-09,Sunday,6,2024-06-09 05:58,5,Hamburg Hbf,Hannover Hbf,IC,clear,False,False,True,3.3,False
2024-06-09,Sunday,6,2024-06-09 07:16,7,Munich Hbf,Frankfurt(Main) Hbf,ICE,clear,False,True,True,2.7,False
2024-06-09,Sunday,6,2024-06-09 08:27,8,Munich Hbf,Frankfurt(Main) Hbf,ICE,clear,False,True,True,4.4,False
2024-06-09,Sunday,6,2024-06-09 08:34,8,Munich Hbf,Frankfurt(Main) Hbf,ICE,clear,False,True,True,8.9,True
2024-06-09,Sunday,6,2024-06-09 08:55,8,Leipzig Hbf,Dresden Hbf,RE,clear,False,True,True,0.2,False
2024-06-09,Sunday,6,2024-06-09 08:56,8,Berlin Hbf,Hamburg Hbf,ICE,storm,False,True,True,5.7,True
2024-06-09,Sunday,6,2024-06-09 09:37,9,Cologne Hbf,Bonn Hbf,RE,clear,True,False,True,2.1,False
2024-06-09,Sunday,6,2024-06-09 11:52,11,Berlin Hbf,Hamburg Hbf,ICE,clear,False,False,True,0.4,False
2024-06-09,Sunday,6,2024-06-09 14:07,14,Frankfurt(Main) Hbf,Mainz Hbf,S-Bahn,rain,False,False,True,0.5,False
2024-06-09,Sunday,6,2024-06-09 17:21,17,Frankfurt(Main) Hbf,Mainz Hbf,S-Bahn,clear,True,True,True,2.8,False
2024-06-09,Sunday,6,2024-06-09 17:38,17,Leipzig Hbf,Dresden Hbf,RE,rain,False,True,True,2.1,False
2024-06-09,Sunday,6,2024-06-09 17:54,17,Munich Hbf,Augsburg Hbf,RE,clear,False,True,True,1.9,False
2024-06-10,Monday,6,2024-06-10 07:54,7,Leipzig Hbf,Dresden Hbf,RE,clear,False,True,False,0.7,False
2024-06-10,Monday,6,2024-06-10 08:50,8,Berlin Hbf,Potsdam Hbf,S-Bahn,clear,False,True,False,1.7,False
2024-06-10,Monday,6,2024-06-10 08:59,8,Berlin Hbf,Hamburg Hbf,ICE,clear,False,True,False,3.1,False
2024-06-10,Monday,6,2024-06-10 09:44,9,Cologne Hbf,Berlin Hbf,ICE,clear,True,False,False,4.9,False
2024-06-10,Monday,6,2024-06-10 14:20,14,Munich Hbf,Augsburg Hbf,RE,clear,False,False,False,0.4,False
2024-06-10,Monday,6,2024-06-10 15:05,15,Leipzig Hbf,Dresden Hbf,RE,clear,True,False,False,2.7,False
2024-06-10,Monday,6,2024-06-10 20:02,20,Hamburg Hbf,Hannover Hbf,IC,clear,False,False,False,0.7,False
2024-06-10,Monday,6,2024-06-10 22:03,22,Cologne Hbf,Berlin Hbf,ICE,clear,False,False,False,4.0,False
2024-06-11,Tuesday,6,2024-06-11 06:24,6,Cologne Hbf,Bonn Hbf,RE,clear,False,False,False,0.3,False
2024-06-11,Tuesday,6,2024-06-11 08:40,8,Leipzig Hbf,Dresden Hbf,RE,clear,False,True,False,10.2,True
2024-06-11,Tuesday,6,2024-06-11 11:31,11,Frankfurt(Main) Hbf,Stuttgart Hbf,IC,clear,False,False,False,4.3,False
2024-06-11,Tuesday,6,2024-06-11 12:18,12,Cologne Hbf,Bonn Hbf,RE,clear,False,False,False,2.3,False
2024-06-11,Tuesday,6,2024-06-11 14:28,14,Cologne Hbf,Berlin Hbf,ICE,rain,True,False,False,13.8,True
2024-06-11,Tuesday,6,2024-06-11 14:36,14,Munich Hbf,Augsburg Hbf,RE,storm,True,False,False,2.4,False
2024-06-11,Tuesday,6,2024-06-11 18:20,18,Munich Hbf,Frankfurt(Main) Hbf,ICE,rain,False,True,False,11.2,True
2024-06-11,Tuesday,6,2024-06-11 20:49,20,Leipzig Hbf,Dresden Hbf,RE,clear,False,False,False,5.5,True
2024-06-12,Wednesday,6,2024-06-12 06:36,6,Hamburg Hbf,Hannover Hbf,IC,clear,False,False,False,3.3,False
2024-06-12,Wednesday,6,2024-06-12 07:15,7,Berlin Hbf,Potsdam Hbf,S-Bahn,clear,False,True,False,4.1,False
2024-06-12,Wednesday,6,2024-06-12 07:19,7,Cologne Hbf,Bonn Hbf,RE,rain,False,True,False,1.1,False
2024-06-12,Wednesday,6,2024-06-12 08:16,8,Berlin Hbf,Potsdam Hbf,S-Bahn,clear,False,True,False,1.2,False
2024-06-12,Wednesday,6,2024-06-12 10:03,10,Leipzig Hbf,Dresden Hbf,RE,storm,False,False,False,1.7,False
2024-06-12,Wednesday,6,2024-06-12 10:14,10,Berlin Hbf,Hamburg Hbf,ICE,rain,False,False,False,3.1,False
2024-06-12,Wednesday,6,2024-06-12 10:23,10,Frankfurt(Main) Hbf,Stuttgart Hbf,IC,clear,True,False,False,8.6,True
2024-06-12,Wednesday,6,2024-06-12 10:42,10,Cologne Hbf,Berlin Hbf,ICE,rain,False,False,False,9.6,True
2024-06-12,Wednesday,6,2024-06-12 16:21,16,Cologne Hbf,Bonn Hbf,RE,rain,False,False,False,0.7,False
2024-06-12,Wednesday,6,2024-06-12 16:39,16,Leipzig Hbf,Dresden Hbf,RE,storm,False,False,False,0.8,False
2024-06-12,Wednesday,6,2024-06-12 20:26,20,Leipzig Hbf,Dresden Hbf,RE,clear,True,False,False,4.4,False
2024-06-12,Wednesday,6,2024-06-12 22:06,22,Cologne Hbf,Bonn Hbf,RE,rain,False,False,False,1.8,False
2024-06-12,Wednesday,6,2024-06-12 22:48,22,Munich Hbf,Frankfurt(Main) Hbf,ICE,clear,False,False,False,5.0,False
2024-06-12,Wednesday,6,2024-06-12 22:57,22,Munich Hbf,Frankfurt(Main) Hbf,ICE,rain,False,False,False,7.3,True
2024-06-13,Thursday,6,2024-06-13 05:32,5,Frankfurt(Main) Hbf,Stuttgart Hbf,IC,storm,False,False,False,14.5,True
2024-06-13,Thursday,6,2024-06-13 07:30,7,Cologne Hbf,Berlin Hbf,ICE,clear,True,True,False,5.4,True
2024-06-13,Thursday,6,2024-06-13 07:57,7,Frankfurt(Main) Hbf,Stuttgart Hbf,IC,clear,False,True,False,3.0,False
2024-06-13,Thursday,6,2024-06-13 08:35,8,Cologne Hbf,Bonn Hbf,RE,clear,False,True,False,40.7,True
2024-06-13,Thursday,6,2024-06-13 08:40,8,Cologne Hbf,Bonn Hbf,RE,storm,False,True,False,3.9,False
2024-06-13,Thursday,6,2024-06-13 09:42,9,Cologne Hbf,Bonn Hbf,RE,clear,False,False,False,2.7,False
2024-06-13,Thursday,6,2024-06-13 09:57,9,Leipzig Hbf,Dresden Hbf,RE,clear,True,False,False,2.3,False
2024-06-13,Thursday,6,2024-06-13 12:15,12,Leipzig Hbf,Dresden Hbf,RE,clear,False,False,False,1.5,False
2024-06-13,Thursday,6,2024-06-13 13:37,13,Cologne Hbf,Berlin Hbf,ICE,storm,False,False,False,7.2,True
2024-06-13,Thursday,6,2024-06-13 13:49,13,Cologne Hbf,Berlin Hbf,ICE,clear,False,False,False,2.5,False
2024-06-13,Thursday,6,2024-06-13 14:41,14,Cologne Hbf,Berlin Hbf,ICE,rain,False,False,False,6.7,True
2024-06-13,Thursday,6,2024-06-13 18:34,18,Munich Hbf,Augsburg Hbf,RE,rain,False,True,False,0.7,False
2024-06-13,Thursday,6,2024-06-13 20:03,20,Munich Hbf,Frankfurt(Main) Hbf,ICE,clear,False,False,False,3.4,False
2024-06-13,Thursday,6,2024-06-13 20:13,20,Hamburg Hbf,Hannover Hbf,IC,clear,True,False,False,6.0,True
2024-06-13,Thursday,6,2024-06-13 20:38,20,Hamburg Hbf,Hannover Hbf,IC,clear,False,False,False,0.4,False
2024-06-14,Friday,6,2024-06-14 06:33,6,Leipzig Hbf,Dresden Hbf,RE,storm,False,False,False,8.2,True
2024-06-14,Friday,6,2024-06-14 06:40,6,Cologne Hbf,Bonn Hbf,RE,clear,False,False,False,0.4,False
2024-06-14,Friday,6,2024-06-14 06:50,6,Cologne Hbf,Bonn Hbf,RE,clear,False,False,False,6.0,True
2024-06-14,Friday,6,2024-06-14 07:54,7,Hamburg Hbf,Hannover Hbf,IC,clear,True,True,False,3.5,False
2024-06-14,Friday,6,2024-06-14 08:32,8,Munich Hbf,Frankfurt(Main) Hbf,ICE,clear,False,True,False,7.9,True
2024-06-14,Friday,6,2024-06-14 09:25,9,Berlin Hbf,Hamburg Hbf,ICE,clear,False,False,False,3.7,False
2024-06-14,Friday,6,2024-06-14 12:45,12,Hamburg Hbf,Hannover Hbf,IC,rain,False,False,False,3.7,False
2024-06-14,Friday,6,2024-06-14 13:19,13,Berlin Hbf,Potsdam Hbf,S-Bahn,clear,False,False,False,1.7,False
2024-06-14,Friday,6,2024-06-14 13:23,13,Berlin Hbf,Hamburg Hbf,ICE,storm,False,False,False,8.2,True
2024-06-14,Friday,6,2024-06-14 19:10,19,Berlin Hbf,Potsdam Hbf,S-Bahn,clear,False,True,False,7.0,True
2024-06-15,Saturday,6,2024-06-15 07:33,7,Berlin Hbf,Potsdam Hbf,S-Bahn,rain,False,True,True,0.3,False
2024-06-15,Saturday,6,2024-06-15 09:27,9,Berlin Hbf,Potsdam Hbf,S-Bahn,rain,False,False,True,26.7,True
2024-06-15,Saturday,6,2024-06-15 09:42,9,Frankfurt(Main) Hbf,Mainz Hbf,S-Bahn,clear,False,False,True,0.3,False
2024-06-15,Saturday,6,2024-06-15 11:07,11,Frankfurt(Main) Hbf,Mainz Hbf,S-Bahn,clear,False,False,True,1.2,False
2024-06-15,Saturday,6,2024-06-15 13:02,13,Frankfurt(Main) Hbf,Stuttgart Hbf,IC,clear,False,False,True,2.7,False
2024-06-15,Saturday,6,2024-06-15 13:14,13,Leipzig Hbf,Dresden Hbf,RE,storm,False,False,True,0.5,False
2024-06-15,Saturday,6,2024-06-15 17:17,17,Leipzig Hbf,Dresden Hbf,RE,clear,False,True,True,0.9,False
2024-06-15,Saturday,6,2024-06-15 17:25,17,Frankfurt(Main) Hbf,Stuttgart Hbf,IC,clear,False,True,True,3.8,False
2024-06-15,Saturday,6,2024-06-15 17:42,17,Cologne Hbf,Berlin Hbf,ICE,rain,False,True,True,3.3,False
2024-06-16,Sunday,6,2024-06-16 07:13,7,Leipzig Hbf,Dresden Hbf,RE,clear,False,True,True,1.9,False
2024-06-16,Sunday,6,2024-06-16 07:55,7,Cologne Hbf,Bonn Hbf,RE,clear,True,True,True,0.2,False
2024-06-16,Sunday,6,2024-06-16 08:16,8,Leipzig Hbf,Dresden Hbf,RE,rain,False,True,True,2.3,False
2024-06-16,Sunday,6,2024-06-16 08:44,8,Frankfurt(Main) Hbf,Mainz Hbf,S-Bahn,rain,False,True,True,1.0,False
2024-06-16,Sunday,6,2024-06-16 10:42,10,Leipzig Hbf,Dresden Hbf,RE,storm,True,False,True,6.6,True
2024-06-16,Sunday,6,2024-06-16 14:44,14,Frankfurt(Main) Hbf,Mainz Hbf,S-Bahn,clear,True,False,True,1.6,False
2024-06-16,Sunday,6,2024-06-16 16:16,16,Leipzig Hbf,Dresden Hbf,RE,clear,False,False,True,3.8,False
2024-06-16,Sunday,6,2024-06-16 17:33,17,Munich Hbf,Augsburg Hbf,RE,clear,True,True,True,4.8,False
2024-06-16,Sunday,6,2024-06-16 18:41,18,Munich Hbf,Frankfurt(Main) Hbf,ICE,clear,False,True,True,9.7,True
2024-06-16,Sunday,6,2024-06-16 19:21,19,Leipzig Hbf,Dresden Hbf,RE,clear,False,True,True,64.7,True
2024-06-16,Sunday,6,2024-06-16 19:45,19,Leipzig Hbf,Dresden Hbf,RE,clear,False,True,True,3.2,False
2024-06-16,Sunday,6,2024-06-16 21:50,21,Berlin Hbf,Hamburg Hbf,ICE,clear,False,False,True,4.8,False
2024-06-16,Sunday,6,2024-06-16 22:25,22,Frankfurt(Main) Hbf,Stuttgart Hbf,IC,rain,False,False,True,1.6,False
2024-06-17,Monday,6,2024-06-17 11:11,11,Cologne Hbf,Bonn Hbf,RE,clear,False,False,False,6.1,True
2024-06-17,Monday,6,2024-06-17 13:09,13,Hamburg Hbf,Hannover Hbf,IC,clear,False,False,False,3.4,False
2024-06-17,Monday,6,2024-06-17 13:10,13,Berlin Hbf,Hamburg Hbf,ICE,storm,False,False,False,6.7,True
2024-06-17,Monday,6,2024-06-17 13:28,13,Cologne Hbf,Berlin Hbf,ICE,rain,True,False,False,5.3,True
2024-06-17,Monday,6,2024-06-17 14:04,14,Munich Hbf,Frankfurt(Main) Hbf,ICE,rain,False,False,False,4.9,False
2024-06-17,Monday,6,2024-06-17 14:10,14,Frankfurt(Main) Hbf,Mainz Hbf,S-Bahn,storm,False,False,False,2.7,False
2024-06-17,Monday,6,2024-06-17 14:46,14,Leipzig Hbf,Dresden Hbf,RE,clear,False,False,False,0.9,False
2024-06-17,Monday,6,2024-06-17 15:50,15,Munich Hbf,Frankfurt(Main) Hbf,ICE,clear,False,False,False,0.9,False
2024-06-17,Monday,6,2024-06-17 16:09,16,Munich Hbf,Frankfurt(Main) Hbf,ICE,clear,False,False,False,7.1,True
2024-06-17,Monday,6,2024-06-17 17:00,17,Frankfurt(Main) Hbf,Stuttgart Hbf,IC,rain,False,True,False,6.1,True
2024-06-17,Monday,6,2024-06-17 18:02,18,Leipzig Hbf,Dresden Hbf,RE,storm,False,True,False,2.6,False
2024-06-17,Monday,6,2024-06-17 18:13,18,Munich Hbf,Frankfurt(Main) Hbf,ICE,clear,False,True,False,7.5,True
2024-06-17,Monday,6,2024-06-17 18:47,18,Frankfurt(Main) Hbf,Stuttgart Hbf,IC,clear,False,True,False,4.6,False
2024-06-17,Monday,6,2024-06-17 18:53,18,Frankfurt(Main) Hbf,Stuttgart Hbf,IC,rain,False,True,False,2.9,False
2024-06-18,Tuesday,6,2024-06-18 05:36,5,Cologne Hbf,Berlin Hbf,ICE,clear,False,False,False,4.2,False
2024-06-18,Tuesday,6,2024-06-18 11:43,11,Cologne Hbf,Berlin Hbf,ICE,clear,False,False,False,5.0,False
2024-06-18,Tuesday,6,2024-06-18 12:46,12,Frankfurt(Main) Hbf,Stuttgart Hbf,IC,clear,True,False,False,7.1,True
2024-06-18,Tuesday,6,2024-06-18 13:10,13,Munich Hbf,Frankfurt(Main) Hbf,ICE,clear,False,False,False,2.3,False
2024-06-18,Tuesday,6,2024-06-18 15:12,15,Munich Hbf,Frankfurt(Main) Hbf,ICE,clear,False,False,False,4.2,False
2024-06-18,Tuesday,6,2024-06-18 16:43,16,Munich Hbf,Augsburg Hbf,RE,clear,True,False,False,0.5,False
2024-06-18,Tuesday,6,2024-06-18 17:18,17,Berlin Hbf,Potsdam Hbf,S-Bahn,clear,False,True,False,1.3,False
2024-06-18,Tuesday,6,2024-06-18 17:40,17,Frankfurt(Main) Hbf,Mainz Hbf,S-Bahn,clear,False,True,False,2.5,False
2024-06-18,Tuesday,6,2024-06-18 18:37,18,Berlin Hbf,Hamburg Hbf,ICE,clear,True,True,False,15.6,True
2024-06-18,Tuesday,6,2024-06-18 20:43,20,Frankfurt(Main) Hbf,Stuttgart Hbf,IC,rain,False,False,False,2.6,False
2024-06-19,Wednesday,6,2024-06-19 06:14,6,Berlin Hbf,Hamburg Hbf,ICE,clear,False,False,False,3.7,False
2024-06-19,Wednesday,6,2024-06-19 07:07,7,Munich Hbf,Augsburg Hbf,RE,clear,False,True,False,1.1,False
2024-06-19,Wednesday,6,2024-06-19 08:12,8,Frankfurt(Main) Hbf,Stuttgart Hbf,IC,rain,False,True,False,2.8,False
2024-06-19,Wednesday,6,2024-06-19 10:47,10,Cologne Hbf,Berlin Hbf,ICE,clear,False,False,False,2.6,False
2024-06-19,Wednesday,6,2024-06-19 14:22,14,Hamburg Hbf,Hannover Hbf,IC,rain,False,False,False,2.4,False
2024-06-19,Wednesday,6,2024-06-19 16:49,16,Cologne Hbf,Berlin Hbf,ICE,clear,False,False,False,3.9,False
2024-06-19,Wednesday,6,2024-06-19 17:19,17,Frankfurt(Main) Hbf,Stuttgart Hbf,IC,clear,False,True,False,1.1,False
2024-06-19,Wednesday,6,2024-06-19 17:26,17,Leipzig Hbf,Dresden Hbf,RE,storm,False,True,False,4.2,False
2024-06-19,Wednesday,6,2024-06-19 17:37,17,Frankfurt(Main) Hbf,Mainz Hbf,S-Bahn,storm,False,True,False,2.7,False
2024-06-19,Wednesday,6,2024-06-19 19:16,19,Munich Hbf,Frankfurt(Main) Hbf,ICE,storm,False,True,False,3.5,False
2024-06-20,Thursday,6,2024-06-20 05:54,5,Frankfurt(Main) Hbf,Mainz Hbf,S-Bahn,storm,False,False,False,1.3,False
2024-06-20,Thursday,6,2024-06-20 07:27,7,Munich Hbf,Augsburg Hbf,RE,rain,False,True,False,1.1,False
2024-06-20,Thursday,6,2024-06-20 07:59,7,Munich Hbf,Frankfurt(Main) Hbf,ICE,clear,False,True,False,4.4,False
2024-06-20,Thursday,6,2024-06-20 08:07,8,Munich Hbf,Frankfurt(Main) Hbf,ICE,storm,False,True,False,8.8,True
2024-06-20,Thursday,6,2024-06-20 14:22,14,Berlin Hbf,Potsdam Hbf,S-Bahn,clear,False,False,False,3.9,False
2024-06-20,Thursday,6,2024-06-20 15:16,15,Cologne Hbf,Bonn Hbf,RE,clear,False,False,False,1.0,False
2024-06-20,Thursday,6,2024-06-20 20:31,20,Munich Hbf,Frankfurt(Main) Hbf,ICE,storm,True,False,False,20.9,True
2024-06-21,Friday,6,2024-06-21 05:58,5,Cologne Hbf,Bonn Hbf,RE,storm,False,False,False,2.3,False
2024-06-21,Friday,6,2024-06-21 08:29,8,Cologne Hbf,Bonn Hbf,RE,rain,False,True,False,1.9,False
2024-06-21,Friday,6,2024-06-21 10:45,10,Munich Hbf,Frankfurt(Main) Hbf,ICE,clear,False,False,False,2.4,False
2024-06-21,Friday,6,2024-06-21 11:06,11,Berlin Hbf,Potsdam Hbf,S-Bahn,clear,False,False,False,0.9,False
2024-06-21,Friday,6,2024-06-21 16:15,16,Munich Hbf,Frankfurt(Main) Hbf,ICE,rain,False,False,False,7.5,True
2024-06-21,Friday,6,2024-06-21 16:43,16,Cologne Hbf,Bonn Hbf,RE,clear,True,False,False,3.7,False
2024-06-21,Friday,6,2024-06-21 17:28,17,Berlin Hbf,Potsdam Hbf,S-Bahn,rain,False,True,False,1.4,False
2024-06-21,Friday,6,2024-06-21 17:40,17,Munich Hbf,Frankfurt(Main) Hbf,ICE,clear,False,True,False,4.4,False
2024-06-21,Friday,6,2024-06-21 17:48,17,Berlin Hbf,Hamburg Hbf,ICE,storm,False,True,False,9.0,True
2024-06-21,Friday,6,2024-06-21 18:28,18,Munich Hbf,Frankfurt(Main) Hbf,ICE,clear,True,True,False,6.0,True
2024-06-22,Saturday,6,2024-06-22 06:02,6,Frankfurt(Main) Hbf,Stuttgart Hbf,IC,clear,False,False,True,1.8,False
2024-06-22,Saturday,6,2024-06-22 07:07,7,Berlin Hbf,Potsdam Hbf,S-Bahn,storm,True,True,True,4.0,False
2024-06-22,Saturday,6,2024-06-22 08:48,8,Frankfurt(Main) Hbf,Mainz Hbf,S-Bahn,clear,False,True,True,2.1,False
2024-06-22,Saturday,6,2024-06-22 09:29,9,Munich Hbf,Frankfurt(Main) Hbf,ICE,rain,False,False,True,4.1,False
2024-06-22,Saturday,6,2024-06-22 09:33,9,Munich Hbf,Frankfurt(Main) Hbf,ICE,clear,False,False,True,5.2,True
2024-06-22,Saturday,6,2024-06-22 10:14,10,Frankfurt(Main) Hbf,Mainz Hbf,S-Bahn,rain,True,False,True,0.3,False
2024-06-22,Saturday,6,2024-06-22 11:42,11,Berlin Hbf,Potsdam Hbf,S-Bahn,clear,False,False,True,2.1,False
2024-06-22,Saturday,6,2024-06-22 11:42,11,Hamburg Hbf,Hannover Hbf,IC,rain,False,False,True,1.2,False
2024-06-22,Saturday,6,2024-06-22 12:14,12,Frankfurt(Main) Hbf,Stuttgart Hbf,IC,clear,True,False,True,3.8,False
2024-06-22,Saturday,6,2024-06-22 12:27,12,Hamburg Hbf,Hannover Hbf,IC,rain,True,False,True,5.7,True
2024-06-22,Saturday,6,2024-06-22 15:45,15,Berlin Hbf,Hamburg Hbf,ICE,clear,False,False,True,3.6,False
2024-06-22,Saturday,6,2024-06-22 16:57,16,Cologne Hbf,Berlin Hbf,ICE,clear,True,False,True,3.2,False
2024-06-22,Saturday,6,2024-06-22 17:28,17,Leipzig Hbf,Dresden Hbf,RE,rain,False,True,True,1.9,False
2024-06-22,Saturday,6,2024-06-22 18:17,18,Frankfurt(Main) Hbf,Mainz Hbf,S-Bahn,clear,False,True,True,0.8,False
2024-06-22,Saturday,6,2024-06-22 19:24,19,Berlin Hbf,Potsdam Hbf,S-Bahn,rain,False,True,True,6.6,True
2024-06-22,Saturday,6,2024-06-22 20:33,20,Munich Hbf,Frankfurt(Main) Hbf,ICE,rain,False,False,True,5.8,True
2024-06-22,Saturday,6,2024-06-22 20:35,20,Frankfurt(Main) Hbf,Mainz Hbf,S-Bahn,rain,False,False,True,0.6,False
2024-06-23,Sunday,6,2024-06-23 06:07,6,Hamburg Hbf,Hannover Hbf,IC,clear,False,False,True,1.8,False
2024-06-23,Sunday,6,2024-06-23 09:48,9,Munich Hbf,Augsburg Hbf,RE,clear,False,False,True,2.2,False
2024-06-23,Sunday,6,2024-06-23 10:02,10,Munich Hbf,Frankfurt(Main) Hbf,ICE,clear,True,False,True,2.9,False
2024-06-23,Sunday,6,2024-06-23 11:56,11,Berlin Hbf,Potsdam Hbf,S-Bahn,clear,False,False,True,8.6,True
2024-06-23,Sunday,6,2024-06-23 11:58,11,Munich Hbf,Augsburg Hbf,RE,clear,False,False,True,1.3,False
2024-06-23,Sunday,6,2024-06-23 13:25,13,Frankfurt(Main) Hbf,Mainz Hbf,S-Bahn,clear,False,False,True,2.0,False
2024-06-23,Sunday,6,2024-06-23 17:08,17,Berlin Hbf,Potsdam Hbf,S-Bahn,clear,True,True,True,0.8,False
2024-06-23,Sunday,6,2024-06-23 17:11,17,Leipzig Hbf,Dresden Hbf,RE,storm,False,True,True,4.4,False
2024-06-23,Sunday,6,2024-06-23 20:09,20,Berlin Hbf,Potsdam Hbf,S-Bahn,clear,False,False,True,3.8,False
2024-06-23,Sunday,6,2024-06-23 22:57,22,Berlin Hbf,Hamburg Hbf,ICE,clear,False,False,True,4.8,False
2024-06-24,Monday,6,2024-06-24 05:37,5,Hamburg Hbf,Hannover Hbf,IC,storm,False,False,False,3.2,False
2024-06-24,Monday,6,2024-06-24 08:18,8,Berlin Hbf,Potsdam Hbf,S-Bahn,clear,False,True,False,1.4,False
2024-06-24,Monday,6,2024-06-24 14:02,14,Munich Hbf,Frankfurt(Main) Hbf,ICE,clear,False,False,False,3.2,False
2024-06-24,Monday,6,2024-06-24 18:16,18,Leipzig Hbf,Dresden Hbf,RE,rain,False,True,False,4.0,False
2024-06-25,Tuesday,6,2024-06-25 07:24,7,Leipzig Hbf,Dresden Hbf,RE,rain,False,True,False,2.0,False
2024-06-25,Tuesday,6,2024-06-25 07:26,7,Frankfurt(Main) Hbf,Mainz Hbf,S-Bahn,clear,False,True,False,4.1,False
2024-06-25,Tuesday,6,2024-06-25 08:29,8,Munich Hbf,Augsburg Hbf,RE,storm,False,True,False,3.2,False
2024-06-25,Tuesday,6,2024-06-25 09:22,9,Berlin Hbf,Potsdam Hbf,S-Bahn,rain,True,False,False,1.3,False
2024-06-25,Tuesday,6,2024-06-25 11:31,11,Munich Hbf,Frankfurt(Main) Hbf,ICE,clear,True,False,False,6.4,True
2024-06-25,Tuesday,6,2024-06-25 13:22,13,Berlin Hbf,Hamburg Hbf,ICE,rain,False,False,False,69.2,True
2024-06-25,Tuesday,6,2024-06-25 14:48,14,Munich Hbf,Augsburg Hbf,RE,clear,False,False,False,0.1,False
2024-06-25,Tuesday,6,2024-06-25 17:38,17,Munich Hbf,Augsburg Hbf,RE,rain,False,True,False,5.0,False
2024-06-25,Tuesday,6,2024-06-25 19:58,19,Leipzig Hbf,Dresden Hbf,RE,clear,False,True,False,1.5,False
2024-06-26,Wednesday,6,2024-06-26 06:36,6,Frankfurt(Main) Hbf,Mainz Hbf,S-Bahn,clear,False,False,False,6.0,True
2024-06-26,Wednesday,6,2024-06-26 08:55,8,Leipzig Hbf,Dresden Hbf,RE,clear,False,True,False,0.4,False
2024-06-26,Wednesday,6,2024-06-26 09:48,9,Leipzig Hbf,Dresden Hbf,RE,clear,False,False,False,0.9,False
2024-06-26,Wednesday,6,2024-06-26 16:53,16,Cologne Hbf,Bonn Hbf,RE,rain,False,False,False,2.2,False
2024-06-26,Wednesday,6,2024-06-26 18:17,18,Leipzig Hbf,Dresden Hbf,RE,clear,True,True,False,7.6,True
2024-06-26,Wednesday,6,2024-06-26 18:27,18,Frankfurt(Main) Hbf,Mainz Hbf,S-Bahn,clear,False,True,False,1.0,False
2024-06-26,Wednesday,6,2024-06-26 20:29,20,Munich Hbf,Augsburg Hbf,RE,clear,True,False,False,6.5,True
2024-06-27,Thursday,6,2024-06-27 05:54,5,Berlin Hbf,Hamburg Hbf,ICE,rain,False,False,False,15.9,True
2024-06-27,Thursday,6,2024-06-27 07:00,7,Munich Hbf,Augsburg Hbf,RE,clear,False,True,False,0.0,False
2024-06-27,Thursday,6,2024-06-27 08:50,8,Leipzig Hbf,Dresden Hbf,RE,clear,False,True,False,5.0,False
2024-06-27,Thursday,6,2024-06-27 09:06,9,Cologne Hbf,Bonn Hbf,RE,clear,True,False,False,3.5,False
2024-06-27,Thursday,6,2024-06-27 13:41,13,Berlin Hbf,Hamburg Hbf,ICE,clear,False,False,False,2.1,False
2024-06-27,Thursday,6,2024-06-27 13:57,13,Leipzig Hbf,Dresden Hbf,RE,rain,False,False,False,1.8,False
2024-06-27,Thursday,6,2024-06-27 14:13,14,Frankfurt(Main) Hbf,Mainz Hbf,S-Bahn,clear,True,False,False,1.6,False
2024-06-27,Thursday,6,2024-06-27 14:41,14,Cologne Hbf,Berlin Hbf,ICE,clear,False,False,False,14.7,True
2024-06-27,Thursday,6,2024-06-27 17:59,17,Cologne Hbf,Bonn Hbf,RE,rain,False,True,False,7.1,True
2024-06-27,Thursday,6,2024-06-27 18:48,18,Berlin Hbf,Hamburg Hbf,ICE,clear,False,True,False,1.5,False
2024-06-27,Thursday,6,2024-06-27 18:59,18,Cologne Hbf,Bonn Hbf,RE,rain,True,True,False,2.8,False
2024-06-27,Thursday,6,2024-06-27 19:03,19,Frankfurt(Main) Hbf,Mainz Hbf,S-Bahn,storm,False,True,False,0.8,False
2024-06-27,Thursday,6,2024-06-27 19:28,19,Leipzig Hbf,Dresden Hbf,RE,storm,False,True,False,1.8,False
2024-06-28,Friday,6,2024-06-28 05:41,5,Frankfurt(Main) Hbf,Stuttgart Hbf,IC,clear,False,False,False,4.1,False
2024-06-28,Friday,6,2024-06-28 07:41,7,Munich Hbf,Frankfurt(Main) Hbf,ICE,clear,False,True,False,2.9,False
2024-06-28,Friday,6,2024-06-28 08:27,8,Munich Hbf,Augsburg Hbf,RE,storm,False,True,False,4.6,False
2024-06-28,Friday,6,2024-06-28 10:41,10,Berlin Hbf,Potsdam Hbf,S-Bahn,clear,True,False,False,0.9,False
2024-06-28,Friday,6,2024-06-28 11:20,11,Berlin Hbf,Potsdam Hbf,S-Bahn,clear,False,False,False,2.3,False
2024-06-28,Friday,6,2024-06-28 14:51,14,Cologne Hbf,Berlin Hbf,ICE,clear,True,False,False,8.2,True
2024-06-28,Friday,6,2024-06-28 15:09,15,Cologne Hbf,Berlin Hbf,ICE,storm,False,False,False,7.9,True
2024-06-28,Friday,6,2024-06-28 15:48,15,Leipzig Hbf,Dresden Hbf,RE,clear,False,False,False,0.7,False
2024-06-28,Friday,6,2024-06-28 16:49,16,Berlin Hbf,Hamburg Hbf,ICE,clear,False,False,False,5.5,True
2024-06-28,Friday,6,2024-06-28 17:35,17,Leipzig Hbf,Dresden Hbf,RE,clear,False,True,False,2.9,False
2024-06-28,Friday,6,2024-06-28 17:50,17,Berlin Hbf,Potsdam Hbf,S-Bahn,clear,True,True,False,5.7,True
2024-06-28,Friday,6,2024-06-28 18:04,18,Berlin Hbf,Potsdam Hbf,S-Bahn,rain,False,True,False,0.9,False
2024-06-28,Friday,6,2024-06-28 22:59,22,Frankfurt(Main) Hbf,Stuttgart Hbf,IC,rain,False,False,False,4.6,False
2024-06-29,Saturday,6,2024-06-29 06:26,6,Frankfurt(Main) Hbf,Stuttgart Hbf,IC,clear,False,False,True,0.1,False
2024-06-29,Saturday,6,2024-06-29 06:47,6,Leipzig Hbf,Dresden Hbf,RE,clear,False,False,True,0.9,False
2024-06-29,Saturday,6,2024-06-29 07:17,7,Frankfurt(Main) Hbf,Mainz Hbf,S-Bahn,clear,True,True,True,3.6,False
2024-06-29,Saturday,6,2024-06-29 08:25,8,Munich Hbf,Augsburg Hbf,RE,rain,True,True,True,3.3,False
2024-06-29,Saturday,6,2024-06-29 08:57,8,Berlin Hbf,Hamburg Hbf,ICE,clear,False,True,True,1.8,False
2024-06-29,Saturday,6,2024-06-29 11:14,11,Berlin Hbf,Hamburg Hbf,ICE,clear,False,False,True,4.7,False
2024-06-29,Saturday,6,2024-06-29 14:51,14,Berlin Hbf,Potsdam Hbf,S-Bahn,storm,False,False,True,1.4,False
2024-06-29,Saturday,6,2024-06-29 17:46,17,Berlin Hbf,Potsdam Hbf,S-Bahn,rain,False,True,True,0.5,False
2024-06-29,Saturday,6,2024-06-29 19:41,19,Frankfurt(Main) Hbf,Mainz Hbf,S-Bahn,clear,True,True,True,1.1,False
2024-06-30,Sunday,6,2024-06-30 07:05,7,Cologne Hbf,Bonn Hbf,RE,clear,True,True,True,2.9,False
2024-06-30,Sunday,6,2024-06-30 08:13,8,Munich Hbf,Frankfurt(Main) Hbf,ICE,clear,False,True,True,3.8,False
2024-06-30,Sunday,6,2024-06-30 10:18,10,Cologne Hbf,Berlin Hbf,ICE,rain,False,False,True,1.8,False
2024-06-30,Sunday,6,2024-06-30 12:00,12,Frankfurt(Main) Hbf,Stuttgart Hbf,IC,clear,False,False,True,0.5,False
2024-06-30,Sunday,6,2024-06-30 14:53,14,Cologne Hbf,Berlin Hbf,ICE,clear,False,False,True,3.1,False
2024-06-30,Sunday,6,2024-06-30 16:24,16,Frankfurt(Main) Hbf,Stuttgart Hbf,IC,clear,False,False,True,2.5,False
2024-06-30,Sunday,6,2024-06-30 16:57,16,Cologne Hbf,Bonn Hbf,RE,rain,False,False,True,2.8,False
2024-06-30,Sunday,6,2024-06-30 17:08,17,Cologne Hbf,Bonn Hbf,RE,clear,True,True,True,5.6,True
2024-06-30,Sunday,6,2024-06-30 18:33,18,Leipzig Hbf,Dresden Hbf,RE,clear,False,True,True,1.7,False
2024-06-30,Sunday,6,2024-06-30 18:38,18,Berlin Hbf,Hamburg Hbf,ICE,clear,False,True,True,7.0,True
2024-06-30,Sunday,6,2024-06-30 20:06,20,Berlin Hbf,Potsdam Hbf,S-Bahn,rain,False,False,True,2.6,False
2024-06-30,Sunday,6,2024-06-30 22:58,22,Munich Hbf,Frankfurt(Main) Hbf,ICE,clear,True,False,True,7.2,True
2024-07-01,Monday,7,2024-07-01 08:04,8,Cologne Hbf,Bonn Hbf,RE,rain,False,True,False,2.3,False
2024-07-01,Monday,7,2024-07-01 13:43,13,Munich Hbf,Frankfurt(Main) Hbf,ICE,clear,False,False,False,3.0,False
2024-07-01,Monday,7,2024-07-01 14:41,14,Frankfurt(Main) Hbf,Stuttgart Hbf,IC,clear,True,False,False,0.8,False
2024-07-01,Monday,7,2024-07-01 15:18,15,Munich Hbf,Augsburg Hbf,RE,rain,False,False,False,2.3,False
2024-07-01,Monday,7,2024-07-01 16:14,16,Munich Hbf,Augsburg Hbf,RE,clear,False,False,False,1.7,False
2024-07-01,Monday,7,2024-07-01 16:45,16,Frankfurt(Main) Hbf,Mainz Hbf,S-Bahn,rain,False,False,False,1.4,False
2024-07-01,Monday,7,2024-07-01 17:09,17,Munich Hbf,Frankfurt(Main) Hbf,ICE,clear,False,True,False,5.5,True
2024-07-01,Monday,7,2024-07-01 19:08,19,Frankfurt(Main) Hbf,Mainz Hbf,S-Bahn,rain,False,True,False,1.7,False
2024-07-01,Monday,7,2024-07-01 21:07,21,Cologne Hbf,Berlin Hbf,ICE,rain,False,False,False,4.9,False
2024-07-02,Tuesday,7,2024-07-02 06:45,6,Leipzig Hbf,Dresden Hbf,RE,clear,False,False,False,0.2,False
2024-07-02,Tuesday,7,2024-07-02 09:41,9,Munich Hbf,Frankfurt(Main) Hbf,ICE,clear,True,False,False,7.1,True
2024-07-02,Tuesday,7,2024-07-02 09:51,9,Leipzig Hbf,Dresden Hbf,RE,clear,False,False,False,34.1,True
2024-07-02,Tuesday,7,2024-07-02 10:44,10,Hamburg Hbf,Hannover Hbf,IC,rain,True,False,False,11.4,True
2024-07-02,Tuesday,7,2024-07-02 11:38,11,Berlin Hbf,Hamburg Hbf,ICE,rain,False,False,False,6.7,True
2024-07-02,Tuesday,7,2024-07-02 16:35,16,Munich Hbf,Augsburg Hbf,RE,storm,False,False,False,2.1,False
2024-07-02,Tuesday,7,2024-07-02 16:46,16,Berlin Hbf,Potsdam Hbf,S-Bahn,storm,False,False,False,5.7,True
2024-07-02,Tuesday,7,2024-07-02 17:18,17,Munich Hbf,Frankfurt(Main) Hbf,ICE,clear,True,True,False,2.1,False
2024-07-02,Tuesday,7,2024-07-02 17:33,17,Cologne Hbf,Bonn Hbf,RE,storm,False,True,False,4.7,False
2024-07-02,Tuesday,7,2024-07-02 17:34,17,Munich Hbf,Augsburg Hbf,RE,clear,False,True,False,0.9,False
2024-07-02,Tuesday,7,2024-07-02 18:42,18,Frankfurt(Main) Hbf,Mainz Hbf,S-Bahn,clear,False,True,False,2.5,False
2024-07-02,Tuesday,7,2024-07-02 20:14,20,Cologne Hbf,Bonn Hbf,RE,rain,False,False,False,2.6,False
2024-07-03,Wednesday,7,2024-07-03 06:27,6,Berlin Hbf,Potsdam Hbf,S-Bahn,clear,False,False,False,0.9,False
2024-07-03,Wednesday,7,2024-07-03 07:44,7,Leipzig Hbf,Dresden Hbf,RE,clear,True,True,False,1.5,False
2024-07-03,Wednesday,7,2024-07-03 07:58,7,Hamburg Hbf,Hannover Hbf,IC,rain,False,True,False,4.7,False
2024-07-03,Wednesday,7,2024-07-03 10:46,10,Cologne Hbf,Bonn Hbf,RE,storm,False,False,False,1.1,False
2024-07-03,Wednesday,7,2024-07-03 11:06,11,Berlin Hbf,Hamburg Hbf,ICE,clear,False,False,False,1.9,False
2024-07-03,Wednesday,7,2024-07-03 11:08,11,Cologne Hbf,Berlin Hbf,ICE,rain,True,False,False,7.3,True
2024-07-03,Wednesday,7,2024-07-03 11:59,11,Leipzig Hbf,Dresden Hbf,RE,clear,False,False,False,1.0,False
2024-07-03,Wednesday,7,2024-07-03 12:22,12,Berlin Hbf,Potsdam Hbf,S-Bahn,rain,False,False,False,1.4,False
2024-07-03,Wednesday,7,2024-07-03 12:23,12,Hamburg Hbf,Hannover Hbf,IC,rain,True,False,False,4.4,False
2024-07-03,Wednesday,7,2024-07-03 15:39,15,Frankfurt(Main) Hbf,Mainz Hbf,S-Bahn,storm,False,False,False,5.7,True
2024-07-03,Wednesday,7,2024-07-03 16:49,16,Berlin Hbf,Hamburg Hbf,ICE,clear,False,False,False,0.7,False
2024-07-03,Wednesday,7,2024-07-03 17:42,17,Berlin Hbf,Hamburg Hbf,ICE,rain,False,True,False,8.2,True
2024-07-03,Wednesday,7,2024-07-03 17:59,17,Frankfurt(Main) Hbf,Mainz Hbf,S-Bahn,clear,False,True,False,0.7,False
2024-07-03,Wednesday,7,2024-07-03 18:42,18,Leipzig Hbf,Dresden Hbf,RE,clear,False,True,False,1.1,False
2024-07-03,Wednesday,7,2024-07-03 19:25,19,Cologne Hbf,Bonn Hbf,RE,clear,False,True,False,4.3,False
2024-07-03,Wednesday,7,2024-07-03 19:30,19,Munich Hbf,Augsburg Hbf,RE,rain,False,True,False,0.8,False
2024-07-03,Wednesday,7,2024-07-03 22:12,22,Hamburg Hbf,Hannover Hbf,IC,clear,False,False,False,5.4,True
2024-07-04,Thursday,7,2024-07-04 07:32,7,Munich Hbf,Frankfurt(Main) Hbf,ICE,rain,False,True,False,9.0,True
2024-07-04,Thursday,7,2024-07-04 07:50,7,Munich Hbf,Frankfurt(Main) Hbf,ICE,clear,True,True,False,8.1,True
2024-07-04,Thursday,7,2024-07-04 08:00,8,Berlin Hbf,Potsdam Hbf,S-Bahn,storm,False,True,False,0.7,False
2024-07-04,Thursday,7,2024-07-04 08:12,8,Munich Hbf,Augsburg Hbf,RE,rain,True,True,False,0.9,False
2024-07-04,Thursday,7,2024-07-04 09:28,9,Berlin Hbf,Hamburg Hbf,ICE,storm,False,False,False,4.9,False
2024-07-04,Thursday,7,2024-07-04 11:18,11,Berlin Hbf,Hamburg Hbf,ICE,rain,False,False,False,5.6,True
2024-07-04,Thursday,7,2024-07-04 11:30,11,Frankfurt(Main) Hbf,Mainz Hbf,S-Bahn,clear,False,False,False,5.8,True
2024-07-04,Thursday,7,2024-07-04 11:31,11,Cologne Hbf,Bonn Hbf,RE,clear,False,False,False,0.8,False
2024-07-04,Thursday,7,2024-07-04 16:30,16,Munich Hbf,Augsburg Hbf,RE,clear,True,False,False,1.7,False
2024-07-04,Thursday,7,2024-07-04 16:45,16,Cologne Hbf,Berlin Hbf,ICE,clear,False,False,False,3.8,False
2024-07-04,Thursday,7,2024-07-04 17:06,17,Berlin Hbf,Potsdam Hbf,S-Bahn,rain,False,True,False,0.5,False
2024-07-04,Thursday,7,2024-07-04 18:09,18,Munich Hbf,Frankfurt(Main) Hbf,ICE,clear,True,True,False,6.4,True
2024-07-04,Thursday,7,2024-07-04 19:06,19,Berlin Hbf,Hamburg Hbf,ICE,clear,True,True,False,6.7,True
2024-07-04,Thursday,7,2024-07-04 20:53,20,Berlin Hbf,Potsdam Hbf,S-Bahn,rain,True,False,False,1.2,False
2024-07-04,Thursday,7,2024-07-04 21:17,21,Cologne Hbf,Berlin Hbf,ICE,storm,True,False,False,18.1,True
2024-07-04,Thursday,7,2024-07-04 21:39,21,Berlin Hbf,Hamburg Hbf,ICE,rain,False,False,False,5.0,False
2024-07-04,Thursday,7,2024-07-04 21:56,21,Berlin Hbf,Potsdam Hbf,S-Bahn,clear,True,False,False,1.1,False
2024-07-05,Friday,7,2024-07-05 05:33,5,Hamburg Hbf,Hannover Hbf,IC,storm,True,False,False,6.7,True
2024-07-05,Friday,7,2024-07-05 07:07,7,Cologne Hbf,Bonn Hbf,RE,clear,False,True,False,4.0,False
2024-07-05,Friday,7,2024-07-05 07:11,7,Cologne Hbf,Bonn Hbf,RE,rain,True,True,False,2.1,False
2024-07-05,Friday,7,2024-07-05 07:23,7,Munich Hbf,Augsburg Hbf,RE,storm,False,True,False,3.2,False
2024-07-05,Friday,7,2024-07-05 07:43,7,Frankfurt(Main) Hbf,Mainz Hbf,S-Bahn,clear,True,True,False,4.1,False
2024-07-05,Friday,7,2024-07-05 07:58,7,Berlin Hbf,Potsdam Hbf,S-Bahn,rain,False,True,False,1.1,False
2024-07-05,Friday,7,2024-07-05 09:12,9,Cologne Hbf,Bonn Hbf,RE,clear,False,False,False,3.3,False
2024-07-05,Friday,7,2024-07-05 10:39,10,Munich Hbf,Augsburg Hbf,RE,storm,False,False,False,4.7,False
2024-07-05,Friday,7,2024-07-05 12:52,12,Cologne Hbf,Berlin Hbf,ICE,storm,False,False,False,17.1,True
2024-07-05,Friday,7,2024-07-05 13:02,13,Frankfurt(Main) Hbf,Stuttgart Hbf,IC,clear,False,False,False,2.5,False
2024-07-05,Friday,7,2024-07-05 16:21,16,Leipzig Hbf,Dresden Hbf,RE,rain,False,False,False,3.3,False
2024-07-05,Friday,7,2024-07-05 16:23,16,Frankfurt(Main) Hbf,Mainz Hbf,S-Bahn,storm,False,False,False,2.6,False
2024-07-05,Friday,7,2024-07-05 18:08,18,Cologne Hbf,Berlin Hbf,ICE,rain,False,True,False,9.2,True
2024-07-05,Friday,7,2024-07-05 18:30,18,Cologne Hbf,Bonn Hbf,RE,clear,False,True,False,2.7,False
2024-07-05,Friday,7,2024-07-05 19:23,19,Berlin Hbf,Hamburg Hbf,ICE,clear,False,True,False,5.9,True
2024-07-05,Friday,7,2024-07-05 22:22,22,Cologne Hbf,Berlin Hbf,ICE,clear,True,False,False,7.7,True
2024-07-06,Saturday,7,2024-07-06 08:42,8,Leipzig Hbf,Dresden Hbf,RE,rain,False,True,True,0.9,False
2024-07-06,Saturday,7,2024-07-06 09:34,9,Cologne Hbf,Bonn Hbf,RE,rain,False,False,True,0.8,False
2024-07-06,Saturday,7,2024-07-06 09:42,9,Munich Hbf,Frankfurt(Main) Hbf,ICE,clear,False,False,True,6.7,True
2024-07-06,Saturday,7,2024-07-06 11:02,11,Frankfurt(Main) Hbf,Mainz Hbf,S-Bahn,storm,False,False,True,4.4,False
2024-07-06,Saturday,7,2024-07-06 12:39,12,Leipzig Hbf,Dresden Hbf,RE,clear,False,False,True,4.5,False
2024-07-06,Saturday,7,2024-07-06 13:25,13,Berlin Hbf,Hamburg Hbf,ICE,clear,False,False,True,0.8,False
2024-07-06,Saturday,7,2024-07-06 14:23,14,Munich Hbf,Frankfurt(Main) Hbf,ICE,storm,False,False,True,9.3,True
2024-07-06,Saturday,7,2024-07-06 15:34,15,Munich Hbf,Augsburg Hbf,RE,clear,True,False,True,0.9,False
2024-07-06,Saturday,7,2024-07-06 16:18,16,Munich Hbf,Augsburg Hbf,RE,clear,False,False,True,0.5,False
2024-07-06,Saturday,7,2024-07-06 18:46,18,Berlin Hbf,Hamburg Hbf,ICE,clear,True,True,True,4.0,False
2024-07-06,Saturday,7,2024-07-06 19:38,19,Hamburg Hbf,Hannover Hbf,IC,storm,False,True,True,7.4,True
2024-07-06,Saturday,7,2024-07-06 20:43,20,Leipzig Hbf,Dresden Hbf,RE,clear,False,False,True,1.0,False
2024-07-07,Sunday,7,2024-07-07 07:42,7,Berlin Hbf,Hamburg Hbf,ICE,storm,False,True,True,8.4,True
2024-07-07,Sunday,7,2024-07-07 08:27,8,Frankfurt(Main) Hbf,Mainz Hbf,S-Bahn,rain,False,True,True,61.3,True
2024-07-07,Sunday,7,2024-07-07 08:41,8,Leipzig Hbf,Dresden Hbf,RE,clear,False,True,True,1.7,False
2024-07-07,Sunday,7,2024-07-07 14:21,14,Cologne Hbf,Berlin Hbf,ICE,clear,False,False,True,5.4,True
2024-07-07,Sunday,7,2024-07-07 14:38,14,Berlin Hbf,Potsdam Hbf,S-Bahn,clear,False,False,True,1.2,False
2024-07-07,Sunday,7,2024-07-07 19:57,19,Cologne Hbf,Bonn Hbf,RE,clear,False,True,True,1.2,False
2024-07-07,Sunday,7,2024-07-07 20:51,20,Munich Hbf,Frankfurt(Main) Hbf,ICE,storm,True,False,True,14.6,True
2024-07-08,Monday,7,2024-07-08 07:21,7,Cologne Hbf,Berlin Hbf,ICE,rain,False,True,False,9.7,True
2024-07-08,Monday,7,2024-07-08 08:59,8,Berlin Hbf,Hamburg Hbf,ICE,clear,False,True,False,2.6,False
2024-07-08,Monday,7,2024-07-08 12:00,12,Munich Hbf,Frankfurt(Main) Hbf,ICE,clear,False,False,False,4.1,False
2024-07-08,Monday,7,2024-07-08 13:23,13,Berlin Hbf,Hamburg Hbf,ICE,storm,False,False,False,8.6,True
2024-07-08,Monday,7,2024-07-08 15:40,15,Berlin Hbf,Hamburg Hbf,ICE,clear,False,False,False,1.2,False
2024-07-08,Monday,7,2024-07-08 17:15,17,Frankfurt(Main) Hbf,Stuttgart Hbf,IC,clear,False,True,False,2.6,False
2024-07-08,Monday,7,2024-07-08 20:46,20,Hamburg Hbf,Hannover Hbf,IC,clear,False,False,False,1.5,False
2024-07-08,Monday,7,2024-07-08 21:59,21,Berlin Hbf,Potsdam Hbf,S-Bahn,clear,False,False,False,7.2,True
2024-07-09,Tuesday,7,2024-07-09 06:07,6,Munich Hbf,Frankfurt(Main) Hbf,ICE,rain,False,False,False,9.8,True
2024-07-09,Tuesday,7,2024-07-09 07:14,7,Berlin Hbf,Potsdam Hbf,S-Bahn,rain,False,True,False,2.5,False
2024-07-09,Tuesday,7,2024-07-09 07:21,7,Cologne Hbf,Bonn Hbf,RE,clear,False,True,False,0.9,False
2024-07-09,Tuesday,7,2024-07-09 07:36,7,Berlin Hbf,Potsdam Hbf,S-Bahn,clear,False,True,False,0.4,False
2024-07-09,Tuesday,7,2024-07-09 08:48,8,Cologne Hbf,Berlin Hbf,ICE,rain,False,True,False,9.8,True
2024-07-09,Tuesday,7,2024-07-09 09:14,9,Frankfurt(Main) Hbf,Stuttgart Hbf,IC,clear,False,False,False,1.0,False
2024-07-09,Tuesday,7,2024-07-09 12:56,12,Leipzig Hbf,Dresden Hbf,RE,clear,False,False,False,1.7,False
2024-07-09,Tuesday,7,2024-07-09 16:31,16,Cologne Hbf,Bonn Hbf,RE,rain,True,False,False,3.0,False
2024-07-09,Tuesday,7,2024-07-09 20:50,20,Cologne Hbf,Berlin Hbf,ICE,clear,False,False,False,5.7,True
2024-07-09,Tuesday,7,2024-07-09 22:10,22,Leipzig Hbf,Dresden Hbf,RE,clear,False,False,False,2.1,False
2024-07-09,Tuesday,7,2024-07-09 22:33,22,Frankfurt(Main) Hbf,Stuttgart Hbf,IC,storm,False,False,False,4.8,False
2024-07-10,Wednesday,7,2024-07-10 07:16,7,Berlin Hbf,Potsdam Hbf,S-Bahn,clear,False,True,False,3.6,False
2024-07-10,Wednesday,7,2024-07-10 07:47,7,Munich Hbf,Frankfurt(Main) Hbf,ICE,clear,False,True,False,3.5,False
2024-07-10,Wednesday,7,2024-07-10 08:14,8,Munich Hbf,Augsburg Hbf,RE,rain,False,True,False,3.9,False
2024-07-10,Wednesday,7,2024-07-10 10:37,10,Cologne Hbf,Bonn Hbf,RE,rain,False,False,False,0.5,False
2024-07-10,Wednesday,7,2024-07-10 13:51,13,Leipzig Hbf,Dresden Hbf,RE,clear,False,False,False,0.8,False
2024-07-10,Wednesday,7,2024-07-10 15:41,15,Frankfurt(Main) Hbf,Mainz Hbf,S-Bahn,storm,False,False,False,3.9,False
2024-07-10,Wednesday,7,2024-07-10 16:01,16,Hamburg Hbf,Hannover Hbf,IC,clear,False,False,False,3.3,False
2024-07-10,Wednesday,7,2024-07-10 22:12,22,Munich Hbf,Frankfurt(Main) Hbf,ICE,rain,False,False,False,8.2,True
2024-07-11,Thursday,7,2024-07-11 09:45,9,Berlin Hbf,Potsdam Hbf,S-Bahn,clear,False,False,False,5.2,True
2024-07-11,Thursday,7,2024-07-11 15:11,15,Berlin Hbf,Hamburg Hbf,ICE,clear,False,False,False,0.2,False
2024-07-11,Thursday,7,2024-07-11 16:57,16,Frankfurt(Main) Hbf,Mainz Hbf,S-Bahn,clear,False,False,False,2.5,False
2024-07-11,Thursday,7,2024-07-11 17:12,17,Frankfurt(Main) Hbf,Stuttgart Hbf,IC,storm,False,True,False,3.5,False
2024-07-11,Thursday,7,2024-07-11 17:33,17,Hamburg Hbf,Hannover Hbf,IC,rain,True,True,False,3.5,False
2024-07-11,Thursday,7,2024-07-11 17:33,17,Leipzig Hbf,Dresden Hbf,RE,clear,False,True,False,3.8,False
2024-07-12,Friday,7,2024-07-12 06:03,6,Berlin Hbf,Hamburg Hbf,ICE,clear,False,False,False,0.8,False
2024-07-12,Friday,7,2024-07-12 06:43,6,Cologne Hbf,Berlin Hbf,ICE,clear,False,False,False,10.4,True
2024-07-12,Friday,7,2024-07-12 08:34,8,Leipzig Hbf,Dresden Hbf,RE,storm,True,True,False,12.4,True
2024-07-12,Friday,7,2024-07-12 08:34,8,Berlin Hbf,Potsdam Hbf,S-Bahn,clear,True,True,False,1.7,False
2024-07-12,Friday,7,2024-07-12 08:45,8,Cologne Hbf,Berlin Hbf,ICE,rain,False,True,False,13.6,True
2024-07-12,Friday,7,2024-07-12 08:55,8,Cologne Hbf,Bonn Hbf,RE,clear,True,True,False,1.1,False
2024-07-12,Friday,7,2024-07-12 09:21,9,Berlin Hbf,Hamburg Hbf,ICE,clear,False,False,False,3.0,False
2024-07-12,Friday,7,2024-07-12 09:46,9,Frankfurt(Main) Hbf,Mainz Hbf,S-Bahn,clear,False,False,False,0.3,False
2024-07-12,Friday,7,2024-07-12 10:59,10,Cologne Hbf,Bonn Hbf,RE,clear,False,False,False,1.5,False
2024-07-12,Friday,7,2024-07-12 12:00,12,Cologne Hbf,Bonn Hbf,RE,clear,False,False,False,2.3,False
2024-07-12,Friday,7,2024-07-12 13:23,13,Cologne Hbf,Bonn Hbf,RE,rain,False,False,False,2.8,False
2024-07-12,Friday,7,2024-07-12 13:51,13,Cologne Hbf,Berlin Hbf,ICE,clear,False,False,False,7.0,True
2024-07-12,Friday,7,2024-07-12 15:59,15,Berlin Hbf,Potsdam Hbf,S-Bahn,rain,False,False,False,1.8,False
2024-07-12,Friday,7,2024-07-12 16:22,16,Munich Hbf,Augsburg Hbf,RE,clear,False,False,False,3.4,False
2024-07-12,Friday,7,2024-07-12 16:24,16,Hamburg Hbf,Hannover Hbf,IC,storm,False,False,False,5.2,True
2024-07-12,Friday,7,2024-07-12 18:06,18,Hamburg Hbf,Hannover Hbf,IC,rain,True,True,False,6.3,True
2024-07-12,Friday,7,2024-07-12 18:14,18,Berlin Hbf,Hamburg Hbf,ICE,clear,False,True,False,13.5,True
2024-07-12,Friday,7,2024-07-12 18:33,18,Berlin Hbf,Potsdam Hbf,S-Bahn,clear,False,True,False,1.5,False
2024-07-12,Friday,7,2024-07-12 19:13,19,Berlin Hbf,Hamburg Hbf,ICE,rain,True,True,False,19.6,True
2024-07-12,Friday,7,2024-07-12 21:18,21,Munich Hbf,Augsburg Hbf,RE,clear,True,False,False,5.1,True
2024-07-13,Saturday,7,2024-07-13 07:16,7,Cologne Hbf,Bonn Hbf,RE,clear,False,True,True,2.9,False
2024-07-13,Saturday,7,2024-07-13 08:20,8,Hamburg Hbf,Hannover Hbf,IC,rain,True,True,True,9.5,True
2024-07-13,Saturday,7,2024-07-13 08:38,8,Cologne Hbf,Berlin Hbf,ICE,rain,False,True,True,7.3,True
2024-07-13,Saturday,7,2024-07-13 09:47,9,Leipzig Hbf,Dresden Hbf,RE,storm,False,False,True,0.8,False
2024-07-13,Saturday,7,2024-07-13 11:35,11,Leipzig Hbf,Dresden Hbf,RE,storm,False,False,True,6.0,True
2024-07-13,Saturday,7,2024-07-13 11:50,11,Cologne Hbf,Bonn Hbf,RE,clear,False,False,True,2.2,False
2024-07-13,Saturday,7,2024-07-13 14:33,14,Leipzig Hbf,Dresden Hbf,RE,clear,False,False,True,1.0,False
2024-07-13,Saturday,7,2024-07-13 16:10,16,Hamburg Hbf,Hannover Hbf,IC,clear,False,False,True,6.5,True
2024-07-13,Saturday,7,2024-07-13 17:51,17,Munich Hbf,Augsburg Hbf,RE,clear,False,True,True,2.4,False
2024-07-13,Saturday,7,2024-07-13 18:09,18,Berlin Hbf,Potsdam Hbf,S-Bahn,clear,False,True,True,3.3,False
2024-07-13,Saturday,7,2024-07-13 21:37,21,Cologne Hbf,Berlin Hbf,ICE,clear,False,False,True,62.1,True
2024-07-14,Sunday,7,2024-07-14 07:16,7,Berlin Hbf,Hamburg Hbf,ICE,storm,True,True,True,10.6,True
2024-07-14,Sunday,7,2024-07-14 07:48,7,Cologne Hbf,Bonn Hbf,RE,rain,False,True,True,1.4,False
2024-07-14,Sunday,7,2024-07-14 09:31,9,Munich Hbf,Augsburg Hbf,RE,storm,False,False,True,1.6,False
2024-07-14,Sunday,7,2024-07-14 10:40,10,Munich Hbf,Frankfurt(Main) Hbf,ICE,storm,True,False,True,8.6,True
2024-07-14,Sunday,7,2024-07-14 12:07,12,Frankfurt(Main) Hbf,Stuttgart Hbf,IC,clear,True,False,True,8.5,True
2024-07-14,Sunday,7,2024-07-14 14:09,14,Berlin Hbf,Potsdam Hbf,S-Bahn,clear,False,False,True,1.2,False
2024-07-14,Sunday,7,2024-07-14 15:58,15,Cologne Hbf,Bonn Hbf,RE,clear,True,False,True,1.9,False
2024-07-14,Sunday,7,2024-07-14 16:36,16,Berlin Hbf,Hamburg Hbf,ICE,rain,True,False,True,11.0,True
2024-07-14,Sunday,7,2024-07-14 17:18,17,Berlin Hbf,Potsdam Hbf,S-Bahn,rain,False,True,True,5.7,True
2024-07-14,Sunday,7,2024-07-14 19:06,19,Frankfurt(Main) Hbf,Mainz Hbf,S-Bahn,clear,False,True,True,3.0,False
2024-07-14,Sunday,7,2024-07-14 19:08,19,Frankfurt(Main) Hbf,Stuttgart Hbf,IC,clear,False,True,True,2.8,False
2024-07-15,Monday,7,2024-07-15 07:47,7,Munich Hbf,Augsburg Hbf,RE,clear,False,True,False,2.1,False
2024-07-15,Monday,7,2024-07-15 08:04,8,Frankfurt(Main) Hbf,Stuttgart Hbf,IC,clear,False,True,False,2.7,False
2024-07-15,Monday,7,2024-07-15 13:42,13,Frankfurt(Main) Hbf,Mainz Hbf,S-Bahn,storm,False,False,False,0.5,False
2024-07-15,Monday,7,2024-07-15 17:17,17,Leipzig Hbf,Dresden Hbf,RE,clear,True,True,False,6.9,True
2024-07-15,Monday,7,2024-07-15 19:56,19,Leipzig Hbf,Dresden Hbf,RE,storm,False,True,False,3.3,False
2024-07-15,Monday,7,2024-07-15 21:33,21,Frankfurt(Main) Hbf,Stuttgart Hbf,IC,storm,False,False,False,1.6,False
2024-07-16,Tuesday,7,2024-07-16 05:38,5,Munich Hbf,Augsburg Hbf,RE,clear,False,False,False,7.0,True
2024-07-16,Tuesday,7,2024-07-16 07:01,7,Cologne Hbf,Berlin Hbf,ICE,rain,False,True,False,12.7,True
2024-07-16,Tuesday,7,2024-07-16 07:24,7,Leipzig Hbf,Dresden Hbf,RE,clear,False,True,False,1.5,False
2024-07-16,Tuesday,7,2024-07-16 08:07,8,Munich Hbf,Augsburg Hbf,RE,storm,False,True,False,1.7,False
2024-07-16,Tuesday,7,2024-07-16 10:58,10,Cologne Hbf,Bonn Hbf,RE,clear,False,False,False,0.4,False
2024-07-16,Tuesday,7,2024-07-16 11:51,11,Hamburg Hbf,Hannover Hbf,IC,storm,True,False,False,6.8,True
2024-07-16,Tuesday,7,2024-07-16 17:06,17,Munich Hbf,Frankfurt(Main) Hbf,ICE,rain,False,True,False,8.3,True
2024-07-16,Tuesday,7,2024-07-16 22:42,22,Munich Hbf,Frankfurt(Main) Hbf,ICE,clear,False,False,False,3.8,False
2024-07-17,Wednesday,7,2024-07-17 06:25,6,Hamburg Hbf,Hannover Hbf,IC,storm,False,False,False,3.0,False
2024-07-17,Wednesday,7,2024-07-17 06:40,6,Cologne Hbf,Berlin Hbf,ICE,clear,True,False,False,7.7,True
2024-07-17,Wednesday,7,2024-07-17 09:46,9,Frankfurt(Main) Hbf,Mainz Hbf,S-Bahn,rain,False,False,False,2.0,False
2024-07-17,Wednesday,7,2024-07-17 10:14,10,Frankfurt(Main) Hbf,Stuttgart Hbf,IC,rain,False,False,False,1.2,False
2024-07-17,Wednesday,7,2024-07-17 13:18,13,Frankfurt(Main) Hbf,Stuttgart Hbf,IC,clear,False,False,False,5.4,True
2024-07-17,Wednesday,7,2024-07-17 13:49,13,Cologne Hbf,Berlin Hbf,ICE,clear,False,False,False,2.4,False
2024-07-17,Wednesday,7,2024-07-17 15:04,15,Hamburg Hbf,Hannover Hbf,IC,rain,False,False,False,2.4,False
2024-07-17,Wednesday,7,2024-07-17 15:10,15,Munich Hbf,Frankfurt(Main) Hbf,ICE,rain,False,False,False,2.8,False
2024-07-17,Wednesday,7,2024-07-17 15:42,15,Hamburg Hbf,Hannover Hbf,IC,clear,False,False,False,2.2,False
2024-07-17,Wednesday,7,2024-07-17 16:49,16,Cologne Hbf,Berlin Hbf,ICE,storm,False,False,False,4.2,False
2024-07-17,Wednesday,7,2024-07-17 18:13,18,Frankfurt(Main) Hbf,Stuttgart Hbf,IC,clear,False,True,False,2.4,False
2024-07-17,Wednesday,7,2024-07-17 19:03,19,Frankfurt(Main) Hbf,Stuttgart Hbf,IC,clear,False,True,False,1.4,False
2024-07-17,Wednesday,7,2024-07-17 19:14,19,Frankfurt(Main) Hbf,Stuttgart Hbf,IC,clear,True,True,False,6.0,True
2024-07-17,Wednesday,7,2024-07-17 19:57,19,Cologne Hbf,Bonn Hbf,RE,rain,False,True,False,3.7,False
2024-07-17,Wednesday,7,2024-07-17 22:27,22,Munich Hbf,Frankfurt(Main) Hbf,ICE,storm,False,False,False,9.2,True
2024-07-18,Thursday,7,2024-07-18 13:03,13,Frankfurt(Main) Hbf,Stuttgart Hbf,IC,storm,False,False,False,52.2,True
2024-07-18,Thursday,7,2024-07-18 13:29,13,Cologne Hbf,Bonn Hbf,RE,clear,False,False,False,2.8,False
2024-07-18,Thursday,7,2024-07-18 13:50,13,Cologne Hbf,Berlin Hbf,ICE,storm,False,False,False,9.1,True
2024-07-18,Thursday,7,2024-07-18 17:42,17,Frankfurt(Main) Hbf,Mainz Hbf,S-Bahn,storm,True,True,False,1.2,False
2024-07-18,Thursday,7,2024-07-18 18:34,18,Hamburg Hbf,Hannover Hbf,IC,clear,False,True,False,2.3,False
2024-07-18,Thursday,7,2024-07-18 21:26,21,Frankfurt(Main) Hbf,Mainz Hbf,S-Bahn,clear,False,False,False,2.0,False
2024-07-18,Thursday,7,2024-07-18 22:27,22,Munich Hbf,Augsburg Hbf,RE,clear,False,False,False,6.8,True
2024-07-18,Thursday,7,2024-07-18 22:36,22,Hamburg Hbf,Hannover Hbf,IC,storm,False,False,False,5.3,True
2024-07-19,Friday,7,2024-07-19 05:29,5,Munich Hbf,Frankfurt(Main) Hbf,ICE,clear,False,False,False,1.6,False
2024-07-19,Friday,7,2024-07-19 06:45,6,Berlin Hbf,Potsdam Hbf,S-Bahn,clear,False,False,False,1.4,False
2024-07-19,Friday,7,2024-07-19 06:58,6,Munich Hbf,Frankfurt(Main) Hbf,ICE,clear,False,False,False,3.1,False
2024-07-19,Friday,7,2024-07-19 08:50,8,Cologne Hbf,Bonn Hbf,RE,rain,False,True,False,5.7,True
2024-07-19,Friday,7,2024-07-19 09:28,9,Frankfurt(Main) Hbf,Stuttgart Hbf,IC,storm,False,False,False,6.8,True
2024-07-19,Friday,7,2024-07-19 11:24,11,Munich Hbf,Frankfurt(Main) Hbf,ICE,rain,False,False,False,7.8,True
2024-07-19,Friday,7,2024-07-19 11:49,11,Frankfurt(Main) Hbf,Stuttgart Hbf,IC,rain,True,False,False,9.3,True
2024-07-19,Friday,7,2024-07-19 12:38,12,Cologne Hbf,Bonn Hbf,RE,clear,False,False,False,1.0,False
2024-07-19,Friday,7,2024-07-19 12:56,12,Munich Hbf,Frankfurt(Main) Hbf,ICE,clear,False,False,False,5.3,True
2024-07-19,Friday,7,2024-07-19 13:33,13,Munich Hbf,Frankfurt(Main) Hbf,ICE,storm,False,False,False,4.6,False
2024-07-19,Friday,7,2024-07-19 14:08,14,Hamburg Hbf,Hannover Hbf,IC,clear,False,False,False,0.7,False
2024-07-19,Friday,7,2024-07-19 16:28,16,Frankfurt(Main) Hbf,Mainz Hbf,S-Bahn,clear,False,False,False,0.9,False
2024-07-19,Friday,7,2024-07-19 16:57,16,Berlin Hbf,Potsdam Hbf,S-Bahn,clear,True,False,False,0.6,False
2024-07-19,Friday,7,2024-07-19 17:18,17,Berlin Hbf,Hamburg Hbf,ICE,rain,False,True,False,2.4,False
2024-07-19,Friday,7,2024-07-19 17:50,17,Cologne Hbf,Bonn Hbf,RE,clear,False,True,False,1.6,False
2024-07-19,Friday,7,2024-07-19 21:02,21,Cologne Hbf,Berlin Hbf,ICE,clear,False,False,False,4.9,False
2024-07-19,Friday,7,2024-07-19 21:43,21,Hamburg Hbf,Hannover Hbf,IC,clear,False,False,False,4.2,False
2024-07-20,Saturday,7,2024-07-20 06:03,6,Cologne Hbf,Berlin Hbf,ICE,clear,False,False,True,2.5,False
2024-07-20,Saturday,7,2024-07-20 06:14,6,Munich Hbf,Augsburg Hbf,RE,clear,False,False,True,2.6,False
2024-07-20,Saturday,7,2024-07-20 08:43,8,Leipzig Hbf,Dresden Hbf,RE,storm,True,True,True,4.1,False
2024-07-20,Saturday,7,2024-07-20 08:55,8,Cologne Hbf,Bonn Hbf,RE,storm,False,True,True,4.5,False
2024-07-20,Saturday,7,2024-07-20 14:00,14,Berlin Hbf,Hamburg Hbf,ICE,rain,False,False,True,2.7,False
2024-07-20,Saturday,7,2024-07-20 14:22,14,Leipzig Hbf,Dresden Hbf,RE,clear,False,False,True,0.7,False
2024-07-20,Saturday,7,2024-07-20 18:34,18,Munich Hbf,Augsburg Hbf,RE,rain,True,True,True,3.4,False
2024-07-20,Saturday,7,2024-07-20 20:06,20,Frankfurt(Main) Hbf,Stuttgart Hbf,IC,clear,False,False,True,3.0,False
2024-07-20,Saturday,7,2024-07-20 21:30,21,Frankfurt(Main) Hbf,Stuttgart Hbf,IC,clear,False,False,True,2.0,False
2024-07-21,Sunday,7,2024-07-21 05:28,5,Cologne Hbf,Bonn Hbf,RE,clear,False,False,True,0.1,False
2024-07-21,Sunday,7,2024-07-21 06:42,6,Berlin Hbf,Potsdam Hbf,S-Bahn,clear,False,False,True,4.4,False
2024-07-21,Sunday,7,2024-07-21 07:01,7,Cologne Hbf,Berlin Hbf,ICE,clear,False,True,True,2.7,False
2024-07-21,Sunday,7,2024-07-21 08:00,8,Leipzig Hbf,Dresden Hbf,RE,clear,False,True,True,4.5,False
2024-07-21,Sunday,7,2024-07-21 08:45,8,Hamburg Hbf,Hannover Hbf,IC,rain,False,True,True,3.9,False
2024-07-21,Sunday,7,2024-07-21 16:56,16,Cologne Hbf,Bonn Hbf,RE,storm,False,False,True,4.7,False
2024-07-21,Sunday,7,2024-07-21 17:13,17,Munich Hbf,Frankfurt(Main) Hbf,ICE,clear,False,True,True,1.7,False
2024-07-21,Sunday,7,2024-07-21 17:14,17,Leipzig Hbf,Dresden Hbf,RE,clear,False,True,True,3.0,False
2024-07-21,Sunday,7,2024-07-21 17:41,17,Munich Hbf,Frankfurt(Main) Hbf,ICE,clear,False,True,True,10.3,True
2024-07-21,Sunday,7,2024-07-21 19:31,19,Munich Hbf,Frankfurt(Main) Hbf,ICE,rain,False,True,True,7.6,True
2024-07-22,Monday,7,2024-07-22 05:46,5,Hamburg Hbf,Hannover Hbf,IC,rain,False,False,False,4.2,False
2024-07-22,Monday,7,2024-07-22 06:10,6,Leipzig Hbf,Dresden Hbf,RE,clear,False,False,False,1.8,False
2024-07-22,Monday,7,2024-07-22 07:04,7,Hamburg Hbf,Hannover Hbf,IC,clear,False,True,False,2.8,False
2024-07-22,Monday,7,2024-07-22 09:25,9,Leipzig Hbf,Dresden Hbf,RE,storm,False,False,False,3.1,False
2024-07-22,Monday,7,2024-07-22 15:27,15,Cologne Hbf,Bonn Hbf,RE,clear,False,False,False,2.7,False
2024-07-22,Monday,7,2024-07-22 16:40,16,Berlin Hbf,Hamburg Hbf,ICE,rain,False,False,False,5.2,True
2024-07-22,Monday,7,2024-07-22 16:58,16,Munich Hbf,Augsburg Hbf,RE,clear,True,False,False,3.6,False
2024-07-22,Monday,7,2024-07-22 19:35,19,Cologne Hbf,Bonn Hbf,RE,clear,False,True,False,2.2,False
2024-07-22,Monday,7,2024-07-22 21:44,21,Cologne Hbf,Bonn Hbf,RE,clear,False,False,False,2.9,False
2024-07-22,Monday,7,2024-07-22 22:15,22,Frankfurt(Main) Hbf,Mainz Hbf,S-Bahn,clear,False,False,False,1.0,False
2024-07-23,Tuesday,7,2024-07-23 05:21,5,Munich Hbf,Frankfurt(Main) Hbf,ICE,clear,False,False,False,5.8,True
2024-07-23,Tuesday,7,2024-07-23 10:12,10,Leipzig Hbf,Dresden Hbf,RE,rain,True,False,False,2.8,False
2024-07-23,Tuesday,7,2024-07-23 12:30,12,Hamburg Hbf,Hannover Hbf,IC,storm,False,False,False,9.5,True
2024-07-23,Tuesday,7,2024-07-23 13:51,13,Cologne Hbf,Bonn Hbf,RE,clear,False,False,False,2.3,False
2024-07-23,Tuesday,7,2024-07-23 14:29,14,Hamburg Hbf,Hannover Hbf,IC,clear,False,False,False,0.3,False
2024-07-23,Tuesday,7,2024-07-23 15:28,15,Munich Hbf,Augsburg Hbf,RE,rain,False,False,False,2.9,False
2024-07-23,Tuesday,7,2024-07-23 17:16,17,Munich Hbf,Augsburg Hbf,RE,clear,False,True,False,1.4,False
2024-07-23,Tuesday,7,2024-07-23 19:29,19,Frankfurt(Main) Hbf,Stuttgart Hbf,IC,storm,True,True,False,6.3,True
2024-07-23,Tuesday,7,2024-07-23 20:43,20,Cologne Hbf,Berlin Hbf,ICE,clear,False,False,False,9.2,True
2024-07-23,Tuesday,7,2024-07-23 20:54,20,Berlin Hbf,Hamburg Hbf,ICE,clear,False,False,False,5.3,True
2024-07-24,Wednesday,7,2024-07-24 05:02,5,Cologne Hbf,Bonn Hbf,RE,clear,False,False,False,2.9,False
2024-07-24,Wednesday,7,2024-07-24 05:21,5,Hamburg Hbf,Hannover Hbf,IC,rain,True,False,False,3.8,False
2024-07-24,Wednesday,7,2024-07-24 06:20,6,Cologne Hbf,Berlin Hbf,ICE,rain,False,False,False,5.7,True
2024-07-24,Wednesday,7,2024-07-24 07:14,7,Frankfurt(Main) Hbf,Mainz Hbf,S-Bahn,clear,False,True,False,2.4,False
2024-07-24,Wednesday,7,2024-07-24 11:26,11,Frankfurt(Main) Hbf,Stuttgart Hbf,IC,clear,False,False,False,2.2,False
2024-07-24,Wednesday,7,2024-07-24 12:23,12,Munich Hbf,Augsburg Hbf,RE,rain,False,False,False,3.8,False
2024-07-24,Wednesday,7,2024-07-24 12:33,12,Munich Hbf,Augsburg Hbf,RE,clear,False,False,False,1.8,False
2024-07-24,Wednesday,7,2024-07-24 12:33,12,Cologne Hbf,Bonn Hbf,RE,clear,False,False,False,2.4,False
2024-07-24,Wednesday,7,2024-07-24 13:37,13,Berlin Hbf,Potsdam Hbf,S-Bahn,rain,False,False,False,1.9,False
2024-07-24,Wednesday,7,2024-07-24 14:54,14,Munich Hbf,Augsburg Hbf,RE,clear,False,False,False,1.0,False
2024-07-24,Wednesday,7,2024-07-24 17:34,17,Cologne Hbf,Berlin Hbf,ICE,storm,False,True,False,12.0,True
2024-07-24,Wednesday,7,2024-07-24 19:19,19,Munich Hbf,Frankfurt(Main) Hbf,ICE,storm,True,True,False,11.4,True
2024-07-24,Wednesday,7,2024-07-24 19:41,19,Hamburg Hbf,Hannover Hbf,IC,clear,False,True,False,8.8,True
2024-07-24,Wednesday,7,2024-07-24 20:09,20,Berlin Hbf,Potsdam Hbf,S-Bahn,clear,False,False,False,0.6,False
2024-07-24,Wednesday,7,2024-07-24 21:39,21,Cologne Hbf,Bonn Hbf,RE,storm,False,False,False,7.6,True
2024-07-25,Thursday,7,2024-07-25 05:56,5,Munich Hbf,Augsburg Hbf,RE,clear,True,False,False,25.4,True
2024-07-25,Thursday,7,2024-07-25 08:15,8,Frankfurt(Main) Hbf,Stuttgart Hbf,IC,rain,False,True,False,2.2,False
2024-07-25,Thursday,7,2024-07-25 08:34,8,Berlin Hbf,Potsdam Hbf,S-Bahn,clear,False,True,False,1.6,False
2024-07-25,Thursday,7,2024-07-25 10:50,10,Munich Hbf,Frankfurt(Main) Hbf,ICE,rain,False,False,False,3.7,False
2024-07-25,Thursday,7,2024-07-25 12:06,12,Munich Hbf,Augsburg Hbf,RE,storm,False,False,False,1.5,False
2024-07-25,Thursday,7,2024-07-25 12:08,12,Munich Hbf,Augsburg Hbf,RE,clear,False,False,False,1.4,False
2024-07-25,Thursday,7,2024-07-25 14:12,14,Berlin Hbf,Hamburg Hbf,ICE,clear,True,False,False,6.5,True
2024-07-25,Thursday,7,2024-07-25 16:23,16,Frankfurt(Main) Hbf,Stuttgart Hbf,IC,clear,True,False,False,7.1,True
2024-07-25,Thursday,7,2024-07-25 16:33,16,Berlin Hbf,Potsdam Hbf,S-Bahn,rain,False,False,False,1.1,False
2024-07-25,Thursday,7,2024-07-25 16:54,16,Cologne Hbf,Bonn Hbf,RE,rain,False,False,False,1.5,False
2024-07-25,Thursday,7,2024-07-25 17:56,17,Leipzig Hbf,Dresden Hbf,RE,clear,False,True,False,2.5,False
2024-07-25,Thursday,7,2024-07-25 17:57,17,Berlin Hbf,Potsdam Hbf,S-Bahn,storm,False,True,False,0.8,False
2024-07-25,Thursday,7,2024-07-25 20:18,20,Hamburg Hbf,Hannover Hbf,IC,clear,False,False,False,1.1,False
2024-07-26,Friday,7,2024-07-26 07:14,7,Cologne Hbf,Bonn Hbf,RE,clear,True,True,False,5.7,True
2024-07-26,Friday,7,2024-07-26 07:32,7,Cologne Hbf,Berlin Hbf,ICE,clear,False,True,False,6.4,True
2024-07-26,Friday,7,2024-07-26 08:11,8,Frankfurt(Main) Hbf,Stuttgart Hbf,IC,clear,False,True,False,2.0,False
2024-07-26,Friday,7,2024-07-26 11:10,11,Berlin Hbf,Hamburg Hbf,ICE,clear,False,False,False,2.9,False
2024-07-26,Friday,7,2024-07-26 11:37,11,Hamburg Hbf,Hannover Hbf,IC,clear,False,False,False,4.9,False
2024-07-26,Friday,7,2024-07-26 12:28,12,Frankfurt(Main) Hbf,Stuttgart Hbf,IC,rain,False,False,False,1.5,False
2024-07-26,Friday,7,2024-07-26 12:38,12,Berlin Hbf,Potsdam Hbf,S-Bahn,clear,False,False,False,2.6,False
2024-07-26,Friday,7,2024-07-26 13:51,13,Cologne Hbf,Bonn Hbf,RE,clear,False,False,False,2.5,False
2024-07-26,Friday,7,2024-07-26 14:11,14,Berlin Hbf,Hamburg Hbf,ICE,clear,False,False,False,4.5,False
2024-07-26,Friday,7,2024-07-26 17:49,17,Hamburg Hbf,Hannover Hbf,IC,clear,False,True,False,3.1,False
2024-07-26,Friday,7,2024-07-26 17:57,17,Hamburg Hbf,Hannover Hbf,IC,clear,True,True,False,5.4,True
2024-07-26,Friday,7,2024-07-26 18:02,18,Cologne Hbf,Bonn Hbf,RE,clear,False,True,False,0.7,False
2024-07-26,Friday,7,2024-07-26 19:22,19,Frankfurt(Main) Hbf,Stuttgart Hbf,IC,rain,False,True,False,43.7,True
2024-07-26,Friday,7,2024-07-26 20:32,20,Frankfurt(Main) Hbf,Stuttgart Hbf,IC,storm,False,False,False,6.6,True
2024-07-26,Friday,7,2024-07-26 21:40,21,Munich Hbf,Frankfurt(Main) Hbf,ICE,storm,False,False,False,12.4,True
2024-07-27,Saturday,7,2024-07-27 06:56,6,Berlin Hbf,Potsdam Hbf,S-Bahn,clear,True,False,True,4.7,False
2024-07-27,Saturday,7,2024-07-27 07:35,7,Berlin Hbf,Potsdam Hbf,S-Bahn,clear,False,True,True,1.0,False
2024-07-27,Saturday,7,2024-07-27 09:14,9,Hamburg Hbf,Hannover Hbf,IC,storm,False,False,True,3.2,False
2024-07-27,Saturday,7,2024-07-27 10:31,10,Munich Hbf,Frankfurt(Main) Hbf,ICE,clear,False,False,True,4.6,False
2024-07-27,Saturday,7,2024-07-27 11:57,11,Munich Hbf,Augsburg Hbf,RE,clear,False,False,True,1.8,False
2024-07-27,Saturday,7,2024-07-27 19:19,19,Berlin Hbf,Potsdam Hbf,S-Bahn,clear,False,True,True,0.7,False
2024-07-27,Saturday,7,2024-07-27 19:35,19,Munich Hbf,Augsburg Hbf,RE,clear,False,True,True,0.6,False
2024-07-27,Saturday,7,2024-07-27 19:54,19,Munich Hbf,Frankfurt(Main) Hbf,ICE,storm,False,True,True,4.3,False
2024-07-27,Saturday,7,2024-07-27 21:15,21,Berlin Hbf,Hamburg Hbf,ICE,clear,False,False,True,7.5,True
2024-07-27,Saturday,7,2024-07-27 22:19,22,Hamburg Hbf,Hannover Hbf,IC,storm,False,False,True,2.9,False
2024-07-28,Sunday,7,2024-07-28 05:49,5,Cologne Hbf,Berlin Hbf,ICE,rain,False,False,True,10.7,True
2024-07-28,Sunday,7,2024-07-28 08:26,8,Leipzig Hbf,Dresden Hbf,RE,clear,False,True,True,3.3,False
2024-07-28,Sunday,7,2024-07-28 08:38,8,Frankfurt(Main) Hbf,Mainz Hbf,S-Bahn,clear,True,True,True,2.5,False
2024-07-28,Sunday,7,2024-07-28 10:24,10,Frankfurt(Main) Hbf,Mainz Hbf,S-Bahn,clear,False,False,True,2.1,False
2024-07-28,Sunday,7,2024-07-28 11:19,11,Munich Hbf,Frankfurt(Main) Hbf,ICE,clear,False,False,True,2.2,False
2024-07-28,Sunday,7,2024-07-28 11:55,11,Berlin Hbf,Potsdam Hbf,S-Bahn,rain,False,False,True,2.1,False
2024-07-28,Sunday,7,2024-07-28 12:24,12,Cologne Hbf,Berlin Hbf,ICE,clear,False,False,True,2.9,False
2024-07-28,Sunday,7,2024-07-28 12:50,12,Hamburg Hbf,Hannover Hbf,IC,clear,False,False,True,3.0,False
2024-07-28,Sunday,7,2024-07-28 13:21,13,Berlin Hbf,Potsdam Hbf,S-Bahn,clear,False,False,True,1.3,False
2024-07-28,Sunday,7,2024-07-28 16:06,16,Berlin Hbf,Hamburg Hbf,ICE,clear,False,False,True,61.2,True
2024-07-28,Sunday,7,2024-07-28 16:20,16,Berlin Hbf,Hamburg Hbf,ICE,rain,False,False,True,3.3,False
2024-07-28,Sunday,7,2024-07-28 16:43,16,Hamburg Hbf,Hannover Hbf,IC,storm,False,False,True,10.2,True
2024-07-28,Sunday,7,2024-07-28 18:16,18,Berlin Hbf,Hamburg Hbf,ICE,clear,False,True,True,3.9,False
2024-07-28,Sunday,7,2024-07-28 18:36,18,Frankfurt(Main) Hbf,Stuttgart Hbf,IC,clear,False,True,True,9.2,True
2024-07-29,Monday,7,2024-07-29 07:05,7,Leipzig Hbf,Dresden Hbf,RE,clear,False,True,False,1.5,False
2024-07-29,Monday,7,2024-07-29 07:59,7,Munich Hbf,Augsburg Hbf,RE,clear,False,True,False,2.7,False
2024-07-29,Monday,7,2024-07-29 14:12,14,Hamburg Hbf,Hannover Hbf,IC,clear,False,False,False,2.3,False
2024-07-29,Monday,7,2024-07-29 17:15,17,Leipzig Hbf,Dresden Hbf,RE,clear,False,True,False,0.2,False
2024-07-29,Monday,7,2024-07-29 20:42,20,Berlin Hbf,Hamburg Hbf,ICE,rain,True,False,False,5.8,True
2024-07-30,Tuesday,7,2024-07-30 07:12,7,Cologne Hbf,Berlin Hbf,ICE,clear,False,True,False,7.3,True
2024-07-30,Tuesday,7,2024-07-30 08:47,8,Berlin Hbf,Hamburg Hbf,ICE,clear,False,True,False,1.7,False
2024-07-30,Tuesday,7,2024-07-30 09:20,9,Leipzig Hbf,Dresden Hbf,RE,rain,True,False,False,2.0,False
2024-07-30,Tuesday,7,2024-07-30 11:54,11,Berlin Hbf,Hamburg Hbf,ICE,rain,False,False,False,1.5,False
2024-07-30,Tuesday,7,2024-07-30 12:19,12,Munich Hbf,Augsburg Hbf,RE,rain,False,False,False,27.0,True
2024-07-30,Tuesday,7,2024-07-30 15:37,15,Cologne Hbf,Bonn Hbf,RE,clear,False,False,False,1.4,False
2024-07-30,Tuesday,7,2024-07-30 15:45,15,Cologne Hbf,Bonn Hbf,RE,storm,False,False,False,2.6,False
2024-07-30,Tuesday,7,2024-07-30 17:02,17,Hamburg Hbf,Hannover Hbf,IC,clear,True,True,False,11.2,True
2024-07-30,Tuesday,7,2024-07-30 17:25,17,Berlin Hbf,Potsdam Hbf,S-Bahn,rain,False,True,False,1.8,False
2024-07-30,Tuesday,7,2024-07-30 21:45,21,Munich Hbf,Frankfurt(Main) Hbf,ICE,clear,False,False,False,4.0,False
2024-07-31,Wednesday,7,2024-07-31 05:11,5,Berlin Hbf,Hamburg Hbf,ICE,rain,False,False,False,2.2,False
2024-07-31,Wednesday,7,2024-07-31 08:13,8,Munich Hbf,Augsburg Hbf,RE,clear,False,True,False,1.0,False
2024-07-31,Wednesday,7,2024-07-31 08:18,8,Munich Hbf,Frankfurt(Main) Hbf,ICE,rain,False,True,False,4.7,False
2024-07-31,Wednesday,7,2024-07-31 08:39,8,Munich Hbf,Augsburg Hbf,RE,clear,False,True,False,2.6,False
2024-07-31,Wednesday,7,2024-07-31 13:32,13,Cologne Hbf,Berlin Hbf,ICE,rain,False,False,False,3.5,False
2024-07-31,Wednesday,7,2024-07-31 14:28,14,Munich Hbf,Frankfurt(Main) Hbf,ICE,rain,True,False,False,8.6,True
2024-07-31,Wednesday,7,2024-07-31 15:02,15,Leipzig Hbf,Dresden Hbf,RE,clear,False,False,False,1.3,False
2024-07-31,Wednesday,7,2024-07-31 15:09,15,Berlin Hbf,Potsdam Hbf,S-Bahn,storm,False,False,False,2.1,False
2024-07-31,Wednesday,7,2024-07-31 17:11,17,Cologne Hbf,Bonn Hbf,RE,clear,False,True,False,3.4,False
2024-07-31,Wednesday,7,2024-07-31 18:00,18,Berlin Hbf,Hamburg Hbf,ICE,clear,False,True,False,8.3,True
2024-07-31,Wednesday,7,2024-07-31 18:03,18,Munich Hbf,Frankfurt(Main) Hbf,ICE,clear,True,True,False,9.3,True
2024-07-31,Wednesday,7,2024-07-31 19:05,19,Berlin Hbf,Hamburg Hbf,ICE,rain,False,True,False,6.7,True
2024-07-31,Wednesday,7,2024-07-31 20:15,20,Frankfurt(Main) Hbf,Mainz Hbf,S-Bahn,clear,False,False,False,2.3,False
2024-07-31,Wednesday,7,2024-07-31 20:35,20,Munich Hbf,Frankfurt(Main) Hbf,ICE,rain,False,False,False,6.2,True
2024-08-01,Thursday,8,2024-08-01 06:19,6,Frankfurt(Main) Hbf,Stuttgart Hbf,IC,rain,False,False,False,2.5,False
2024-08-01,Thursday,8,2024-08-01 06:42,6,Berlin Hbf,Hamburg Hbf,ICE,clear,False,False,False,1.3,False
2024-08-01,Thursday,8,2024-08-01 06:42,6,Munich Hbf,Frankfurt(Main) Hbf,ICE,rain,True,False,False,7.7,True
2024-08-01,Thursday,8,2024-08-01 07:02,7,Frankfurt(Main) Hbf,Mainz Hbf,S-Bahn,clear,False,True,False,0.4,False
2024-08-01,Thursday,8,2024-08-01 09:53,9,Cologne Hbf,Bonn Hbf,RE,clear,False,False,False,0.6,False
2024-08-01,Thursday,8,2024-08-01 11:05,11,Berlin Hbf,Hamburg Hbf,ICE,storm,False,False,False,5.3,True
2024-08-01,Thursday,8,2024-08-01 12:30,12,Munich Hbf,Frankfurt(Main) Hbf,ICE,storm,True,False,False,11.0,True
2024-08-01,Thursday,8,2024-08-01 12:42,12,Frankfurt(Main) Hbf,Mainz Hbf,S-Bahn,clear,False,False,False,1.2,False
2024-08-01,Thursday,8,2024-08-01 13:17,13,Berlin Hbf,Hamburg Hbf,ICE,clear,False,False,False,3.1,False
2024-08-01,Thursday,8,2024-08-01 14:46,14,Munich Hbf,Frankfurt(Main) Hbf,ICE,clear,False,False,False,5.1,True
2024-08-01,Thursday,8,2024-08-01 18:34,18,Cologne Hbf,Bonn Hbf,RE,clear,False,True,False,0.2,False
2024-08-01,Thursday,8,2024-08-01 19:26,19,Berlin Hbf,Potsdam Hbf,S-Bahn,clear,False,True,False,5.1,True
2024-08-01,Thursday,8,2024-08-01 20:04,20,Leipzig Hbf,Dresden Hbf,RE,storm,False,False,False,4.3,False
2024-08-01,Thursday,8,2024-08-01 20:29,20,Munich Hbf,Augsburg Hbf,RE,clear,False,False,False,1.7,False
2024-08-01,Thursday,8,2024-08-01 20:36,20,Frankfurt(Main) Hbf,Stuttgart Hbf,IC,rain,True,False,False,7.3,True
2024-08-02,Friday,8,2024-08-02 05:01,5,Hamburg Hbf,Hannover Hbf,IC,clear,False,False,False,1.1,False
2024-08-02,Friday,8,2024-08-02 07:37,7,Munich Hbf,Augsburg Hbf,RE,storm,False,True,False,37.6,True
2024-08-02,Friday,8,2024-08-02 12:24,12,Cologne Hbf,Berlin Hbf,ICE,rain,False,False,False,8.4,True
2024-08-02,Friday,8,2024-08-02 12:30,12,Cologne Hbf,Bonn Hbf,RE,clear,False,False,False,0.7,False
2024-08-02,Friday,8,2024-08-02 15:40,15,Cologne Hbf,Berlin Hbf,ICE,clear,False,False,False,5.7,True
2024-08-02,Friday,8,2024-08-02 17:13,17,Frankfurt(Main) Hbf,Mainz Hbf,S-Bahn,rain,False,True,False,0.5,False
2024-08-02,Friday,8,2024-08-02 17:57,17,Munich Hbf,Augsburg Hbf,RE,clear,False,True,False,0.2,False
2024-08-02,Friday,8,2024-08-02 18:19,18,Frankfurt(Main) Hbf,Stuttgart Hbf,IC,clear,True,True,False,5.6,True
2024-08-02,Friday,8,2024-08-02 19:21,19,Cologne Hbf,Berlin Hbf,ICE,clear,False,True,False,4.6,False
2024-08-02,Friday,8,2024-08-02 20:13,20,Berlin Hbf,Hamburg Hbf,ICE,rain,True,False,False,8.2,True
2024-08-02,Friday,8,2024-08-02 20:45,20,Cologne Hbf,Berlin Hbf,ICE,clear,False,False,False,12.6,True
2024-08-02,Friday,8,2024-08-02 21:45,21,Berlin Hbf,Hamburg Hbf,ICE,clear,False,False,False,3.3,False
2024-08-03,Saturday,8,2024-08-03 07:10,7,Leipzig Hbf,Dresden Hbf,RE,rain,False,True,True,2.5,False
2024-08-03,Saturday,8,2024-08-03 08:59,8,Berlin Hbf,Hamburg Hbf,ICE,storm,False,True,True,9.8,True
2024-08-03,Saturday,8,2024-08-03 09:19,9,Cologne Hbf,Bonn Hbf,RE,clear,False,False,True,6.5,True
2024-08-03,Saturday,8,2024-08-03 09:31,9,Frankfurt(Main) Hbf,Mainz Hbf,S-Bahn,clear,False,False,True,2.8,False
2024-08-03,Saturday,8,2024-08-03 09:37,9,Munich Hbf,Frankfurt(Main) Hbf,ICE,clear,True,False,True,6.8,True
2024-08-03,Saturday,8,2024-08-03 10:31,10,Hamburg Hbf,Hannover Hbf,IC,clear,False,False,True,2.8,False
2024-08-03,Saturday,8,2024-08-03 11:47,11,Leipzig Hbf,Dresden Hbf,RE,clear,True,False,True,3.7,False
2024-08-03,Saturday,8,2024-08-03 11:57,11,Hamburg Hbf,Hannover Hbf,IC,storm,False,False,True,2.9,False
2024-08-03,Saturday,8,2024-08-03 12:39,12,Hamburg Hbf,Hannover Hbf,IC,rain,False,False,True,1.8,False
2024-08-03,Saturday,8,2024-08-03 14:26,14,Munich Hbf,Frankfurt(Main) Hbf,ICE,rain,False,False,True,5.6,True
2024-08-03,Saturday,8,2024-08-03 16:24,16,Leipzig Hbf,Dresden Hbf,RE,clear,False,False,True,1.3,False
2024-08-03,Saturday,8,2024-08-03 19:12,19,Hamburg Hbf,Hannover Hbf,IC,storm,False,True,True,5.6,True
2024-08-03,Saturday,8,2024-08-03 20:22,20,Frankfurt(Main) Hbf,Stuttgart Hbf,IC,clear,False,False,True,4.0,False
2024-08-04,Sunday,8,2024-08-04 06:04,6,Munich Hbf,Frankfurt(Main) Hbf,ICE,clear,False,False,True,1.9,False
2024-08-04,Sunday,8,2024-08-04 07:40,7,Munich Hbf,Frankfurt(Main) Hbf,ICE,clear,True,True,True,7.1,True
2024-08-04,Sunday,8,2024-08-04 07:43,7,Berlin Hbf,Potsdam Hbf,S-Bahn,clear,False,True,True,1.2,False
2024-08-04,Sunday,8,2024-08-04 08:20,8,Berlin Hbf,Hamburg Hbf,ICE,clear,False,True,True,2.7,False
2024-08-04,Sunday,8,2024-08-04 08:25,8,Cologne Hbf,Bonn Hbf,RE,rain,False,True,True,2.5,False
2024-08-04,Sunday,8,2024-08-04 09:08,9,Cologne Hbf,Berlin Hbf,ICE,clear,False,False,True,1.0,False
2024-08-04,Sunday,8,2024-08-04 09:35,9,Cologne Hbf,Berlin Hbf,ICE,rain,False,False,True,8.4,True
2024-08-04,Sunday,8,2024-08-04 12:14,12,Frankfurt(Main) Hbf,Mainz Hbf,S-Bahn,rain,False,False,True,0.7,False
2024-08-04,Sunday,8,2024-08-04 14:10,14,Frankfurt(Main) Hbf,Stuttgart Hbf,IC,rain,False,False,True,1.7,False
2024-08-04,Sunday,8,2024-08-04 17:17,17,Cologne Hbf,Berlin Hbf,ICE,clear,False,True,True,5.2,True
2024-08-04,Sunday,8,2024-08-04 18:48,18,Berlin Hbf,Potsdam Hbf,S-Bahn,rain,True,True,True,1.8,False
2024-08-04,Sunday,8,2024-08-04 22:04,22,Cologne Hbf,Berlin Hbf,ICE,clear,False,False,True,3.8,False
2024-08-05,Monday,8,2024-08-05 05:49,5,Cologne Hbf,Berlin Hbf,ICE,rain,True,False,False,9.1,True
2024-08-05,Monday,8,2024-08-05 09:49,9,Munich Hbf,Frankfurt(Main) Hbf,ICE,clear,False,False,False,2.3,False
2024-08-05,Monday,8,2024-08-05 09:52,9,Leipzig Hbf,Dresden Hbf,RE,rain,False,False,False,54.6,True
2024-08-05,Monday,8,2024-08-05 14:36,14,Frankfurt(Main) Hbf,Stuttgart Hbf,IC,storm,False,False,False,5.4,True
2024-08-05,Monday,8,2024-08-05 15:04,15,Frankfurt(Main) Hbf,Stuttgart Hbf,IC,storm,False,False,False,5.9,True
2024-08-05,Monday,8,2024-08-05 15:15,15,Munich Hbf,Augsburg Hbf,RE,rain,False,False,False,4.3,False
2024-08-05,Monday,8,2024-08-05 17:30,17,Cologne Hbf,Berlin Hbf,ICE,rain,False,True,False,13.0,True
2024-08-06,Tuesday,8,2024-08-06 06:24,6,Cologne Hbf,Berlin Hbf,ICE,clear,False,False,False,5.7,True
2024-08-06,Tuesday,8,2024-08-06 06:36,6,Hamburg Hbf,Hannover Hbf,IC,storm,False,False,False,8.7,True
2024-08-06,Tuesday,8,2024-08-06 06:52,6,Hamburg Hbf,Hannover Hbf,IC,clear,False,False,False,4.0,False
2024-08-06,Tuesday,8,2024-08-06 07:04,7,Frankfurt(Main) Hbf,Mainz Hbf,S-Bahn,clear,False,True,False,21.8,True
2024-08-06,Tuesday,8,2024-08-06 08:01,8,Frankfurt(Main) Hbf,Stuttgart Hbf,IC,rain,True,True,False,15.7,True
2024-08-06,Tuesday,8,2024-08-06 13:55,13,Munich Hbf,Augsburg Hbf,RE,storm,False,False,False,3.6,False
2024-08-06,Tuesday,8,2024-08-06 16:31,16,Cologne Hbf,Bonn Hbf,RE,clear,False,False,False,3.6,False
2024-08-06,Tuesday,8,2024-08-06 17:02,17,Munich Hbf,Augsburg Hbf,RE,clear,False,True,False,4.0,False
2024-08-06,Tuesday,8,2024-08-06 17:05,17,Frankfurt(Main) Hbf,Mainz Hbf,S-Bahn,clear,False,True,False,1.5,False
2024-08-06,Tuesday,8,2024-08-06 17:40,17,Berlin Hbf,Potsdam Hbf,S-Bahn,rain,False,True,False,5.3,True
2024-08-06,Tuesday,8,2024-08-06 18:24,18,Cologne Hbf,Berlin Hbf,ICE,clear,False,True,False,5.8,True
2024-08-06,Tuesday,8,2024-08-06 18:37,18,Berlin Hbf,Potsdam Hbf,S-Bahn,clear,False,True,False,0.6,False
2024-08-07,Wednesday,8,2024-08-07 05:04,5,Hamburg Hbf,Hannover Hbf,IC,rain,True,False,False,5.9,True
2024-08-07,Wednesday,8,2024-08-07 05:14,5,Frankfurt(Main) Hbf,Stuttgart Hbf,IC,rain,True,False,False,3.6,False
2024-08-07,Wednesday,8,2024-08-07 06:01,6,Frankfurt(Main) Hbf,Mainz Hbf,S-Bahn,rain,True,False,False,2.7,False
2024-08-07,Wednesday,8,2024-08-07 07:11,7,Berlin Hbf,Potsdam Hbf,S-Bahn,clear,False,True,False,1.5,False
2024-08-07,Wednesday,8,2024-08-07 07:26,7,Frankfurt(Main) Hbf,Mainz Hbf,S-Bahn,clear,False,True,False,1.1,False
2024-08-07,Wednesday,8,2024-08-07 08:17,8,Cologne Hbf,Bonn Hbf,RE,storm,False,True,False,4.5,False
2024-08-07,Wednesday,8,2024-08-07 09:24,9,Hamburg Hbf,Hannover Hbf,IC,storm,False,False,False,4.2,False
2024-08-07,Wednesday,8,2024-08-07 12:57,12,Berlin Hbf,Hamburg Hbf,ICE,clear,True,False,False,4.8,False
2024-08-07,Wednesday,8,2024-08-07 13:06,13,Berlin Hbf,Hamburg Hbf,ICE,rain,False,False,False,2.7,False
2024-08-07,Wednesday,8,2024-08-07 17:31,17,Cologne Hbf,Berlin Hbf,ICE,clear,False,True,False,10.1,True
2024-08-07,Wednesday,8,2024-08-07 17:56,17,Frankfurt(Main) Hbf,Stuttgart Hbf,IC,rain,False,True,False,1.8,False
2024-08-07,Wednesday,8,2024-08-07 18:18,18,Hamburg Hbf,Hannover Hbf,IC,clear,False,True,False,2.2,False
2024-08-08,Thursday,8,2024-08-08 05:41,5,Hamburg Hbf,Hannover Hbf,IC,clear,False,False,False,4.0,False
2024-08-08,Thursday,8,2024-08-08 06:08,6,Munich Hbf,Augsburg Hbf,RE,clear,True,False,False,0.4,False
2024-08-08,Thursday,8,2024-08-08 08:16,8,Munich Hbf,Augsburg Hbf,RE,clear,False,True,False,1.0,False
2024-08-08,Thursday,8,2024-08-08 08:24,8,Leipzig Hbf,Dresden Hbf,RE,rain,False,True,False,1.5,False
2024-08-08,Thursday,8,2024-08-08 08:32,8,Munich Hbf,Augsburg Hbf,RE,clear,False,True,False,0.3,False
2024-08-08,Thursday,8,2024-08-08 09:46,9,Leipzig Hbf,Dresden Hbf,RE,rain,True,False,False,3.5,False
2024-08-08,Thursday,8,2024-08-08 11:37,11,Berlin Hbf,Hamburg Hbf,ICE,storm,False,False,False,6.3,True
2024-08-08,Thursday,8,2024-08-08 12:43,12,Munich Hbf,Frankfurt(Main) Hbf,ICE,rain,False,False,False,2.1,False
2024-08-08,Thursday,8,2024-08-08 13:03,13,Hamburg Hbf,Hannover Hbf,IC,rain,True,False,False,7.7,True
2024-08-08,Thursday,8,2024-08-08 14:13,14,Munich Hbf,Frankfurt(Main) Hbf,ICE,clear,False,False,False,3.3,False
2024-08-08,Thursday,8,2024-08-08 16:16,16,Hamburg Hbf,Hannover Hbf,IC,clear,True,False,False,1.4,False
2024-08-08,Thursday,8,2024-08-08 16:33,16,Berlin Hbf,Potsdam Hbf,S-Bahn,clear,True,False,False,2.6,False
2024-08-08,Thursday,8,2024-08-08 17:49,17,Berlin Hbf,Potsdam Hbf,S-Bahn,clear,False,True,False,1.4,False
2024-08-08,Thursday,8,2024-08-08 18:10,18,Cologne Hbf,Berlin Hbf,ICE,storm,False,True,False,38.3,True
2024-08-08,Thursday,8,2024-08-08 21:56,21,Berlin Hbf,Hamburg Hbf,ICE,rain,True,False,False,4.9,False
2024-08-09,Friday,8,2024-08-09 05:24,5,Frankfurt(Main) Hbf,Stuttgart Hbf,IC,clear,False,False,False,4.0,False
2024-08-09,Friday,8,2024-08-09 06:10,6,Munich Hbf,Augsburg Hbf,RE,clear,False,False,False,1.9,False
2024-08-09,Friday,8,2024-08-09 07:15,7,Cologne Hbf,Berlin Hbf,ICE,rain,True,True,False,70.3,True
2024-08-09,Friday,8,2024-08-09 08:35,8,Frankfurt(Main) Hbf,Mainz Hbf,S-Bahn,clear,False,True,False,0.5,False
2024-08-09,Friday,8,2024-08-09 08:51,8,Leipzig Hbf,Dresden Hbf,RE,clear,True,True,False,0.5,False
2024-08-09,Friday,8,2024-08-09 09:20,9,Berlin Hbf,Hamburg Hbf,ICE,storm,False,False,False,4.8,False
2024-08-09,Friday,8,2024-08-09 11:08,11,Leipzig Hbf,Dresden Hbf,RE,rain,True,False,False,4.3,False
2024-08-09,Friday,8,2024-08-09 11:45,11,Hamburg Hbf,Hannover Hbf,IC,clear,True,False,False,3.7,False
2024-08-09,Friday,8,2024-08-09 12:32,12,Cologne Hbf,Berlin Hbf,ICE,clear,False,False,False,4.4,False
2024-08-09,Friday,8,2024-08-09 15:04,15,Munich Hbf,Frankfurt(Main) Hbf,ICE,storm,True,False,False,16.6,True
2024-08-09,Friday,8,2024-08-09 17:18,17,Hamburg Hbf,Hannover Hbf,IC,rain,False,True,False,6.0,True
2024-08-09,Friday,8,2024-08-09 17:26,17,Munich Hbf,Augsburg Hbf,RE,clear,False,True,False,1.6,False
2024-08-09,Friday,8,2024-08-09 17:42,17,Cologne Hbf,Bonn Hbf,RE,clear,False,True,False,1.1,False
2024-08-09,Friday,8,2024-08-09 18:34,18,Leipzig Hbf,Dresden Hbf,RE,rain,False,True,False,3.0,False
2024-08-09,Friday,8,2024-08-09 19:35,19,Hamburg Hbf,Hannover Hbf,IC,clear,False,True,False,1.4,False
2024-08-09,Friday,8,2024-08-09 21:37,21,Munich Hbf,Augsburg Hbf,RE,clear,False,False,False,2.8,False
2024-08-10,Saturday,8,2024-08-10 05:31,5,Cologne Hbf,Bonn Hbf,RE,rain,False,False,True,24.5,True
2024-08-10,Saturday,8,2024-08-10 05:40,5,Hamburg Hbf,Hannover Hbf,IC,clear,False,False,True,5.1,True
2024-08-10,Saturday,8,2024-08-10 05:50,5,Berlin Hbf,Hamburg Hbf,ICE,clear,False,False,True,4.1,False
2024-08-10,Saturday,8,2024-08-10 06:12,6,Cologne Hbf,Berlin Hbf,ICE,rain,False,False,True,8.3,True
2024-08-10,Saturday,8,2024-08-10 07:55,7,Leipzig Hbf,Dresden Hbf,RE,storm,False,True,True,2.6,False
2024-08-10,Saturday,8,2024-08-10 08:31,8,Frankfurt(Main) Hbf,Mainz Hbf,S-Bahn,rain,True,True,True,1.5,False
2024-08-10,Saturday,8,2024-08-10 10:21,10,Leipzig Hbf,Dresden Hbf,RE,clear,False,False,True,2.2,False
2024-08-10,Saturday,8,2024-08-10 11:35,11,Frankfurt(Main) Hbf,Mainz Hbf,S-Bahn,clear,True,False,True,1.0,False
2024-08-10,Saturday,8,2024-08-10 12:36,12,Munich Hbf,Augsburg Hbf,RE,clear,False,False,True,1.6,False
2024-08-10,Saturday,8,2024-08-10 14:14,14,Hamburg Hbf,Hannover Hbf,IC,clear,False,False,True,0.6,False
2024-08-11,Sunday,8,2024-08-11 05:39,5,Frankfurt(Main) Hbf,Stuttgart Hbf,IC,clear,True,False,True,5.7,True
2024-08-11,Sunday,8,2024-08-11 07:00,7,Cologne Hbf,Bonn Hbf,RE,clear,False,True,True,1.3,False
2024-08-11,Sunday,8,2024-08-11 08:01,8,Munich Hbf,Augsburg Hbf,RE,rain,False,True,True,0.4,False
2024-08-11,Sunday,8,2024-08-11 19:46,19,Hamburg Hbf,Hannover Hbf,IC,clear,False,True,True,1.8,False
2024-08-11,Sunday,8,2024-08-11 22:07,22,Berlin Hbf,Hamburg Hbf,ICE,clear,False,False,True,1.3,False
2024-08-12,Monday,8,2024-08-12 06:12,6,Cologne Hbf,Berlin Hbf,ICE,rain,False,False,False,11.8,True
2024-08-12,Monday,8,2024-08-12 06:31,6,Frankfurt(Main) Hbf,Stuttgart Hbf,IC,clear,False,False,False,3.9,False
2024-08-12,Monday,8,2024-08-12 09:56,9,Frankfurt(Main) Hbf,Mainz Hbf,S-Bahn,storm,True,False,False,1.1,False
2024-08-12,Monday,8,2024-08-12 11:31,11,Hamburg Hbf,Hannover Hbf,IC,clear,False,False,False,68.4,True
2024-08-12,Monday,8,2024-08-12 14:20,14,Munich Hbf,Augsburg Hbf,RE,rain,False,False,False,1.9,False
2024-08-12,Monday,8,2024-08-12 14:25,14,Leipzig Hbf,Dresden Hbf,RE,clear,False,False,False,1.8,False
2024-08-12,Monday,8,2024-08-12 17:00,17,Berlin Hbf,Hamburg Hbf,ICE,rain,True,True,False,8.7,True
2024-08-12,Monday,8,2024-08-12 19:40,19,Berlin Hbf,Hamburg Hbf,ICE,rain,True,True,False,7.5,True
2024-08-12,Monday,8,2024-08-12 19:47,19,Berlin Hbf,Hamburg Hbf,ICE,clear,False,True,False,1.7,False
2024-08-12,Monday,8,2024-08-12 22:20,22,Leipzig Hbf,Dresden Hbf,RE,clear,True,False,False,2.1,False
2024-08-13,Tuesday,8,2024-08-13 07:23,7,Berlin Hbf,Potsdam Hbf,S-Bahn,storm,False,True,False,0.5,False
2024-08-13,Tuesday,8,2024-08-13 12:35,12,Cologne Hbf,Bonn Hbf,RE,clear,False,False,False,3.2,False
2024-08-13,Tuesday,8,2024-08-13 12:45,12,Munich Hbf,Frankfurt(Main) Hbf,ICE,rain,False,False,False,2.9,False
2024-08-13,Tuesday,8,2024-08-13 12:47,12,Munich Hbf,Frankfurt(Main) Hbf,ICE,clear,False,False,False,1.5,False
2024-08-13,Tuesday,8,2024-08-13 12:51,12,Cologne Hbf,Berlin Hbf,ICE,rain,False,False,False,3.8,False
2024-08-13,Tuesday,8,2024-08-13 13:12,13,Hamburg Hbf,Hannover Hbf,IC,clear,False,False,False,5.3,True
2024-08-13,Tuesday,8,2024-08-13 15:25,15,Munich Hbf,Augsburg Hbf,RE,storm,False,False,False,2.6,False
2024-08-13,Tuesday,8,2024-08-13 16:56,16,Munich Hbf,Augsburg Hbf,RE,clear,False,False,False,1.3,False
2024-08-13,Tuesday,8,2024-08-13 17:21,17,Frankfurt(Main) Hbf,Stuttgart Hbf,IC,rain,False,True,False,1.6,False
2024-08-13,Tuesday,8,2024-08-13 17:59,17,Cologne Hbf,Bonn Hbf,RE,clear,False,True,False,0.3,False
2024-08-13,Tuesday,8,2024-08-13 18:27,18,Frankfurt(Main) Hbf,Stuttgart Hbf,IC,clear,False,True,False,6.6,True
2024-08-13,Tuesday,8,2024-08-13 18:31,18,Cologne Hbf,Berlin Hbf,ICE,clear,False,True,False,0.8,False
2024-08-13,Tuesday,8,2024-08-13 19:07,19,Berlin Hbf,Potsdam Hbf,S-Bahn,clear,False,True,False,0.8,False
2024-08-13,Tuesday,8,2024-08-13 20:28,20,Munich Hbf,Augsburg Hbf,RE,clear,True,False,False,2.6,False
2024-08-13,Tuesday,8,2024-08-13 22:51,22,Frankfurt(Main) Hbf,Stuttgart Hbf,IC,rain,False,False,False,4.6,False
2024-08-14,Wednesday,8,2024-08-14 05:12,5,Frankfurt(Main) Hbf,Mainz Hbf,S-Bahn,clear,False,False,False,0.2,False
2024-08-14,Wednesday,8,2024-08-14 07:00,7,Berlin Hbf,Potsdam Hbf,S-Bahn,clear,False,True,False,3.2,False
2024-08-14,Wednesday,8,2024-08-14 07:45,7,Frankfurt(Main) Hbf,Mainz Hbf,S-Bahn,storm,False,True,False,1.2,False
2024-08-14,Wednesday,8,2024-08-14 13:33,13,Berlin Hbf,Potsdam Hbf,S-Bahn,clear,False,False,False,0.8,False
2024-08-14,Wednesday,8,2024-08-14 14:12,14,Leipzig Hbf,Dresden Hbf,RE,clear,False,False,False,1.4,False
2024-08-14,Wednesday,8,2024-08-14 14:23,14,Cologne Hbf,Bonn Hbf,RE,clear,False,False,False,2.9,False
2024-08-14,Wednesday,8,2024-08-14 16:36,16,Berlin Hbf,Hamburg Hbf,ICE,clear,False,False,False,1.6,False
2024-08-14,Wednesday,8,2024-08-14 17:01,17,Leipzig Hbf,Dresden Hbf,RE,clear,False,True,False,0.7,False
2024-08-14,Wednesday,8,2024-08-14 17:44,17,Cologne Hbf,Berlin Hbf,ICE,clear,True,True,False,6.8,True
2024-08-14,Wednesday,8,2024-08-14 18:41,18,Berlin Hbf,Potsdam Hbf,S-Bahn,rain,False,True,False,5.3,True
2024-08-14,Wednesday,8,2024-08-14 19:27,19,Cologne Hbf,Bonn Hbf,RE,rain,False,True,False,2.3,False
2024-08-14,Wednesday,8,2024-08-14 22:26,22,Cologne Hbf,Berlin Hbf,ICE,rain,False,False,False,7.8,True
2024-08-14,Wednesday,8,2024-08-14 22:57,22,Hamburg Hbf,Hannover Hbf,IC,rain,True,False,False,8.3,True
2024-08-15,Thursday,8,2024-08-15 07:47,7,Munich Hbf,Frankfurt(Main) Hbf,ICE,clear,True,True,False,11.9,True
2024-08-15,Thursday,8,2024-08-15 15:26,15,Leipzig Hbf,Dresden Hbf,RE,rain,True,False,False,4.0,False
2024-08-15,Thursday,8,2024-08-15 15:51,15,Cologne Hbf,Berlin Hbf,ICE,clear,False,False,False,1.9,False
2024-08-15,Thursday,8,2024-08-15 16:30,16,Cologne Hbf,Bonn Hbf,RE,clear,False,False,False,2.3,False
2024-08-15,Thursday,8,2024-08-15 17:00,17,Leipzig Hbf,Dresden Hbf,RE,clear,False,True,False,1.7,False
2024-08-15,Thursday,8,2024-08-15 18:00,18,Munich Hbf,Augsburg Hbf,RE,clear,False,True,False,1.6,False
2024-08-15,Thursday,8,2024-08-15 21:11,21,Frankfurt(Main) Hbf,Stuttgart Hbf,IC,clear,False,False,False,4.7,False
2024-08-15,Thursday,8,2024-08-15 21:38,21,Leipzig Hbf,Dresden Hbf,RE,clear,False,False,False,2.0,False
2024-08-15,Thursday,8,2024-08-15 22:52,22,Frankfurt(Main) Hbf,Stuttgart Hbf,IC,rain,True,False,False,3.1,False
2024-08-16,Friday,8,2024-08-16 06:24,6,Berlin Hbf,Potsdam Hbf,S-Bahn,rain,False,False,False,1.3,False
2024-08-16,Friday,8,2024-08-16 07:02,7,Munich Hbf,Frankfurt(Main) Hbf,ICE,clear,False,True,False,1.8,False
2024-08-16,Friday,8,2024-08-16 08:00,8,Berlin Hbf,Potsdam Hbf,S-Bahn,rain,False,True,False,0.4,False
2024-08-16,Friday,8,2024-08-16 08:14,8,Berlin Hbf,Potsdam Hbf,S-Bahn,clear,False,True,False,0.4,False
2024-08-16,Friday,8,2024-08-16 08:16,8,Leipzig Hbf,Dresden Hbf,RE,rain,False,True,False,2.6,False
2024-08-16,Friday,8,2024-08-16 08:28,8,Leipzig Hbf,Dresden Hbf,RE,clear,False,True,False,1.9,False
2024-08-16,Friday,8,2024-08-16 10:11,10,Frankfurt(Main) Hbf,Mainz Hbf,S-Bahn,rain,False,False,False,0.9,False
2024-08-16,Friday,8,2024-08-16 13:27,13,Frankfurt(Main) Hbf,Mainz Hbf,S-Bahn,clear,False,False,False,3.6,False
2024-08-16,Friday,8,2024-08-16 14:25,14,Berlin Hbf,Potsdam Hbf,S-Bahn,clear,False,False,False,2.6,False
2024-08-16,Friday,8,2024-08-16 16:29,16,Munich Hbf,Augsburg Hbf,RE,clear,True,False,False,3.8,False
2024-08-16,Friday,8,2024-08-16 18:06,18,Frankfurt(Main) Hbf,Stuttgart Hbf,IC,clear,False,True,False,4.2,False
2024-08-17,Saturday,8,2024-08-17 05:06,5,Leipzig Hbf,Dresden Hbf,RE,clear,True,False,True,3.7,False
2024-08-17,Saturday,8,2024-08-17 05:47,5,Munich Hbf,Frankfurt(Main) Hbf,ICE,clear,False,False,True,2.0,False
2024-08-17,Saturday,8,2024-08-17 07:05,7,Frankfurt(Main) Hbf,Mainz Hbf,S-Bahn,clear,True,True,True,1.3,False
2024-08-17,Saturday,8,2024-08-17 07:23,7,Hamburg Hbf,Hannover Hbf,IC,clear,False,True,True,2.0,False
2024-08-17,Saturday,8,2024-08-17 09:15,9,Berlin Hbf,Hamburg Hbf,ICE,rain,True,False,True,3.9,False
2024-08-17,Saturday,8,2024-08-17 11:54,11,Cologne Hbf,Bonn Hbf,RE,storm,False,False,True,1.4,False
2024-08-17,Saturday,8,2024-08-17 12:17,12,Hamburg Hbf,Hannover Hbf,IC,clear,False,False,True,0.1,False
2024-08-17,Saturday,8,2024-08-17 12:59,12,Berlin Hbf,Hamburg Hbf,ICE,clear,False,False,True,0.4,False
2024-08-17,Saturday,8,2024-08-17 13:30,13,Frankfurt(Main) Hbf,Mainz Hbf,S-Bahn,storm,False,False,True,5.8,True
2024-08-17,Saturday,8,2024-08-17 18:14,18,Frankfurt(Main) Hbf,Stuttgart Hbf,IC,clear,False,True,True,1.4,False
2024-08-17,Saturday,8,2024-08-17 20:03,20,Cologne Hbf,Bonn Hbf,RE,clear,False,False,True,1.9,False
2024-08-17,Saturday,8,2024-08-17 22:21,22,Berlin Hbf,Hamburg Hbf,ICE,clear,False,False,True,2.3,False
2024-08-18,Sunday,8,2024-08-18 06:02,6,Cologne Hbf,Bonn Hbf,RE,clear,False,False,True,3.5,False
2024-08-18,Sunday,8,2024-08-18 07:40,7,Berlin Hbf,Potsdam Hbf,S-Bahn,clear,False,True,True,0.7,False
2024-08-18,Sunday,8,2024-08-18 10:29,10,Berlin Hbf,Potsdam Hbf,S-Bahn,rain,False,False,True,5.6,True
2024-08-18,Sunday,8,2024-08-18 11:02,11,Leipzig Hbf,Dresden Hbf,RE,clear,True,False,True,4.3,False
2024-08-18,Sunday,8,2024-08-18 11:13,11,Munich Hbf,Frankfurt(Main) Hbf,ICE,clear,False,False,True,7.7,True
2024-08-18,Sunday,8,2024-08-18 11:19,11,Cologne Hbf,Berlin Hbf,ICE,clear,True,False,True,7.9,True
2024-08-18,Sunday,8,2024-08-18 11:32,11,Frankfurt(Main) Hbf,Mainz Hbf,S-Bahn,storm,True,False,True,1.0,False
2024-08-18,Sunday,8,2024-08-18 12:55,12,Munich Hbf,Frankfurt(Main) Hbf,ICE,clear,True,False,True,6.7,True
2024-08-18,Sunday,8,2024-08-18 14:24,14,Cologne Hbf,Berlin Hbf,ICE,clear,False,False,True,4.0,False
2024-08-18,Sunday,8,2024-08-18 15:09,15,Cologne Hbf,Bonn Hbf,RE,clear,False,False,True,0.9,False
2024-08-18,Sunday,8,2024-08-18 15:14,15,Frankfurt(Main) Hbf,Mainz Hbf,S-Bahn,clear,False,False,True,2.0,False
2024-08-18,Sunday,8,2024-08-18 20:06,20,Frankfurt(Main) Hbf,Stuttgart Hbf,IC,storm,False,False,True,2.7,False
2024-08-19,Monday,8,2024-08-19 07:06,7,Berlin Hbf,Hamburg Hbf,ICE,rain,False,True,False,9.9,True
2024-08-19,Monday,8,2024-08-19 07:55,7,Leipzig Hbf,Dresden Hbf,RE,clear,True,True,False,1.4,False
2024-08-19,Monday,8,2024-08-19 08:53,8,Cologne Hbf,Bonn Hbf,RE,clear,True,True,False,2.1,False
2024-08-19,Monday,8,2024-08-19 09:23,9,Cologne Hbf,Berlin Hbf,ICE,rain,True,False,False,7.2,True
2024-08-19,Monday,8,2024-08-19 13:00,13,Hamburg Hbf,Hannover Hbf,IC,clear,True,False,False,3.9,False
2024-08-19,Monday,8,2024-08-19 13:32,13,Munich Hbf,Augsburg Hbf,RE,rain,False,False,False,1.2,False
2024-08-19,Monday,8,2024-08-19 13:45,13,Leipzig Hbf,Dresden Hbf,RE,clear,False,False,False,1.1,False
2024-08-19,Monday,8,2024-08-19 19:32,19,Munich Hbf,Frankfurt(Main) Hbf,ICE,rain,True,True,False,12.2,True
2024-08-20,Tuesday,8,2024-08-20 06:33,6,Hamburg Hbf,Hannover Hbf,IC,clear,True,False,False,3.0,False
2024-08-20,Tuesday,8,2024-08-20 06:50,6,Frankfurt(Main) Hbf,Mainz Hbf,S-Bahn,storm,True,False,False,0.3,False
2024-08-20,Tuesday,8,2024-08-20 08:33,8,Leipzig Hbf,Dresden Hbf,RE,rain,False,True,False,6.5,True
2024-08-20,Tuesday,8,2024-08-20 10:42,10,Frankfurt(Main) Hbf,Mainz Hbf,S-Bahn,storm,True,False,False,6.8,True
2024-08-20,Tuesday,8,2024-08-20 10:47,10,Munich Hbf,Frankfurt(Main) Hbf,ICE,clear,False,False,False,3.9,False
2024-08-20,Tuesday,8,2024-08-20 10:48,10,Munich Hbf,Augsburg Hbf,RE,clear,False,False,False,1.3,False
2024-08-20,Tuesday,8,2024-08-20 13:23,13,Hamburg Hbf,Hannover Hbf,IC,rain,False,False,False,3.2,False
2024-08-20,Tuesday,8,2024-08-20 13:48,13,Berlin Hbf,Hamburg Hbf,ICE,storm,False,False,False,5.5,True
2024-08-20,Tuesday,8,2024-08-20 14:28,14,Frankfurt(Main) Hbf,Stuttgart Hbf,IC,clear,True,False,False,7.1,True
2024-08-20,Tuesday,8,2024-08-20 15:28,15,Frankfurt(Main) Hbf,Stuttgart Hbf,IC,rain,True,False,False,5.6,True
2024-08-20,Tuesday,8,2024-08-20 17:59,17,Leipzig Hbf,Dresden Hbf,RE,clear,False,True,False,1.1,False
2024-08-20,Tuesday,8,2024-08-20 20:27,20,Munich Hbf,Augsburg Hbf,RE,clear,False,False,False,2.3,False
2024-08-20,Tuesday,8,2024-08-20 22:57,22,Cologne Hbf,Bonn Hbf,RE,clear,False,False,False,0.9,False
2024-08-21,Wednesday,8,2024-08-21 06:51,6,Cologne Hbf,Berlin Hbf,ICE,rain,False,False,False,9.0,True
2024-08-21,Wednesday,8,2024-08-21 08:57,8,Cologne Hbf,Bonn Hbf,RE,clear,False,True,False,4.7,False
2024-08-21,Wednesday,8,2024-08-21 10:21,10,Leipzig Hbf,Dresden Hbf,RE,clear,True,False,False,1.3,False
2024-08-21,Wednesday,8,2024-08-21 11:21,11,Leipzig Hbf,Dresden Hbf,RE,storm,False,False,False,0.4,False
2024-08-21,Wednesday,8,2024-08-21 11:43,11,Berlin Hbf,Hamburg Hbf,ICE,rain,False,False,False,4.2,False
2024-08-21,Wednesday,8,2024-08-21 18:20,18,Munich Hbf,Frankfurt(Main) Hbf,ICE,clear,False,True,False,5.9,True
2024-08-21,Wednesday,8,2024-08-21 18:23,18,Berlin Hbf,Potsdam Hbf,S-Bahn,clear,False,True,False,0.5,False
2024-08-21,Wednesday,8,2024-08-21 19:56,19,Leipzig Hbf,Dresden Hbf,RE,clear,False,True,False,1.2,False
2024-08-21,Wednesday,8,2024-08-21 21:02,21,Frankfurt(Main) Hbf,Stuttgart Hbf,IC,rain,False,False,False,4.8,False
2024-08-21,Wednesday,8,2024-08-21 21:22,21,Berlin Hbf,Hamburg Hbf,ICE,clear,True,False,False,8.0,True
2024-08-22,Thursday,8,2024-08-22 10:40,10,Frankfurt(Main) Hbf,Stuttgart Hbf,IC,rain,False,False,False,1.9,False
2024-08-22,Thursday,8,2024-08-22 11:38,11,Cologne Hbf,Berlin Hbf,ICE,clear,False,False,False,2.7,False
2024-08-22,Thursday,8,2024-08-22 16:01,16,Leipzig Hbf,Dresden Hbf,RE,rain,False,False,False,4.7,False
2024-08-22,Thursday,8,2024-08-22 16:32,16,Berlin Hbf,Hamburg Hbf,ICE,rain,False,False,False,2.4,False
2024-08-22,Thursday,8,2024-08-22 17:57,17,Berlin Hbf,Hamburg Hbf,ICE,rain,False,True,False,2.0,False
2024-08-22,Thursday,8,2024-08-22 17:59,17,Hamburg Hbf,Hannover Hbf,IC,storm,False,True,False,7.3,True
2024-08-22,Thursday,8,2024-08-22 18:31,18,Leipzig Hbf,Dresden Hbf,RE,storm,False,True,False,2.7,False
2024-08-22,Thursday,8,2024-08-22 18:37,18,Cologne Hbf,Bonn Hbf,RE,clear,False,True,False,6.2,True
2024-08-22,Thursday,8,2024-08-22 19:54,19,Berlin Hbf,Hamburg Hbf,ICE,clear,False,True,False,4.7,False
2024-08-22,Thursday,8,2024-08-22 20:46,20,Munich Hbf,Augsburg Hbf,RE,storm,True,False,False,4.9,False
2024-08-23,Friday,8,2024-08-23 09:18,9,Frankfurt(Main) Hbf,Mainz Hbf,S-Bahn,clear,True,False,False,0.8,False
2024-08-23,Friday,8,2024-08-23 09:25,9,Frankfurt(Main) Hbf,Stuttgart Hbf,IC,clear,True,False,False,3.6,False
2024-08-23,Friday,8,2024-08-23 09:59,9,Frankfurt(Main) Hbf,Mainz Hbf,S-Bahn,clear,False,False,False,1.4,False
2024-08-23,Friday,8,2024-08-23 11:23,11,Munich Hbf,Augsburg Hbf,RE,clear,True,False,False,2.5,False
2024-08-23,Friday,8,2024-08-23 11:39,11,Frankfurt(Main) Hbf,Stuttgart Hbf,IC,clear,True,False,False,1.2,False
2024-08-23,Friday,8,2024-08-23 14:03,14,Cologne Hbf,Berlin Hbf,ICE,clear,False,False,False,4.9,False
2024-08-23,Friday,8,2024-08-23 14:35,14,Berlin Hbf,Hamburg Hbf,ICE,rain,True,False,False,2.8,False
2024-08-23,Friday,8,2024-08-23 16:20,16,Munich Hbf,Augsburg Hbf,RE,storm,False,False,False,1.1,False
2024-08-23,Friday,8,2024-08-23 17:49,17,Berlin Hbf,Hamburg Hbf,ICE,clear,False,True,False,8.1,True
2024-08-23,Friday,8,2024-08-23 22:19,22,Hamburg Hbf,Hannover Hbf,IC,rain,False,False,False,0.3,False
2024-08-24,Saturday,8,2024-08-24 08:38,8,Berlin Hbf,Hamburg Hbf,ICE,storm,False,True,True,5.4,True
2024-08-24,Saturday,8,2024-08-24 10:34,10,Munich Hbf,Frankfurt(Main) Hbf,ICE,clear,False,False,True,1.2,False
2024-08-24,Saturday,8,2024-08-24 15:13,15,Cologne Hbf,Bonn Hbf,RE,clear,False,False,True,1.6,False
2024-08-24,Saturday,8,2024-08-24 15:52,15,Cologne Hbf,Berlin Hbf,ICE,rain,True,False,True,9.4,True
2024-08-24,Saturday,8,2024-08-24 16:41,16,Frankfurt(Main) Hbf,Mainz Hbf,S-Bahn,storm,False,False,True,0.3,False
2024-08-24,Saturday,8,2024-08-24 19:21,19,Hamburg Hbf,Hannover Hbf,IC,clear,False,True,True,1.2,False
2024-08-24,Saturday,8,2024-08-24 20:33,20,Munich Hbf,Frankfurt(Main) Hbf,ICE,storm,False,False,True,8.4,True
2024-08-24,Saturday,8,2024-08-24 20:39,20,Berlin Hbf,Potsdam Hbf,S-Bahn,rain,False,False,True,1.3,False
2024-08-24,Saturday,8,2024-08-24 22:24,22,Cologne Hbf,Berlin Hbf,ICE,rain,True,False,True,7.9,True
2024-08-25,Sunday,8,2024-08-25 05:22,5,Cologne Hbf,Berlin Hbf,ICE,clear,False,False,True,1.3,False
2024-08-25,Sunday,8,2024-08-25 07:09,7,Leipzig Hbf,Dresden Hbf,RE,clear,True,True,True,3.0,False
2024-08-25,Sunday,8,2024-08-25 11:34,11,Cologne Hbf,Bonn Hbf,RE,clear,False,False,True,1.4,False
2024-08-25,Sunday,8,2024-08-25 12:31,12,Munich Hbf,Frankfurt(Main) Hbf,ICE,clear,False,False,True,1.8,False
2024-08-25,Sunday,8,2024-08-25 13:50,13,Berlin Hbf,Potsdam Hbf,S-Bahn,clear,False,False,True,1.7,False
2024-08-25,Sunday,8,2024-08-25 15:42,15,Munich Hbf,Augsburg Hbf,RE,rain,False,False,True,2.6,False
2024-08-25,Sunday,8,2024-08-25 16:56,16,Frankfurt(Main) Hbf,Mainz Hbf,S-Bahn,rain,False,False,True,3.1,False
2024-08-25,Sunday,8,2024-08-25 17:30,17,Munich Hbf,Augsburg Hbf,RE,clear,False,True,True,4.2,False
2024-08-25,Sunday,8,2024-08-25 18:14,18,Cologne Hbf,Berlin Hbf,ICE,clear,False,True,True,7.5,True
2024-08-25,Sunday,8,2024-08-25 18:16,18,Munich Hbf,Augsburg Hbf,RE,clear,False,True,True,2.6,False
2024-08-25,Sunday,8,2024-08-25 18:22,18,Berlin Hbf,Hamburg Hbf,ICE,storm,True,True,True,13.5,True
2024-08-25,Sunday,8,2024-08-25 21:24,21,Berlin Hbf,Potsdam Hbf,S-Bahn,clear,False,False,True,0.3,False
2024-08-26,Monday,8,2024-08-26 05:31,5,Frankfurt(Main) Hbf,Stuttgart Hbf,IC,clear,False,False,False,3.4,False
2024-08-26,Monday,8,2024-08-26 07:15,7,Munich Hbf,Frankfurt(Main) Hbf,ICE,clear,False,True,False,3.8,False
2024-08-26,Monday,8,2024-08-26 09:35,9,Berlin Hbf,Potsdam Hbf,S-Bahn,clear,False,False,False,1.5,False
2024-08-26,Monday,8,2024-08-26 10:14,10,Munich Hbf,Frankfurt(Main) Hbf,ICE,rain,False,False,False,8.5,True
2024-08-26,Monday,8,2024-08-26 15:11,15,Berlin Hbf,Potsdam Hbf,S-Bahn,rain,True,False,False,0.7,False
2024-08-26,Monday,8,2024-08-26 16:00,16,Munich Hbf,Augsburg Hbf,RE,rain,True,False,False,1.7,False
2024-08-26,Monday,8,2024-08-26 17:41,17,Frankfurt(Main) Hbf,Stuttgart Hbf,IC,clear,False,True,False,4.3,False
2024-08-26,Monday,8,2024-08-26 21:40,21,Cologne Hbf,Berlin Hbf,ICE,storm,True,False,False,9.1,True
2024-08-27,Tuesday,8,2024-08-27 08:40,8,Leipzig Hbf,Dresden Hbf,RE,rain,True,True,False,9.2,True
2024-08-27,Tuesday,8,2024-08-27 14:19,14,Frankfurt(Main) Hbf,Mainz Hbf,S-Bahn,clear,False,False,False,6.1,True
2024-08-27,Tuesday,8,2024-08-27 15:02,15,Berlin Hbf,Hamburg Hbf,ICE,rain,False,False,False,16.5,True
2024-08-27,Tuesday,8,2024-08-27 17:15,17,Berlin Hbf,Hamburg Hbf,ICE,clear,True,True,False,2.7,False
2024-08-27,Tuesday,8,2024-08-27 20:40,20,Munich Hbf,Frankfurt(Main) Hbf,ICE,clear,False,False,False,3.5,False
2024-08-27,Tuesday,8,2024-08-27 22:31,22,Hamburg Hbf,Hannover Hbf,IC,clear,False,False,False,3.8,False
2024-08-27,Tuesday,8,2024-08-27 22:43,22,Munich Hbf,Frankfurt(Main) Hbf,ICE,rain,False,False,False,7.1,True
2024-08-28,Wednesday,8,2024-08-28 06:30,6,Cologne Hbf,Berlin Hbf,ICE,storm,True,False,False,11.3,True
2024-08-28,Wednesday,8,2024-08-28 07:51,7,Hamburg Hbf,Hannover Hbf,IC,clear,False,True,False,2.9,False
2024-08-28,Wednesday,8,2024-08-28 09:57,9,Frankfurt(Main) Hbf,Stuttgart Hbf,IC,rain,False,False,False,1.7,False
2024-08-28,Wednesday,8,2024-08-28 16:54,16,Munich Hbf,Augsburg Hbf,RE,clear,False,False,False,1.7,False
2024-08-28,Wednesday,8,2024-08-28 17:35,17,Cologne Hbf,Bonn Hbf,RE,clear,True,True,False,2.3,False
2024-08-28,Wednesday,8,2024-08-28 17:52,17,Cologne Hbf,Bonn Hbf,RE,clear,False,True,False,0.9,False
2024-08-28,Wednesday,8,2024-08-28 18:30,18,Cologne Hbf,Bonn Hbf,RE,rain,True,True,False,2.4,False
2024-08-28,Wednesday,8,2024-08-28 18:49,18,Munich Hbf,Frankfurt(Main) Hbf,ICE,rain,False,True,False,5.3,True
2024-08-28,Wednesday,8,2024-08-28 20:07,20,Berlin Hbf,Potsdam Hbf,S-Bahn,clear,False,False,False,0.5,False
2024-08-28,Wednesday,8,2024-08-28 20:20,20,Berlin Hbf,Potsdam Hbf,S-Bahn,clear,False,False,False,2.0,False
2024-08-28,Wednesday,8,2024-08-28 22:34,22,Frankfurt(Main) Hbf,Stuttgart Hbf,IC,clear,False,False,False,0.6,False
2024-08-29,Thursday,8,2024-08-29 05:35,5,Berlin Hbf,Hamburg Hbf,ICE,clear,False,False,False,12.4,True
2024-08-29,Thursday,8,2024-08-29 09:09,9,Hamburg Hbf,Hannover Hbf,IC,clear,False,False,False,1.1,False
2024-08-29,Thursday,8,2024-08-29 09:52,9,Cologne Hbf,Berlin Hbf,ICE,storm,False,False,False,2.4,False
2024-08-29,Thursday,8,2024-08-29 10:43,10,Leipzig Hbf,Dresden Hbf,RE,clear,False,False,False,5.9,True
2024-08-29,Thursday,8,2024-08-29 10:59,10,Cologne Hbf,Berlin Hbf,ICE,storm,False,False,False,7.9,True
2024-08-29,Thursday,8,2024-08-29 11:40,11,Cologne Hbf,Berlin Hbf,ICE,clear,False,False,False,4.6,False
2024-08-29,Thursday,8,2024-08-29 13:16,13,Hamburg Hbf,Hannover Hbf,IC,rain,False,False,False,3.3,False
2024-08-29,Thursday,8,2024-08-29 14:02,14,Cologne Hbf,Bonn Hbf,RE,rain,False,False,False,2.3,False
2024-08-29,Thursday,8,2024-08-29 15:11,15,Frankfurt(Main) Hbf,Mainz Hbf,S-Bahn,storm,False,False,False,1.2,False
2024-08-29,Thursday,8,2024-08-29 17:06,17,Frankfurt(Main) Hbf,Mainz Hbf,S-Bahn,clear,False,True,False,2.3,False
2024-08-29,Thursday,8,2024-08-29 18:11,18,Hamburg Hbf,Hannover Hbf,IC,clear,False,True,False,27.4,True
2024-08-29,Thursday,8,2024-08-29 18:23,18,Leipzig Hbf,Dresden Hbf,RE,clear,True,True,False,2.6,False
2024-08-29,Thursday,8,2024-08-29 21:25,21,Frankfurt(Main) Hbf,Mainz Hbf,S-Bahn,storm,False,False,False,0.6,False
2024-08-29,Thursday,8,2024-08-29 22:11,22,Munich Hbf,Frankfurt(Main) Hbf,ICE,clear,False,False,False,2.5,False
2024-08-30,Friday,8,2024-08-30 07:06,7,Cologne Hbf,Bonn Hbf,RE,clear,False,True,False,1.9,False
2024-08-30,Friday,8,2024-08-30 07:06,7,Leipzig Hbf,Dresden Hbf,RE,clear,False,True,False,36.4,True
2024-08-30,Friday,8,2024-08-30 08:11,8,Cologne Hbf,Berlin Hbf,ICE,clear,True,True,False,4.8,False
2024-08-30,Friday,8,2024-08-30 09:56,9,Cologne Hbf,Berlin Hbf,ICE,storm,False,False,False,3.6,False
2024-08-30,Friday,8,2024-08-30 10:04,10,Munich Hbf,Frankfurt(Main) Hbf,ICE,storm,False,False,False,9.1,True
2024-08-30,Friday,8,2024-08-30 10:06,10,Frankfurt(Main) Hbf,Stuttgart Hbf,IC,clear,True,False,False,4.9,False
2024-08-30,Friday,8,2024-08-30 14:56,14,Cologne Hbf,Bonn Hbf,RE,clear,False,False,False,3.9,False
2024-08-30,Friday,8,2024-08-30 15:01,15,Leipzig Hbf,Dresden Hbf,RE,clear,True,False,False,0.8,False
2024-08-30,Friday,8,2024-08-30 15:59,15,Munich Hbf,Augsburg Hbf,RE,storm,False,False,False,0.3,False
2024-08-30,Friday,8,2024-08-30 17:31,17,Cologne Hbf,Berlin Hbf,ICE,clear,False,True,False,5.0,False
2024-08-30,Friday,8,2024-08-30 17:51,17,Cologne Hbf,Berlin Hbf,ICE,clear,False,True,False,10.2,True
2024-08-30,Friday,8,2024-08-30 18:43,18,Cologne Hbf,Berlin Hbf,ICE,clear,True,True,False,6.3,True
2024-08-30,Friday,8,2024-08-30 20:32,20,Frankfurt(Main) Hbf,Mainz Hbf,S-Bahn,clear,True,False,False,10.0,True
2024-08-31,Saturday,8,2024-08-31 06:24,6,Hamburg Hbf,Hannover Hbf,IC,rain,False,False,True,1.7,False
2024-08-31,Saturday,8,2024-08-31 07:00,7,Berlin Hbf,Hamburg Hbf,ICE,clear,False,True,True,0.7,False
2024-08-31,Saturday,8,2024-08-31 07:48,7,Cologne Hbf,Berlin Hbf,ICE,clear,False,True,True,5.3,True
2024-08-31,Saturday,8,2024-08-31 07:56,7,Cologne Hbf,Bonn Hbf,RE,rain,False,True,True,1.1,False
2024-08-31,Saturday,8,2024-08-31 09:13,9,Leipzig Hbf,Dresden Hbf,RE,rain,False,False,True,0.6,False
2024-08-31,Saturday,8,2024-08-31 09:49,9,Frankfurt(Main) Hbf,Mainz Hbf,S-Bahn,rain,False,False,True,28.8,True
2024-08-31,Saturday,8,2024-08-31 15:53,15,Cologne Hbf,Berlin Hbf,ICE,rain,True,False,True,4.3,False
2024-08-31,Saturday,8,2024-08-31 16:50,16,Berlin Hbf,Hamburg Hbf,ICE,clear,False,False,True,3.4,False
2024-08-31,Saturday,8,2024-08-31 21:59,21,Frankfurt(Main) Hbf,Mainz Hbf,S-Bahn,rain,False,False,True,2.0,False
2024-09-01,Sunday,9,2024-09-01 06:05,6,Munich Hbf,Augsburg Hbf,RE,rain,False,False,True,3.6,False
2024-09-01,Sunday,9,2024-09-01 07:16,7,Hamburg Hbf,Hannover Hbf,IC,clear,True,True,True,3.7,False
2024-09-01,Sunday,9,2024-09-01 08:06,8,Frankfurt(Main) Hbf,Mainz Hbf,S-Bahn,clear,False,True,True,1.2,False
2024-09-01,Sunday,9,2024-09-01 08:06,8,Berlin Hbf,Potsdam Hbf,S-Bahn,rain,False,True,True,1.0,False
2024-09-01,Sunday,9,2024-09-01 09:02,9,Frankfurt(Main) Hbf,Stuttgart Hbf,IC,clear,False,False,True,2.3,False
2024-09-01,Sunday,9,2024-09-01 12:11,12,Hamburg Hbf,Hannover Hbf,IC,storm,False,False,True,3.2,False
2024-09-01,Sunday,9,2024-09-01 15:16,15,Frankfurt(Main) Hbf,Stuttgart Hbf,IC,clear,False,False,True,0.7,False
2024-09-01,Sunday,9,2024-09-01 15:30,15,Hamburg Hbf,Hannover Hbf,IC,rain,False,False,True,2.6,False
2024-09-01,Sunday,9,2024-09-01 15:50,15,Munich Hbf,Frankfurt(Main) Hbf,ICE,rain,False,False,True,6.0,True
2024-09-01,Sunday,9,2024-09-01 16:05,16,Frankfurt(Main) Hbf,Mainz Hbf,S-Bahn,clear,False,False,True,0.6,False
2024-09-01,Sunday,9,2024-09-01 16:20,16,Leipzig Hbf,Dresden Hbf,RE,rain,False,False,True,1.9,False
2024-09-01,Sunday,9,2024-09-01 18:11,18,Munich Hbf,Frankfurt(Main) Hbf,ICE,clear,False,True,True,3.4,False
2024-09-01,Sunday,9,2024-09-01 19:14,19,Frankfurt(Main) Hbf,Stuttgart Hbf,IC,storm,False,True,True,2.5,False
2024-09-01,Sunday,9,2024-09-01 21:53,21,Frankfurt(Main) Hbf,Mainz Hbf,S-Bahn,clear,False,False,True,1.1,False
2024-09-01,Sunday,9,2024-09-01 22:38,22,Berlin Hbf,Hamburg Hbf,ICE,clear,False,False,True,4.6,False
2024-09-02,Monday,9,2024-09-02 06:21,6,Leipzig Hbf,Dresden Hbf,RE,rain,False,False,False,2.4,False
2024-09-02,Monday,9,2024-09-02 07:00,7,Frankfurt(Main) Hbf,Stuttgart Hbf,IC,clear,False,True,False,1.8,False
2024-09-02,Monday,9,2024-09-02 07:11,7,Frankfurt(Main) Hbf,Stuttgart Hbf,IC,rain,False,True,False,5.7,True
2024-09-02,Monday,9,2024-09-02 07:12,7,Cologne Hbf,Berlin Hbf,ICE,clear,False,True,False,5.8,True
2024-09-02,Monday,9,2024-09-02 07:14,7,Berlin Hbf,Potsdam Hbf,S-Bahn,rain,False,True,False,1.9,False
2024-09-02,Monday,9,2024-09-02 08:50,8,Cologne Hbf,Bonn Hbf,RE,clear,False,True,False,0.0,False
2024-09-02,Monday,9,2024-09-02 10:37,10,Leipzig Hbf,Dresden Hbf,RE,rain,False,False,False,9.7,True
2024-09-02,Monday,9,2024-09-02 10:49,10,Munich Hbf,Augsburg Hbf,RE,rain,False,False,False,0.0,False
2024-09-02,Monday,9,2024-09-02 12:02,12,Frankfurt(Main) Hbf,Stuttgart Hbf,IC,clear,True,False,False,11.6,True
2024-09-02,Monday,9,2024-09-02 12:42,12,Munich Hbf,Augsburg Hbf,RE,clear,True,False,False,7.5,True
2024-09-02,Monday,9,2024-09-02 13:54,13,Frankfurt(Main) Hbf,Mainz Hbf,S-Bahn,clear,False,False,False,2.0,False
2024-09-02,Monday,9,2024-09-02 15:27,15,Cologne Hbf,Berlin Hbf,ICE,storm,False,False,False,11.1,True
2024-09-02,Monday,9,2024-09-02 17:52,17,Leipzig Hbf,Dresden Hbf,RE,rain,False,True,False,3.6,False
2024-09-02,Monday,9,2024-09-02 17:55,17,Hamburg Hbf,Hannover Hbf,IC,clear,True,True,False,4.6,False
2024-09-02,Monday,9,2024-09-02 18:47,18,Berlin Hbf,Potsdam Hbf,S-Bahn,clear,False,True,False,0.7,False
2024-09-02,Monday,9,2024-09-02 19:11,19,Berlin Hbf,Hamburg Hbf,ICE,clear,False,True,False,3.6,False
2024-09-02,Monday,9,2024-09-02 19:41,19,Hamburg Hbf,Hannover Hbf,IC,rain,False,True,False,3.0,False
2024-09-02,Monday,9,2024-09-02 19:59,19,Berlin Hbf,Hamburg Hbf,ICE,rain,False,True,False,3.5,False
2024-09-02,Monday,9,2024-09-02 22:52,22,Hamburg Hbf,Hannover Hbf,IC,rain,False,False,False,0.5,False
2024-09-03,Tuesday,9,2024-09-03 07:04,7,Frankfurt(Main) Hbf,Mainz Hbf,S-Bahn,clear,False,True,False,0.7,False
2024-09-03,Tuesday,9,2024-09-03 07:43,7,Berlin Hbf,Potsdam Hbf,S-Bahn,clear,False,True,False,2.5,False
2024-09-03,Tuesday,9,2024-09-03 10:25,10,Leipzig Hbf,Dresden Hbf,RE,rain,True,False,False,1.9,False
2024-09-03,Tuesday,9,2024-09-03 11:55,11,Leipzig Hbf,Dresden Hbf,RE,rain,False,False,False,1.4,False
2024-09-03,Tuesday,9,2024-09-03 12:50,12,Frankfurt(Main) Hbf,Stuttgart Hbf,IC,rain,False,False,False,75.2,True
2024-09-03,Tuesday,9,2024-09-03 13:42,13,Berlin Hbf,Hamburg Hbf,ICE,clear,False,False,False,7.3,True
2024-09-03,Tuesday,9,2024-09-03 15:45,15,Munich Hbf,Augsburg Hbf,RE,clear,False,False,False,53.5,True
2024-09-03,Tuesday,9,2024-09-03 15:58,15,Hamburg Hbf,Hannover Hbf,IC,rain,False,False,False,1.5,False
2024-09-03,Tuesday,9,2024-09-03 16:32,16,Frankfurt(Main) Hbf,Mainz Hbf,S-Bahn,rain,False,False,False,2.5,False
2024-09-03,Tuesday,9,2024-09-03 16:41,16,Munich Hbf,Augsburg Hbf,RE,rain,False,False,False,1.2,False
2024-09-03,Tuesday,9,2024-09-03 18:26,18,Frankfurt(Main) Hbf,Mainz Hbf,S-Bahn,clear,True,True,False,1.3,False
2024-09-03,Tuesday,9,2024-09-03 20:14,20,Cologne Hbf,Bonn Hbf,RE,storm,False,False,False,0.7,False
2024-09-04,Wednesday,9,2024-09-04 05:03,5,Cologne Hbf,Berlin Hbf,ICE,clear,False,False,False,66.4,True
2024-09-04,Wednesday,9,2024-09-04 06:28,6,Frankfurt(Main) Hbf,Stuttgart Hbf,IC,rain,False,False,False,6.6,True
2024-09-04,Wednesday,9,2024-09-04 07:04,7,Munich Hbf,Augsburg Hbf,RE,rain,False,True,False,7.6,True
2024-09-04,Wednesday,9,2024-09-04 07:17,7,Berlin Hbf,Potsdam Hbf,S-Bahn,rain,False,True,False,1.2,False
2024-09-04,Wednesday,9,2024-09-04 08:56,8,Cologne Hbf,Berlin Hbf,ICE,clear,False,True,False,3.9,False
2024-09-04,Wednesday,9,2024-09-04 10:00,10,Berlin Hbf,Potsdam Hbf,S-Bahn,rain,False,False,False,2.9,False
2024-09-04,Wednesday,9,2024-09-04 11:23,11,Berlin Hbf,Hamburg Hbf,ICE,clear,False,False,False,2.7,False
2024-09-04,Wednesday,9,2024-09-04 14:39,14,Cologne Hbf,Bonn Hbf,RE,clear,False,False,False,1.3,False
2024-09-04,Wednesday,9,2024-09-04 19:55,19,Munich Hbf,Frankfurt(Main) Hbf,ICE,clear,True,True,False,12.9,True
2024-09-04,Wednesday,9,2024-09-04 20:42,20,Munich Hbf,Frankfurt(Main) Hbf,ICE,clear,True,False,False,4.8,False
2024-09-04,Wednesday,9,2024-09-04 21:52,21,Frankfurt(Main) Hbf,Stuttgart Hbf,IC,clear,False,False,False,4.7,False
2024-09-04,Wednesday,9,2024-09-04 21:59,21,Berlin Hbf,Hamburg Hbf,ICE,clear,False,False,False,3.7,False
2024-09-05,Thursday,9,2024-09-05 06:09,6,Cologne Hbf,Bonn Hbf,RE,clear,True,False,False,0.9,False
2024-09-05,Thursday,9,2024-09-05 08:52,8,Leipzig Hbf,Dresden Hbf,RE,clear,False,True,False,0.4,False
2024-09-05,Thursday,9,2024-09-05 08:55,8,Berlin Hbf,Potsdam Hbf,S-Bahn,clear,True,True,False,59.9,True
2024-09-05,Thursday,9,2024-09-05 11:41,11,Hamburg Hbf,Hannover Hbf,IC,clear,True,False,False,3.1,False
2024-09-05,Thursday,9,2024-09-05 11:48,11,Frankfurt(Main) Hbf,Mainz Hbf,S-Bahn,clear,True,False,False,3.3,False
2024-09-05,Thursday,9,2024-09-05 13:49,13,Frankfurt(Main) Hbf,Mainz Hbf,S-Bahn,storm,True,False,False,6.9,True
2024-09-05,Thursday,9,2024-09-05 13:57,13,Frankfurt(Main) Hbf,Stuttgart Hbf,IC,clear,False,False,False,1.8,False
2024-09-05,Thursday,9,2024-09-05 14:17,14,Frankfurt(Main) Hbf,Stuttgart Hbf,IC,clear,False,False,False,0.5,False
2024-09-05,Thursday,9,2024-09-05 14:53,14,Berlin Hbf,Hamburg Hbf,ICE,clear,False,False,False,3.3,False
2024-09-05,Thursday,9,2024-09-05 16:25,16,Leipzig Hbf,Dresden Hbf,RE,clear,False,False,False,1.3,False
2024-09-05,Thursday,9,2024-09-05 18:41,18,Frankfurt(Main) Hbf,Mainz Hbf,S-Bahn,clear,False,True,False,1.7,False
2024-09-05,Thursday,9,2024-09-05 19:44,19,Leipzig Hbf,Dresden Hbf,RE,clear,False,True,False,1.9,False
2024-09-05,Thursday,9,2024-09-05 22:22,22,Frankfurt(Main) Hbf,Stuttgart Hbf,IC,clear,False,False,False,1.9,False
2024-09-05,Thursday,9,2024-09-05 22:33,22,Cologne Hbf,Berlin Hbf,ICE,rain,False,False,False,5.6,True
2024-09-06,Friday,9,2024-09-06 05:02,5,Leipzig Hbf,Dresden Hbf,RE,rain,False,False,False,2.7,False
2024-09-06,Friday,9,2024-09-06 05:54,5,Berlin Hbf,Hamburg Hbf,ICE,rain,False,False,False,5.1,True
2024-09-06,Friday,9,2024-09-06 08:27,8,Munich Hbf,Augsburg Hbf,RE,storm,False,True,False,1.4,False
2024-09-06,Friday,9,2024-09-06 08:41,8,Munich Hbf,Frankfurt(Main) Hbf,ICE,rain,False,True,False,7.0,True
2024-09-06,Friday,9,2024-09-06 10:33,10,Berlin Hbf,Potsdam Hbf,S-Bahn,clear,False,False,False,1.1,False
2024-09-06,Friday,9,2024-09-06 10:43,10,Cologne Hbf,Bonn Hbf,RE,rain,False,False,False,7.7,True
2024-09-06,Friday,9,2024-09-06 11:01,11,Berlin Hbf,Hamburg Hbf,ICE,rain,False,False,False,1.0,False
2024-09-06,Friday,9,2024-09-06 12:46,12,Leipzig Hbf,Dresden Hbf,RE,rain,False,False,False,2.1,False
2024-09-06,Friday,9,2024-09-06 18:10,18,Berlin Hbf,Hamburg Hbf,ICE,clear,False,True,False,2.8,False
2024-09-06,Friday,9,2024-09-06 18:36,18,Cologne Hbf,Berlin Hbf,ICE,rain,False,True,False,9.4,True
2024-09-06,Friday,9,2024-09-06 19:34,19,Munich Hbf,Augsburg Hbf,RE,rain,True,True,False,1.8,False
2024-09-06,Friday,9,2024-09-06 21:17,21,Frankfurt(Main) Hbf,Stuttgart Hbf,IC,rain,True,False,False,9.5,True
2024-09-06,Friday,9,2024-09-06 21:49,21,Leipzig Hbf,Dresden Hbf,RE,clear,False,False,False,2.2,False
2024-09-07,Saturday,9,2024-09-07 08:24,8,Berlin Hbf,Potsdam Hbf,S-Bahn,clear,False,True,True,0.5,False
2024-09-07,Saturday,9,2024-09-07 08:31,8,Berlin Hbf,Potsdam Hbf,S-Bahn,clear,False,True,True,0.5,False
2024-09-07,Saturday,9,2024-09-07 08:41,8,Munich Hbf,Augsburg Hbf,RE,clear,True,True,True,0.8,False
2024-09-07,Saturday,9,2024-09-07 10:46,10,Leipzig Hbf,Dresden Hbf,RE,clear,True,False,True,1.8,False
2024-09-07,Saturday,9,2024-09-07 11:04,11,Munich Hbf,Augsburg Hbf,RE,clear,False,False,True,2.0,False
2024-09-07,Saturday,9,2024-09-07 11:30,11,Berlin Hbf,Hamburg Hbf,ICE,clear,False,False,True,3.8,False
2024-09-07,Saturday,9,2024-09-07 15:41,15,Berlin Hbf,Potsdam Hbf,S-Bahn,clear,True,False,True,4.4,False
2024-09-07,Saturday,9,2024-09-07 16:23,16,Berlin Hbf,Potsdam Hbf,S-Bahn,clear,True,False,True,0.5,False
2024-09-07,Saturday,9,2024-09-07 16:51,16,Leipzig Hbf,Dresden Hbf,RE,clear,False,False,True,0.2,False
2024-09-07,Saturday,9,2024-09-07 18:09,18,Cologne Hbf,Berlin Hbf,ICE,rain,True,True,True,6.9,True
2024-09-07,Saturday,9,2024-09-07 18:47,18,Munich Hbf,Frankfurt(Main) Hbf,ICE,clear,False,True,True,4.8,False
2024-09-07,Saturday,9,2024-09-07 22:03,22,Munich Hbf,Frankfurt(Main) Hbf,ICE,clear,False,False,True,1.6,False
2024-09-07,Saturday,9,2024-09-07 22:20,22,Cologne Hbf,Berlin Hbf,ICE,clear,False,False,True,4.4,False
2024-09-08,Sunday,9,2024-09-08 06:41,6,Munich Hbf,Frankfurt(Main) Hbf,ICE,rain,False,False,True,7.3,True
2024-09-08,Sunday,9,2024-09-08 07:39,7,Leipzig Hbf,Dresden Hbf,RE,clear,False,True,True,0.2,False
2024-09-08,Sunday,9,2024-09-08 12:52,12,Berlin Hbf,Hamburg Hbf,ICE,clear,True,False,True,2.8,False
2024-09-08,Sunday,9,2024-09-08 15:56,15,Berlin Hbf,Hamburg Hbf,ICE,storm,False,False,True,5.6,True
2024-09-08,Sunday,9,2024-09-08 17:26,17,Frankfurt(Main) Hbf,Mainz Hbf,S-Bahn,storm,False,True,True,1.0,False
2024-09-08,Sunday,9,2024-09-08 17:31,17,Hamburg Hbf,Hannover Hbf,IC,clear,False,True,True,2.3,False
2024-09-08,Sunday,9,2024-09-08 19:07,19,Munich Hbf,Frankfurt(Main) Hbf,ICE,clear,False,True,True,6.3,True
2024-09-08,Sunday,9,2024-09-08 19:20,19,Leipzig Hbf,Dresden Hbf,RE,clear,False,True,True,2.5,False
2024-09-08,Sunday,9,2024-09-08 21:29,21,Berlin Hbf,Hamburg Hbf,ICE,storm,False,False,True,1.9,False
2024-09-08,Sunday,9,2024-09-08 22:12,22,Munich Hbf,Frankfurt(Main) Hbf,ICE,rain,False,False,True,6.3,True
2024-09-09,Monday,9,2024-09-09 05:06,5,Frankfurt(Main) Hbf,Stuttgart Hbf,IC,rain,False,False,False,4.3,False
2024-09-09,Monday,9,2024-09-09 05:41,5,Hamburg Hbf,Hannover Hbf,IC,clear,False,False,False,4.0,False
2024-09-09,Monday,9,2024-09-09 08:01,8,Berlin Hbf,Hamburg Hbf,ICE,rain,False,True,False,7.7,True
2024-09-09,Monday,9,2024-09-09 08:55,8,Cologne Hbf,Bonn Hbf,RE,clear,True,True,False,2.1,False
2024-09-09,Monday,9,2024-09-09 10:33,10,Munich Hbf,Frankfurt(Main) Hbf,ICE,rain,False,False,False,6.4,True
2024-09-09,Monday,9,2024-09-09 11:07,11,Leipzig Hbf,Dresden Hbf,RE,clear,False,False,False,2.4,False
2024-09-09,Monday,9,2024-09-09 14:47,14,Hamburg Hbf,Hannover Hbf,IC,rain,False,False,False,4.8,False
2024-09-09,Monday,9,2024-09-09 15:04,15,Berlin Hbf,Potsdam Hbf,S-Bahn,clear,False,False,False,2.2,False
2024-09-09,Monday,9,2024-09-09 16:54,16,Frankfurt(Main) Hbf,Mainz Hbf,S-Bahn,clear,False,False,False,48.4,True
2024-09-09,Monday,9,2024-09-09 17:15,17,Cologne Hbf,Berlin Hbf,ICE,clear,False,True,False,6.6,True
2024-09-09,Monday,9,2024-09-09 17:40,17,Munich Hbf,Frankfurt(Main) Hbf,ICE,clear,False,True,False,6.2,True
2024-09-09,Monday,9,2024-09-09 17:52,17,Frankfurt(Main) Hbf,Stuttgart Hbf,IC,rain,False,True,False,4.7,False
2024-09-09,Monday,9,2024-09-09 18:15,18,Berlin Hbf,Hamburg Hbf,ICE,clear,False,True,False,3.4,False
2024-09-09,Monday,9,2024-09-09 19:48,19,Frankfurt(Main) Hbf,Stuttgart Hbf,IC,rain,False,True,False,6.0,True
2024-09-09,Monday,9,2024-09-09 19:57,19,Leipzig Hbf,Dresden Hbf,RE,clear,False,True,False,0.6,False
2024-09-09,Monday,9,2024-09-09 20:22,20,Munich Hbf,Frankfurt(Main) Hbf,ICE,rain,False,False,False,2.1,False
2024-09-10,Tuesday,9,2024-09-10 07:52,7,Hamburg Hbf,Hannover Hbf,IC,rain,False,True,False,4.3,False
2024-09-10,Tuesday,9,2024-09-10 09:38,9,Cologne Hbf,Berlin Hbf,ICE,storm,False,False,False,7.4,True
2024-09-10,Tuesday,9,2024-09-10 10:05,10,Cologne Hbf,Bonn Hbf,RE,rain,False,False,False,2.9,False
2024-09-10,Tuesday,9,2024-09-10 13:02,13,Cologne Hbf,Bonn Hbf,RE,rain,False,False,False,6.5,True
2024-09-10,Tuesday,9,2024-09-10 15:08,15,Leipzig Hbf,Dresden Hbf,RE,clear,False,False,False,0.8,False
2024-09-10,Tuesday,9,2024-09-10 17:14,17,Cologne Hbf,Berlin Hbf,ICE,clear,False,True,False,9.8,True
2024-09-10,Tuesday,9,2024-09-10 18:09,18,Frankfurt(Main) Hbf,Stuttgart Hbf,IC,storm,False,True,False,8.4,True
2024-09-10,Tuesday,9,2024-09-10 21:53,21,Cologne Hbf,Berlin Hbf,ICE,clear,False,False,False,2.4,False
2024-09-10,Tuesday,9,2024-09-10 22:08,22,Frankfurt(Main) Hbf,Stuttgart Hbf,IC,clear,False,False,False,0.7,False
2024-09-11,Wednesday,9,2024-09-11 06:00,6,Hamburg Hbf,Hannover Hbf,IC,clear,True,False,False,1.8,False
2024-09-11,Wednesday,9,2024-09-11 07:06,7,Hamburg Hbf,Hannover Hbf,IC,rain,False,True,False,1.7,False
2024-09-11,Wednesday,9,2024-09-11 07:43,7,Leipzig Hbf,Dresden Hbf,RE,clear,False,True,False,3.3,False
2024-09-11,Wednesday,9,2024-09-11 12:19,12,Cologne Hbf,Berlin Hbf,ICE,rain,True,False,False,8.7,True
2024-09-11,Wednesday,9,2024-09-11 16:01,16,Berlin Hbf,Potsdam Hbf,S-Bahn,rain,False,False,False,1.6,False
2024-09-11,Wednesday,9,2024-09-11 17:17,17,Cologne Hbf,Bonn Hbf,RE,clear,False,True,False,0.3,False
2024-09-11,Wednesday,9,2024-09-11 21:06,21,Cologne Hbf,Bonn Hbf,RE,clear,False,False,False,0.9,False
2024-09-12,Thursday,9,2024-09-12 07:32,7,Hamburg Hbf,Hannover Hbf,IC,clear,False,True,False,4.4,False
2024-09-12,Thursday,9,2024-09-12 07:35,7,Hamburg Hbf,Hannover Hbf,IC,clear,False,True,False,5.9,True
2024-09-12,Thursday,9,2024-09-12 08:18,8,Cologne Hbf,Bonn Hbf,RE,rain,False,True,False,3.6,False
2024-09-12,Thursday,9,2024-09-12 08:54,8,Hamburg Hbf,Hannover Hbf,IC,rain,False,True,False,7.0,True
2024-09-12,Thursday,9,2024-09-12 12:12,12,Berlin Hbf,Potsdam Hbf,S-Bahn,clear,True,False,False,0.2,False
2024-09-12,Thursday,9,2024-09-12 12:35,12,Frankfurt(Main) Hbf,Stuttgart Hbf,IC,clear,True,False,False,5.8,True
2024-09-12,Thursday,9,2024-09-12 12:46,12,Cologne Hbf,Bonn Hbf,RE,rain,True,False,False,1.7,False
2024-09-12,Thursday,9,2024-09-12 14:40,14,Frankfurt(Main) Hbf,Stuttgart Hbf,IC,rain,False,False,False,6.0,True
2024-09-12,Thursday,9,2024-09-12 15:03,15,Leipzig Hbf,Dresden Hbf,RE,clear,False,False,False,2.6,False
2024-09-12,Thursday,9,2024-09-12 15:48,15,Hamburg Hbf,Hannover Hbf,IC,clear,False,False,False,0.6,False
2024-09-12,Thursday,9,2024-09-12 16:17,16,Cologne Hbf,Bonn Hbf,RE,rain,False,False,False,3.9,False
2024-09-12,Thursday,9,2024-09-12 18:10,18,Munich Hbf,Frankfurt(Main) Hbf,ICE,clear,False,True,False,6.4,True
2024-09-12,Thursday,9,2024-09-12 18:17,18,Frankfurt(Main) Hbf,Stuttgart Hbf,IC,rain,False,True,False,9.9,True
2024-09-12,Thursday,9,2024-09-12 19:21,19,Frankfurt(Main) Hbf,Mainz Hbf,S-Bahn,clear,False,True,False,4.6,False
2024-09-12,Thursday,9,2024-09-12 20:10,20,Berlin Hbf,Potsdam Hbf,S-Bahn,storm,True,False,False,1.4,False
2024-09-13,Friday,9,2024-09-13 06:20,6,Berlin Hbf,Potsdam Hbf,S-Bahn,rain,True,False,False,1.4,False
2024-09-13,Friday,9,2024-09-13 07:42,7,Leipzig Hbf,Dresden Hbf,RE,clear,False,True,False,1.7,False
2024-09-13,Friday,9,2024-09-13 08:42,8,Leipzig Hbf,Dresden Hbf,RE,clear,False,True,False,0.4,False
2024-09-13,Friday,9,2024-09-13 13:52,13,Berlin Hbf,Hamburg Hbf,ICE,clear,False,False,False,1.4,False
2024-09-13,Friday,9,2024-09-13 14:20,14,Munich Hbf,Augsburg Hbf,RE,clear,False,False,False,2.3,False
2024-09-13,Friday,9,2024-09-13 15:50,15,Cologne Hbf,Bonn Hbf,RE,clear,False,False,False,0.9,False
2024-09-13,Friday,9,2024-09-13 16:26,16,Berlin Hbf,Hamburg Hbf,ICE,clear,False,False,False,3.1,False
2024-09-13,Friday,9,2024-09-13 16:27,16,Cologne Hbf,Berlin Hbf,ICE,rain,False,False,False,5.6,True
2024-09-13,Friday,9,2024-09-13 17:39,17,Berlin Hbf,Hamburg Hbf,ICE,storm,False,True,False,7.0,True
2024-09-13,Friday,9,2024-09-13 17:58,17,Berlin Hbf,Potsdam Hbf,S-Bahn,rain,False,True,False,5.5,True
2024-09-13,Friday,9,2024-09-13 19:02,19,Berlin Hbf,Potsdam Hbf,S-Bahn,clear,False,True,False,4.6,False
2024-09-13,Friday,9,2024-09-13 19:33,19,Berlin Hbf,Hamburg Hbf,ICE,storm,False,True,False,4.8,False
2024-09-13,Friday,9,2024-09-13 20:16,20,Hamburg Hbf,Hannover Hbf,IC,clear,False,False,False,5.0,False
2024-09-14,Saturday,9,2024-09-14 05:47,5,Berlin Hbf,Hamburg Hbf,ICE,clear,False,False,True,2.6,False
2024-09-14,Saturday,9,2024-09-14 06:28,6,Munich Hbf,Augsburg Hbf,RE,rain,False,False,True,7.4,True
2024-09-14,Saturday,9,2024-09-14 06:49,6,Munich Hbf,Frankfurt(Main) Hbf,ICE,clear,False,False,True,3.4,False
2024-09-14,Saturday,9,2024-09-14 08:34,8,Frankfurt(Main) Hbf,Mainz Hbf,S-Bahn,clear,False,True,True,1.2,False
2024-09-14,Saturday,9,2024-09-14 09:27,9,Frankfurt(Main) Hbf,Mainz Hbf,S-Bahn,rain,True,False,True,2.6,False
2024-09-14,Saturday,9,2024-09-14 13:54,13,Frankfurt(Main) Hbf,Mainz Hbf,S-Bahn,clear,False,False,True,9.4,True
2024-09-14,Saturday,9,2024-09-14 15:01,15,Berlin Hbf,Potsdam Hbf,S-Bahn,clear,False,False,True,1.6,False
2024-09-14,Saturday,9,2024-09-14 18:04,18,Berlin Hbf,Potsdam Hbf,S-Bahn,clear,False,True,True,2.7,False
2024-09-15,Sunday,9,2024-09-15 05:18,5,Berlin Hbf,Hamburg Hbf,ICE,rain,False,False,True,2.2,False
2024-09-15,Sunday,9,2024-09-15 06:40,6,Frankfurt(Main) Hbf,Mainz Hbf,S-Bahn,clear,False,False,True,2.7,False
2024-09-15,Sunday,9,2024-09-15 06:57,6,Leipzig Hbf,Dresden Hbf,RE,storm,False,False,True,1.5,False
2024-09-15,Sunday,9,2024-09-15 07:58,7,Munich Hbf,Frankfurt(Main) Hbf,ICE,clear,False,True,True,2.5,False
2024-09-15,Sunday,9,2024-09-15 08:46,8,Munich Hbf,Frankfurt(Main) Hbf,ICE,clear,False,True,True,2.9,False
2024-09-15,Sunday,9,2024-09-15 10:05,10,Cologne Hbf,Berlin Hbf,ICE,rain,False,False,True,2.4,False
2024-09-15,Sunday,9,2024-09-15 10:15,10,Munich Hbf,Frankfurt(Main) Hbf,ICE,clear,False,False,True,0.8,False
2024-09-15,Sunday,9,2024-09-15 11:20,11,Frankfurt(Main) Hbf,Mainz Hbf,S-Bahn,rain,False,False,True,0.7,False
2024-09-15,Sunday,9,2024-09-15 13:25,13,Frankfurt(Main) Hbf,Stuttgart Hbf,IC,clear,False,False,True,5.5,True
2024-09-15,Sunday,9,2024-09-15 14:30,14,Munich Hbf,Frankfurt(Main) Hbf,ICE,clear,False,False,True,1.2,False
2024-09-15,Sunday,9,2024-09-15 15:23,15,Leipzig Hbf,Dresden Hbf,RE,storm,False,False,True,1.4,False
2024-09-15,Sunday,9,2024-09-15 18:42,18,Berlin Hbf,Potsdam Hbf,S-Bahn,clear,False,True,True,4.5,False
2024-09-15,Sunday,9,2024-09-15 18:57,18,Hamburg Hbf,Hannover Hbf,IC,rain,False,True,True,7.1,True
2024-09-15,Sunday,9,2024-09-15 19:14,19,Frankfurt(Main) Hbf,Mainz Hbf,S-Bahn,storm,False,True,True,2.6,False
2024-09-16,Monday,9,2024-09-16 05:24,5,Munich Hbf,Frankfurt(Main) Hbf,ICE,clear,False,False,False,6.4,True
2024-09-16,Monday,9,2024-09-16 08:03,8,Munich Hbf,Augsburg Hbf,RE,rain,False,True,False,6.6,True
2024-09-16,Monday,9,2024-09-16 08:34,8,Berlin Hbf,Potsdam Hbf,S-Bahn,clear,False,True,False,1.1,False
2024-09-16,Monday,9,2024-09-16 08:36,8,Cologne Hbf,Berlin Hbf,ICE,clear,False,True,False,4.2,False
2024-09-16,Monday,9,2024-09-16 10:02,10,Cologne Hbf,Berlin Hbf,ICE,clear,True,False,False,9.5,True
2024-09-16,Monday,9,2024-09-16 10:44,10,Munich Hbf,Frankfurt(Main) Hbf,ICE,clear,True,False,False,3.0,False
2024-09-16,Monday,9,2024-09-16 11:30,11,Berlin Hbf,Hamburg Hbf,ICE,clear,True,False,False,3.8,False
2024-09-16,Monday,9,2024-09-16 13:01,13,Berlin Hbf,Potsdam Hbf,S-Bahn,clear,False,False,False,5.2,True
2024-09-16,Monday,9,2024-09-16 16:09,16,Cologne Hbf,Berlin Hbf,ICE,clear,False,False,False,1.1,False
2024-09-16,Monday,9,2024-09-16 18:35,18,Hamburg Hbf,Hannover Hbf,IC,clear,False,True,False,2.0,False
2024-09-16,Monday,9,2024-09-16 19:21,19,Leipzig Hbf,Dresden Hbf,RE,rain,False,True,False,2.8,False
2024-09-16,Monday,9,2024-09-16 19:30,19,Frankfurt(Main) Hbf,Stuttgart Hbf,IC,clear,False,True,False,1.6,False
2024-09-16,Monday,9,2024-09-16 21:17,21,Cologne Hbf,Berlin Hbf,ICE,rain,False,False,False,6.6,True
2024-09-16,Monday,9,2024-09-16 22:30,22,Munich Hbf,Frankfurt(Main) Hbf,ICE,rain,False,False,False,1.2,False
2024-09-17,Tuesday,9,2024-09-17 05:15,5,Munich Hbf,Frankfurt(Main) Hbf,ICE,clear,False,False,False,3.5,False
2024-09-17,Tuesday,9,2024-09-17 05:39,5,Cologne Hbf,Berlin Hbf,ICE,clear,True,False,False,7.4,True
2024-09-17,Tuesday,9,2024-09-17 07:13,7,Frankfurt(Main) Hbf,Mainz Hbf,S-Bahn,rain,False,True,False,4.2,False
2024-09-17,Tuesday,9,2024-09-17 10:52,10,Munich Hbf,Frankfurt(Main) Hbf,ICE,clear,False,False,False,3.7,False
2024-09-17,Tuesday,9,2024-09-17 11:41,11,Leipzig Hbf,Dresden Hbf,RE,rain,False,False,False,4.1,False
2024-09-17,Tuesday,9,2024-09-17 11:59,11,Hamburg Hbf,Hannover Hbf,IC,clear,False,False,False,1.5,False
2024-09-17,Tuesday,9,2024-09-17 12:02,12,Leipzig Hbf,Dresden Hbf,RE,rain,False,False,False,0.2,False
2024-09-17,Tuesday,9,2024-09-17 14:07,14,Berlin Hbf,Potsdam Hbf,S-Bahn,rain,False,False,False,0.6,False
2024-09-17,Tuesday,9,2024-09-17 15:32,15,Leipzig Hbf,Dresden Hbf,RE,clear,False,False,False,0.8,False
2024-09-17,Tuesday,9,2024-09-17 16:13,16,Leipzig Hbf,Dresden Hbf,RE,clear,False,False,False,2.5,False
2024-09-17,Tuesday,9,2024-09-17 17:07,17,Munich Hbf,Frankfurt(Main) Hbf,ICE,clear,False,True,False,2.3,False
2024-09-17,Tuesday,9,2024-09-17 22:25,22,Frankfurt(Main) Hbf,Mainz Hbf,S-Bahn,clear,False,False,False,0.1,False
2024-09-18,Wednesday,9,2024-09-18 06:08,6,Munich Hbf,Frankfurt(Main) Hbf,ICE,rain,False,False,False,4.9,False
2024-09-18,Wednesday,9,2024-09-18 06:48,6,Berlin Hbf,Hamburg Hbf,ICE,clear,False,False,False,0.7,False
2024-09-18,Wednesday,9,2024-09-18 07:12,7,Berlin Hbf,Potsdam Hbf,S-Bahn,clear,False,True,False,1.1,False
2024-09-18,Wednesday,9,2024-09-18 08:30,8,Munich Hbf,Augsburg Hbf,RE,clear,True,True,False,7.4,True
2024-09-18,Wednesday,9,2024-09-18 09:58,9,Berlin Hbf,Potsdam Hbf,S-Bahn,rain,False,False,False,0.8,False
2024-09-18,Wednesday,9,2024-09-18 11:32,11,Berlin Hbf,Hamburg Hbf,ICE,rain,False,False,False,6.5,True
2024-09-18,Wednesday,9,2024-09-18 12:07,12,Leipzig Hbf,Dresden Hbf,RE,clear,False,False,False,1.9,False
2024-09-18,Wednesday,9,2024-09-18 14:19,14,Leipzig Hbf,Dresden Hbf,RE,rain,False,False,False,1.9,False
2024-09-18,Wednesday,9,2024-09-18 14:38,14,Munich Hbf,Frankfurt(Main) Hbf,ICE,clear,False,False,False,3.2,False
2024-09-18,Wednesday,9,2024-09-18 17:38,17,Leipzig Hbf,Dresden Hbf,RE,storm,False,True,False,7.6,True
2024-09-18,Wednesday,9,2024-09-18 20:18,20,Frankfurt(Main) Hbf,Stuttgart Hbf,IC,clear,True,False,False,5.2,True
2024-09-18,Wednesday,9,2024-09-18 20:33,20,Berlin Hbf,Hamburg Hbf,ICE,rain,False,False,False,2.9,False
2024-09-19,Thursday,9,2024-09-19 06:07,6,Frankfurt(Main) Hbf,Stuttgart Hbf,IC,rain,True,False,False,10.4,True
2024-09-19,Thursday,9,2024-09-19 10:42,10,Munich Hbf,Frankfurt(Main) Hbf,ICE,rain,False,False,False,3.1,False
2024-09-19,Thursday,9,2024-09-19 11:45,11,Munich Hbf,Frankfurt(Main) Hbf,ICE,clear,False,False,False,4.3,False
2024-09-19,Thursday,9,2024-09-19 16:45,16,Frankfurt(Main) Hbf,Mainz Hbf,S-Bahn,clear,True,False,False,4.2,False
2024-09-19,Thursday,9,2024-09-19 17:10,17,Berlin Hbf,Potsdam Hbf,S-Bahn,rain,False,True,False,1.4,False
2024-09-19,Thursday,9,2024-09-19 18:11,18,Cologne Hbf,Berlin Hbf,ICE,clear,False,True,False,7.1,True
2024-09-19,Thursday,9,2024-09-19 18:14,18,Berlin Hbf,Hamburg Hbf,ICE,rain,True,True,False,20.6,True
2024-09-19,Thursday,9,2024-09-19 19:51,19,Hamburg Hbf,Hannover Hbf,IC,storm,False,True,False,7.2,True
2024-09-19,Thursday,9,2024-09-19 20:43,20,Leipzig Hbf,Dresden Hbf,RE,clear,False,False,False,1.7,False
2024-09-19,Thursday,9,2024-09-19 22:31,22,Leipzig Hbf,Dresden Hbf,RE,rain,True,False,False,2.9,False
2024-09-20,Friday,9,2024-09-20 05:21,5,Hamburg Hbf,Hannover Hbf,IC,clear,True,False,False,2.1,False
2024-09-20,Friday,9,2024-09-20 08:23,8,Berlin Hbf,Potsdam Hbf,S-Bahn,rain,False,True,False,1.3,False
2024-09-20,Friday,9,2024-09-20 10:53,10,Cologne Hbf,Berlin Hbf,ICE,clear,False,False,False,8.8,True
2024-09-20,Friday,9,2024-09-20 10:58,10,Cologne Hbf,Berlin Hbf,ICE,clear,False,False,False,5.8,True
2024-09-20,Friday,9,2024-09-20 11:50,11,Munich Hbf,Augsburg Hbf,RE,clear,False,False,False,1.4,False
2024-09-20,Friday,9,2024-09-20 12:21,12,Munich Hbf,Augsburg Hbf,RE,rain,False,False,False,4.7,False
2024-09-20,Friday,9,2024-09-20 12:41,12,Hamburg Hbf,Hannover Hbf,IC,rain,False,False,False,2.9,False
2024-09-20,Friday,9,2024-09-20 12:45,12,Frankfurt(Main) Hbf,Mainz Hbf,S-Bahn,clear,False,False,False,1.9,False
2024-09-20,Friday,9,2024-09-20 13:11,13,Berlin Hbf,Hamburg Hbf,ICE,clear,False,False,False,3.7,False
2024-09-20,Friday,9,2024-09-20 15:10,15,Frankfurt(Main) Hbf,Stuttgart Hbf,IC,clear,False,False,False,1.9,False
2024-09-20,Friday,9,2024-09-20 15:55,15,Leipzig Hbf,Dresden Hbf,RE,clear,False,False,False,0.2,False
2024-09-20,Friday,9,2024-09-20 16:24,16,Munich Hbf,Augsburg Hbf,RE,clear,False,False,False,1.7,False
2024-09-20,Friday,9,2024-09-20 16:44,16,Frankfurt(Main) Hbf,Mainz Hbf,S-Bahn,rain,True,False,False,27.6,True
2024-09-21,Saturday,9,2024-09-21 07:37,7,Cologne Hbf,Bonn Hbf,RE,rain,False,True,True,1.2,False
2024-09-21,Saturday,9,2024-09-21 08:29,8,Cologne Hbf,Bonn Hbf,RE,rain,False,True,True,0.6,False
2024-09-21,Saturday,9,2024-09-21 09:08,9,Munich Hbf,Frankfurt(Main) Hbf,ICE,rain,False,False,True,1.5,False
2024-09-21,Saturday,9,2024-09-21 13:10,13,Munich Hbf,Frankfurt(Main) Hbf,ICE,clear,False,False,True,3.0,False
2024-09-21,Saturday,9,2024-09-21 13:29,13,Hamburg Hbf,Hannover Hbf,IC,clear,False,False,True,2.4,False
2024-09-21,Saturday,9,2024-09-21 15:12,15,Cologne Hbf,Berlin Hbf,ICE,rain,False,False,True,3.1,False
2024-09-21,Saturday,9,2024-09-21 15:38,15,Munich Hbf,Augsburg Hbf,RE,clear,False,False,True,3.8,False
2024-09-21,Saturday,9,2024-09-21 17:32,17,Cologne Hbf,Bonn Hbf,RE,clear,False,True,True,0.4,False
2024-09-21,Saturday,9,2024-09-21 20:20,20,Munich Hbf,Augsburg Hbf,RE,storm,False,False,True,7.3,True
2024-09-22,Sunday,9,2024-09-22 06:41,6,Munich Hbf,Augsburg Hbf,RE,rain,False,False,True,1.3,False
2024-09-22,Sunday,9,2024-09-22 12:49,12,Cologne Hbf,Berlin Hbf,ICE,storm,True,False,True,5.9,True
2024-09-22,Sunday,9,2024-09-22 12:58,12,Frankfurt(Main) Hbf,Mainz Hbf,S-Bahn,clear,False,False,True,3.0,False
2024-09-22,Sunday,9,2024-09-22 13:57,13,Hamburg Hbf,Hannover Hbf,IC,clear,False,False,True,0.4,False
2024-09-22,Sunday,9,2024-09-22 15:41,15,Munich Hbf,Frankfurt(Main) Hbf,ICE,clear,False,False,True,10.0,True
2024-09-22,Sunday,9,2024-09-22 16:30,16,Leipzig Hbf,Dresden Hbf,RE,rain,False,False,True,0.8,False
2024-09-22,Sunday,9,2024-09-22 17:08,17,Munich Hbf,Frankfurt(Main) Hbf,ICE,clear,False,True,True,4.5,False
2024-09-22,Sunday,9,2024-09-22 17:27,17,Munich Hbf,Augsburg Hbf,RE,rain,False,True,True,1.8,False
2024-09-22,Sunday,9,2024-09-22 17:54,17,Frankfurt(Main) Hbf,Mainz Hbf,S-Bahn,clear,False,True,True,3.1,False
2024-09-22,Sunday,9,2024-09-22 18:20,18,Cologne Hbf,Bonn Hbf,RE,clear,False,True,True,5.6,True
2024-09-23,Monday,9,2024-09-23 07:22,7,Frankfurt(Main) Hbf,Mainz Hbf,S-Bahn,clear,False,True,False,0.7,False
2024-09-23,Monday,9,2024-09-23 07:48,7,Cologne Hbf,Bonn Hbf,RE,rain,False,True,False,0.1,False
2024-09-23,Monday,9,2024-09-23 08:48,8,Berlin Hbf,Potsdam Hbf,S-Bahn,clear,False,True,False,34.2,True
2024-09-23,Monday,9,2024-09-23 10:16,10,Frankfurt(Main) Hbf,Mainz Hbf,S-Bahn,clear,False,False,False,2.3,False
2024-09-23,Monday,9,2024-09-23 11:47,11,Cologne Hbf,Bonn Hbf,RE,clear,False,False,False,1.4,False
2024-09-23,Monday,9,2024-09-23 13:40,13,Leipzig Hbf,Dresden Hbf,RE,clear,False,False,False,0.9,False
2024-09-23,Monday,9,2024-09-23 16:34,16,Leipzig Hbf,Dresden Hbf,RE,clear,False,False,False,0.9,False
2024-09-24,Tuesday,9,2024-09-24 05:58,5,Munich Hbf,Frankfurt(Main) Hbf,ICE,clear,False,False,False,6.0,True
2024-09-24,Tuesday,9,2024-09-24 06:41,6,Berlin Hbf,Hamburg Hbf,ICE,clear,True,False,False,4.3,False
2024-09-24,Tuesday,9,2024-09-24 08:12,8,Frankfurt(Main) Hbf,Mainz Hbf,S-Bahn,clear,False,True,False,3.7,False
2024-09-24,Tuesday,9,2024-09-24 09:04,9,Cologne Hbf,Berlin Hbf,ICE,clear,False,False,False,3.6,False
2024-09-24,Tuesday,9,2024-09-24 10:45,10,Munich Hbf,Frankfurt(Main) Hbf,ICE,clear,True,False,False,4.8,False
2024-09-24,Tuesday,9,2024-09-24 11:15,11,Frankfurt(Main) Hbf,Stuttgart Hbf,IC,clear,False,False,False,2.4,False
2024-09-24,Tuesday,9,2024-09-24 14:30,14,Frankfurt(Main) Hbf,Mainz Hbf,S-Bahn,rain,False,False,False,0.7,False
2024-09-24,Tuesday,9,2024-09-24 16:25,16,Munich Hbf,Augsburg Hbf,RE,clear,True,False,False,2.6,False
2024-09-24,Tuesday,9,2024-09-24 17:05,17,Munich Hbf,Frankfurt(Main) Hbf,ICE,clear,False,True,False,6.7,True
2024-09-24,Tuesday,9,2024-09-24 17:27,17,Cologne Hbf,Bonn Hbf,RE,rain,True,True,False,0.8,False
2024-09-24,Tuesday,9,2024-09-24 17:52,17,Cologne Hbf,Berlin Hbf,ICE,clear,False,True,False,4.9,False
2024-09-24,Tuesday,9,2024-09-24 20:23,20,Cologne Hbf,Bonn Hbf,RE,clear,False,False,False,1.1,False
2024-09-25,Wednesday,9,2024-09-25 05:05,5,Munich Hbf,Augsburg Hbf,RE,clear,True,False,False,0.9,False
2024-09-25,Wednesday,9,2024-09-25 05:17,5,Cologne Hbf,Berlin Hbf,ICE,clear,False,False,False,41.9,True
2024-09-25,Wednesday,9,2024-09-25 07:22,7,Berlin Hbf,Potsdam Hbf,S-Bahn,clear,False,True,False,0.1,False
2024-09-25,Wednesday,9,2024-09-25 07:24,7,Cologne Hbf,Bonn Hbf,RE,clear,False,True,False,0.5,False
2024-09-25,Wednesday,9,2024-09-25 07:36,7,Cologne Hbf,Bonn Hbf,RE,rain,True,True,False,5.2,True
2024-09-25,Wednesday,9,2024-09-25 08:13,8,Berlin Hbf,Hamburg Hbf,ICE,clear,False,True,False,5.0,False
2024-09-25,Wednesday,9,2024-09-25 08:34,8,Munich Hbf,Augsburg Hbf,RE,clear,False,True,False,0.1,False
2024-09-25,Wednesday,9,2024-09-25 09:15,9,Munich Hbf,Augsburg Hbf,RE,rain,False,False,False,0.8,False
2024-09-25,Wednesday,9,2024-09-25 12:44,12,Frankfurt(Main) Hbf,Mainz Hbf,S-Bahn,clear,True,False,False,1.3,False
2024-09-25,Wednesday,9,2024-09-25 14:05,14,Berlin Hbf,Potsdam Hbf,S-Bahn,rain,True,False,False,3.2,False
2024-09-25,Wednesday,9,2024-09-25 14:22,14,Munich Hbf,Frankfurt(Main) Hbf,ICE,clear,False,False,False,6.5,True
2024-09-25,Wednesday,9,2024-09-25 15:56,15,Berlin Hbf,Potsdam Hbf,S-Bahn,rain,False,False,False,3.8,False
2024-09-25,Wednesday,9,2024-09-25 16:12,16,Cologne Hbf,Bonn Hbf,RE,rain,False,False,False,0.3,False
2024-09-25,Wednesday,9,2024-09-25 16:38,16,Leipzig Hbf,Dresden Hbf,RE,clear,False,False,False,0.4,False
2024-09-25,Wednesday,9,2024-09-25 17:11,17,Cologne Hbf,Bonn Hbf,RE,rain,False,True,False,3.9,False
2024-09-25,Wednesday,9,2024-09-25 17:11,17,Munich Hbf,Augsburg Hbf,RE,rain,False,True,False,3.2,False
2024-09-25,Wednesday,9,2024-09-25 17:33,17,Berlin Hbf,Potsdam Hbf,S-Bahn,clear,True,True,False,2.3,False
2024-09-25,Wednesday,9,2024-09-25 21:10,21,Hamburg Hbf,Hannover Hbf,IC,rain,False,False,False,5.3,True
2024-09-26,Thursday,9,2024-09-26 05:13,5,Hamburg Hbf,Hannover Hbf,IC,clear,False,False,False,3.6,False
2024-09-26,Thursday,9,2024-09-26 06:08,6,Hamburg Hbf,Hannover Hbf,IC,storm,False,False,False,5.4,True
2024-09-26,Thursday,9,2024-09-26 07:11,7,Munich Hbf,Augsburg Hbf,RE,clear,True,True,False,0.6,False
2024-09-26,Thursday,9,2024-09-26 07:17,7,Munich Hbf,Augsburg Hbf,RE,rain,False,True,False,2.4,False
2024-09-26,Thursday,9,2024-09-26 07:24,7,Cologne Hbf,Berlin Hbf,ICE,clear,False,True,False,7.9,True
2024-09-26,Thursday,9,2024-09-26 08:12,8,Cologne Hbf,Bonn Hbf,RE,clear,False,True,False,0.8,False
2024-09-26,Thursday,9,2024-09-26 08:12,8,Cologne Hbf,Bonn Hbf,RE,rain,False,True,False,5.2,True
2024-09-26,Thursday,9,2024-09-26 08:37,8,Leipzig Hbf,Dresden Hbf,RE,rain,True,True,False,3.0,False
2024-09-26,Thursday,9,2024-09-26 09:50,9,Leipzig Hbf,Dresden Hbf,RE,clear,False,False,False,2.1,False
2024-09-26,Thursday,9,2024-09-26 12:42,12,Cologne Hbf,Berlin Hbf,ICE,clear,True,False,False,3.8,False
2024-09-26,Thursday,9,2024-09-26 19:56,19,Cologne Hbf,Berlin Hbf,ICE,clear,False,True,False,4.9,False
2024-09-26,Thursday,9,2024-09-26 21:20,21,Frankfurt(Main) Hbf,Stuttgart Hbf,IC,clear,False,False,False,1.2,False
2024-09-26,Thursday,9,2024-09-26 21:59,21,Frankfurt(Main) Hbf,Mainz Hbf,S-Bahn,rain,False,False,False,2.1,False
2024-09-27,Friday,9,2024-09-27 05:18,5,Berlin Hbf,Hamburg Hbf,ICE,clear,False,False,False,3.4,False
2024-09-27,Friday,9,2024-09-27 07:05,7,Munich Hbf,Augsburg Hbf,RE,clear,True,True,False,5.1,True
2024-09-27,Friday,9,2024-09-27 13:23,13,Berlin Hbf,Potsdam Hbf,S-Bahn,clear,True,False,False,0.2,False
2024-09-27,Friday,9,2024-09-27 15:27,15,Berlin Hbf,Hamburg Hbf,ICE,clear,False,False,False,6.3,True
2024-09-27,Friday,9,2024-09-27 15:48,15,Frankfurt(Main) Hbf,Stuttgart Hbf,IC,storm,True,False,False,8.0,True
2024-09-27,Friday,9,2024-09-27 16:36,16,Frankfurt(Main) Hbf,Mainz Hbf,S-Bahn,rain,False,False,False,1.5,False
2024-09-27,Friday,9,2024-09-27 16:40,16,Munich Hbf,Frankfurt(Main) Hbf,ICE,clear,False,False,False,4.8,False
2024-09-27,Friday,9,2024-09-27 17:27,17,Frankfurt(Main) Hbf,Mainz Hbf,S-Bahn,clear,False,True,False,4.7,False
2024-09-27,Friday,9,2024-09-27 17:48,17,Hamburg Hbf,Hannover Hbf,IC,clear,False,True,False,3.5,False
2024-09-27,Friday,9,2024-09-27 18:56,18,Berlin Hbf,Potsdam Hbf,S-Bahn,clear,False,True,False,4.8,False
2024-09-27,Friday,9,2024-09-27 21:51,21,Frankfurt(Main) Hbf,Stuttgart Hbf,IC,storm,False,False,False,16.1,True
2024-09-28,Saturday,9,2024-09-28 05:34,5,Berlin Hbf,Hamburg Hbf,ICE,clear,False,False,True,2.7,False
2024-09-28,Saturday,9,2024-09-28 08:21,8,Leipzig Hbf,Dresden Hbf,RE,rain,False,True,True,1.6,False
2024-09-28,Saturday,9,2024-09-28 09:05,9,Munich Hbf,Frankfurt(Main) Hbf,ICE,clear,False,False,True,2.7,False
2024-09-28,Saturday,9,2024-09-28 09:40,9,Berlin Hbf,Hamburg Hbf,ICE,rain,False,False,True,2.6,False
2024-09-28,Saturday,9,2024-09-28 11:45,11,Leipzig Hbf,Dresden Hbf,RE,clear,False,False,True,1.7,False
2024-09-28,Saturday,9,2024-09-28 11:47,11,Leipzig Hbf,Dresden Hbf,RE,clear,False,False,True,3.5,False
2024-09-28,Saturday,9,2024-09-28 14:10,14,Munich Hbf,Augsburg Hbf,RE,clear,False,False,True,2.3,False
2024-09-28,Saturday,9,2024-09-28 17:34,17,Leipzig Hbf,Dresden Hbf,RE,clear,False,True,True,1.4,False
2024-09-29,Sunday,9,2024-09-29 08:14,8,Frankfurt(Main) Hbf,Mainz Hbf,S-Bahn,clear,True,True,True,1.0,False
2024-09-29,Sunday,9,2024-09-29 10:29,10,Hamburg Hbf,Hannover Hbf,IC,rain,False,False,True,5.6,True
2024-09-29,Sunday,9,2024-09-29 13:12,13,Hamburg Hbf,Hannover Hbf,IC,storm,False,False,True,3.3,False
2024-09-29,Sunday,9,2024-09-29 15:11,15,Berlin Hbf,Potsdam Hbf,S-Bahn,clear,True,False,True,2.5,False
2024-09-29,Sunday,9,2024-09-29 18:07,18,Berlin Hbf,Hamburg Hbf,ICE,storm,False,True,True,6.0,True
2024-09-29,Sunday,9,2024-09-29 20:48,20,Cologne Hbf,Berlin Hbf,ICE,storm,True,False,True,13.9,True
2024-09-30,Monday,9,2024-09-30 06:10,6,Cologne Hbf,Berlin Hbf,ICE,storm,False,False,False,9.1,True
2024-09-30,Monday,9,2024-09-30 07:00,7,Leipzig Hbf,Dresden Hbf,RE,rain,False,True,False,2.8,False
2024-09-30,Monday,9,2024-09-30 07:14,7,Berlin Hbf,Potsdam Hbf,S-Bahn,clear,True,True,False,0.4,False
2024-09-30,Monday,9,2024-09-30 08:03,8,Leipzig Hbf,Dresden Hbf,RE,rain,False,True,False,0.9,False
2024-09-30,Monday,9,2024-09-30 09:35,9,Cologne Hbf,Berlin Hbf,ICE,clear,False,False,False,1.8,False
2024-09-30,Monday,9,2024-09-30 09:42,9,Cologne Hbf,Berlin Hbf,ICE,clear,False,False,False,11.5,True
2024-09-30,Monday,9,2024-09-30 18:15,18,Cologne Hbf,Bonn Hbf,RE,clear,False,True,False,3.6,False
2024-09-30,Monday,9,2024-09-30 20:57,20,Berlin Hbf,Potsdam Hbf,S-Bahn,rain,False,False,False,2.5,False
2024-09-30,Monday,9,2024-09-30 21:24,21,Munich Hbf,Frankfurt(Main) Hbf,ICE,rain,True,False,False,9.3,True
2024-09-30,Monday,9,2024-09-30 22:08,22,Frankfurt(Main) Hbf,Stuttgart Hbf,IC,clear,False,False,False,0.8,False
2024-09-30,Monday,9,2024-09-30 22:31,22,Cologne Hbf,Berlin Hbf,ICE,clear,False,False,False,8.4,True
2024-10-01,Tuesday,10,2024-10-01 05:50,5,Hamburg Hbf,Hannover Hbf,IC,clear,True,False,False,4.3,False
2024-10-01,Tuesday,10,2024-10-01 07:32,7,Munich Hbf,Frankfurt(Main) Hbf,ICE,clear,False,True,False,1.5,False
2024-10-01,Tuesday,10,2024-10-01 07:58,7,Munich Hbf,Frankfurt(Main) Hbf,ICE,storm,False,True,False,5.2,True
2024-10-01,Tuesday,10,2024-10-01 08:02,8,Leipzig Hbf,Dresden Hbf,RE,rain,False,True,False,6.3,True
2024-10-01,Tuesday,10,2024-10-01 13:14,13,Berlin Hbf,Potsdam Hbf,S-Bahn,snow,False,False,False,0.5,False
2024-10-01,Tuesday,10,2024-10-01 14:15,14,Leipzig Hbf,Dresden Hbf,RE,storm,True,False,False,6.8,True
2024-10-01,Tuesday,10,2024-10-01 14:23,14,Cologne Hbf,Bonn Hbf,RE,rain,False,False,False,5.2,True
2024-10-01,Tuesday,10,2024-10-01 16:07,16,Cologne Hbf,Berlin Hbf,ICE,storm,False,False,False,8.3,True
2024-10-01,Tuesday,10,2024-10-01 17:49,17,Cologne Hbf,Berlin Hbf,ICE,clear,False,True,False,5.5,True
2024-10-01,Tuesday,10,2024-10-01 17:50,17,Frankfurt(Main) Hbf,Mainz Hbf,S-Bahn,rain,False,True,False,1.8,False
2024-10-01,Tuesday,10,2024-10-01 17:53,17,Munich Hbf,Augsburg Hbf,RE,rain,False,True,False,1.7,False
2024-10-01,Tuesday,10,2024-10-01 18:36,18,Hamburg Hbf,Hannover Hbf,IC,snow,False,True,False,7.7,True
2024-10-01,Tuesday,10,2024-10-01 19:15,19,Hamburg Hbf,Hannover Hbf,IC,rain,False,True,False,11.2,True
2024-10-01,Tuesday,10,2024-10-01 20:04,20,Munich Hbf,Frankfurt(Main) Hbf,ICE,snow,False,False,False,8.4,True
2024-10-02,Wednesday,10,2024-10-02 07:36,7,Leipzig Hbf,Dresden Hbf,RE,rain,False,True,False,0.8,False
2024-10-02,Wednesday,10,2024-10-02 07:39,7,Berlin Hbf,Potsdam Hbf,S-Bahn,rain,True,True,False,2.7,False
2024-10-02,Wednesday,10,2024-10-02 08:29,8,Cologne Hbf,Berlin Hbf,ICE,rain,True,True,False,6.0,True
2024-10-02,Wednesday,10,2024-10-02 08:57,8,Cologne Hbf,Bonn Hbf,RE,rain,False,True,False,1.3,False
2024-10-02,Wednesday,10,2024-10-02 10:42,10,Berlin Hbf,Hamburg Hbf,ICE,storm,True,False,False,10.6,True
2024-10-02,Wednesday,10,2024-10-02 11:05,11,Munich Hbf,Augsburg Hbf,RE,storm,False,False,False,1.7,False
2024-10-02,Wednesday,10,2024-10-02 13:04,13,Berlin Hbf,Hamburg Hbf,ICE,rain,False,False,False,4.4,False
2024-10-02,Wednesday,10,2024-10-02 15:39,15,Hamburg Hbf,Hannover Hbf,IC,storm,False,False,False,6.0,True
2024-10-02,Wednesday,10,2024-10-02 16:06,16,Frankfurt(Main) Hbf,Mainz Hbf,S-Bahn,rain,True,False,False,4.1,False
2024-10-02,Wednesday,10,2024-10-02 18:29,18,Frankfurt(Main) Hbf,Stuttgart Hbf,IC,clear,False,True,False,6.5,True
2024-10-02,Wednesday,10,2024-10-02 19:54,19,Frankfurt(Main) Hbf,Stuttgart Hbf,IC,storm,True,True,False,6.6,True
2024-10-02,Wednesday,10,2024-10-02 20:06,20,Munich Hbf,Augsburg Hbf,RE,rain,False,False,False,2.2,False
2024-10-02,Wednesday,10,2024-10-02 20:13,20,Cologne Hbf,Berlin Hbf,ICE,clear,False,False,False,4.7,False
2024-10-02,Wednesday,10,2024-10-02 20:28,20,Leipzig Hbf,Dresden Hbf,RE,storm,False,False,False,3.9,False
2024-10-02,Wednesday,10,2024-10-02 20:34,20,Hamburg Hbf,Hannover Hbf,IC,storm,False,False,False,3.4,False
2024-10-03,Thursday,10,2024-10-03 06:56,6,Cologne Hbf,Bonn Hbf,RE,clear,False,False,False,1.9,False
2024-10-03,Thursday,10,2024-10-03 07:04,7,Hamburg Hbf,Hannover Hbf,IC,rain,False,True,False,4.5,False
2024-10-03,Thursday,10,2024-10-03 07:34,7,Frankfurt(Main) Hbf,Stuttgart Hbf,IC,clear,False,True,False,3.3,False
2024-10-03,Thursday,10,2024-10-03 08:23,8,Cologne Hbf,Bonn Hbf,RE,rain,False,True,False,3.0,False
2024-10-03,Thursday,10,2024-10-03 08:25,8,Cologne Hbf,Berlin Hbf,ICE,clear,True,True,False,7.8,True
2024-10-03,Thursday,10,2024-10-03 08:57,8,Leipzig Hbf,Dresden Hbf,RE,clear,False,True,False,1.8,False
2024-10-03,Thursday,10,2024-10-03 09:31,9,Hamburg Hbf,Hannover Hbf,IC,clear,False,False,False,2.3,False
2024-10-03,Thursday,10,2024-10-03 10:24,10,Cologne Hbf,Berlin Hbf,ICE,rain,False,False,False,6.9,True
2024-10-03,Thursday,10,2024-10-03 10:55,10,Hamburg Hbf,Hannover Hbf,IC,rain,False,False,False,2.1,False
2024-10-03,Thursday,10,2024-10-03 11:41,11,Frankfurt(Main) Hbf,Stuttgart Hbf,IC,clear,True,False,False,5.3,True
2024-10-03,Thursday,10,2024-10-03 11:52,11,Munich Hbf,Augsburg Hbf,RE,rain,False,False,False,3.0,False
2024-10-03,Thursday,10,2024-10-03 12:24,12,Munich Hbf,Augsburg Hbf,RE,rain,True,False,False,1.5,False
2024-10-03,Thursday,10,2024-10-03 15:06,15,Munich Hbf,Augsburg Hbf,RE,clear,False,False,False,2.1,False
2024-10-03,Thursday,10,2024-10-03 15:10,15,Berlin Hbf,Potsdam Hbf,S-Bahn,storm,False,False,False,2.6,False
2024-10-03,Thursday,10,2024-10-03 18:53,18,Frankfurt(Main) Hbf,Stuttgart Hbf,IC,rain,False,True,False,8.0,True
2024-10-03,Thursday,10,2024-10-03 19:42,19,Cologne Hbf,Bonn Hbf,RE,clear,False,True,False,2.4,False
2024-10-03,Thursday,10,2024-10-03 20:15,20,Cologne Hbf,Bonn Hbf,RE,rain,False,False,False,3.6,False
2024-10-04,Friday,10,2024-10-04 07:15,7,Frankfurt(Main) Hbf,Mainz Hbf,S-Bahn,clear,False,True,False,1.8,False
2024-10-04,Friday,10,2024-10-04 08:47,8,Berlin Hbf,Potsdam Hbf,S-Bahn,clear,False,True,False,4.4,False
2024-10-04,Friday,10,2024-10-04 09:18,9,Frankfurt(Main) Hbf,Stuttgart Hbf,IC,clear,False,False,False,1.1,False
2024-10-04,Friday,10,2024-10-04 10:29,10,Munich Hbf,Augsburg Hbf,RE,rain,False,False,False,1.3,False
2024-10-04,Friday,10,2024-10-04 12:20,12,Leipzig Hbf,Dresden Hbf,RE,clear,False,False,False,0.7,False
2024-10-04,Friday,10,2024-10-04 16:04,16,Cologne Hbf,Berlin Hbf,ICE,clear,False,False,False,4.1,False
2024-10-04,Friday,10,2024-10-04 16:20,16,Frankfurt(Main) Hbf,Mainz Hbf,S-Bahn,clear,False,False,False,0.4,False
2024-10-04,Friday,10,2024-10-04 18:14,18,Cologne Hbf,Bonn Hbf,RE,rain,False,True,False,5.4,True
2024-10-04,Friday,10,2024-10-04 20:04,20,Cologne Hbf,Bonn Hbf,RE,clear,False,False,False,0.2,False
2024-10-05,Saturday,10,2024-10-05 06:55,6,Berlin Hbf,Hamburg Hbf,ICE,rain,False,False,True,6.3,True
2024-10-05,Saturday,10,2024-10-05 07:10,7,Berlin Hbf,Hamburg Hbf,ICE,clear,False,True,True,1.6,False
2024-10-05,Saturday,10,2024-10-05 08:43,8,Frankfurt(Main) Hbf,Stuttgart Hbf,IC,rain,False,True,True,0.5,False
2024-10-05,Saturday,10,2024-10-05 08:59,8,Berlin Hbf,Potsdam Hbf,S-Bahn,rain,True,True,True,1.4,False
2024-10-05,Saturday,10,2024-10-05 09:40,9,Munich Hbf,Frankfurt(Main) Hbf,ICE,rain,False,False,True,6.1,True
2024-10-05,Saturday,10,2024-10-05 10:40,10,Frankfurt(Main) Hbf,Stuttgart Hbf,IC,clear,False,False,True,1.1,False
2024-10-05,Saturday,10,2024-10-05 11:08,11,Munich Hbf,Frankfurt(Main) Hbf,ICE,clear,False,False,True,3.1,False
2024-10-05,Saturday,10,2024-10-05 13:04,13,Munich Hbf,Frankfurt(Main) Hbf,ICE,rain,False,False,True,3.6,False
2024-10-05,Saturday,10,2024-10-05 13:55,13,Berlin Hbf,Potsdam Hbf,S-Bahn,snow,False,False,True,1.9,False
2024-10-05,Saturday,10,2024-10-05 14:17,14,Frankfurt(Main) Hbf,Stuttgart Hbf,IC,clear,False,False,True,11.4,True
2024-10-05,Saturday,10,2024-10-05 16:01,16,Frankfurt(Main) Hbf,Mainz Hbf,S-Bahn,clear,False,False,True,2.5,False
2024-10-05,Saturday,10,2024-10-05 16:32,16,Frankfurt(Main) Hbf,Mainz Hbf,S-Bahn,clear,False,False,True,2.1,False
2024-10-05,Saturday,10,2024-10-05 16:45,16,Hamburg Hbf,Hannover Hbf,IC,clear,False,False,True,3.6,False
2024-10-05,Saturday,10,2024-10-05 16:55,16,Berlin Hbf,Potsdam Hbf,S-Bahn,clear,True,False,True,2.3,False
2024-10-05,Saturday,10,2024-10-05 19:22,19,Hamburg Hbf,Hannover Hbf,IC,rain,False,True,True,3.2,False
2024-10-05,Saturday,10,2024-10-05 20:13,20,Hamburg Hbf,Hannover Hbf,IC,clear,False,False,True,1.9,False
2024-10-06,Sunday,10,2024-10-06 06:20,6,Frankfurt(Main) Hbf,Stuttgart Hbf,IC,rain,True,False,True,7.1,True
2024-10-06,Sunday,10,2024-10-06 06:34,6,Frankfurt(Main) Hbf,Mainz Hbf,S-Bahn,clear,False,False,True,6.7,True
2024-10-06,Sunday,10,2024-10-06 06:56,6,Cologne Hbf,Berlin Hbf,ICE,clear,False,False,True,8.2,True
2024-10-06,Sunday,10,2024-10-06 07:43,7,Berlin Hbf,Potsdam Hbf,S-Bahn,rain,False,True,True,0.4,False
2024-10-06,Sunday,10,2024-10-06 07:49,7,Munich Hbf,Augsburg Hbf,RE,clear,True,True,True,0.5,False
2024-10-06,Sunday,10,2024-10-06 10:48,10,Cologne Hbf,Berlin Hbf,ICE,clear,False,False,True,10.7,True
2024-10-06,Sunday,10,2024-10-06 15:50,15,Hamburg Hbf,Hannover Hbf,IC,storm,False,False,True,0.9,False
2024-10-06,Sunday,10,2024-10-06 16:22,16,Munich Hbf,Frankfurt(Main) Hbf,ICE,clear,False,False,True,2.1,False
2024-10-06,Sunday,10,2024-10-06 16:43,16,Hamburg Hbf,Hannover Hbf,IC,rain,False,False,True,1.9,False
2024-10-06,Sunday,10,2024-10-06 18:23,18,Munich Hbf,Frankfurt(Main) Hbf,ICE,rain,False,True,True,8.2,True
2024-10-06,Sunday,10,2024-10-06 22:50,22,Berlin Hbf,Potsdam Hbf,S-Bahn,rain,False,False,True,2.5,False
2024-10-07,Monday,10,2024-10-07 07:57,7,Cologne Hbf,Bonn Hbf,RE,clear,False,True,False,3.6,False
2024-10-07,Monday,10,2024-10-07 09:09,9,Hamburg Hbf,Hannover Hbf,IC,clear,False,False,False,2.9,False
2024-10-07,Monday,10,2024-10-07 09:53,9,Cologne Hbf,Berlin Hbf,ICE,clear,True,False,False,8.4,True
2024-10-07,Monday,10,2024-10-07 10:18,10,Munich Hbf,Augsburg Hbf,RE,rain,False,False,False,1.5,False
2024-10-07,Monday,10,2024-10-07 10:34,10,Berlin Hbf,Hamburg Hbf,ICE,clear,False,False,False,4.7,False
2024-10-07,Monday,10,2024-10-07 11:36,11,Frankfurt(Main) Hbf,Mainz Hbf,S-Bahn,rain,True,False,False,1.5,False
2024-10-07,Monday,10,2024-10-07 12:55,12,Hamburg Hbf,Hannover Hbf,IC,clear,False,False,False,0.4,False
2024-10-07,Monday,10,2024-10-07 14:49,14,Cologne Hbf,Berlin Hbf,ICE,clear,True,False,False,7.6,True
2024-10-07,Monday,10,2024-10-07 15:48,15,Munich Hbf,Augsburg Hbf,RE,clear,False,False,False,4.8,False
2024-10-07,Monday,10,2024-10-07 15:57,15,Frankfurt(Main) Hbf,Mainz Hbf,S-Bahn,rain,False,False,False,0.7,False
2024-10-07,Monday,10,2024-10-07 16:01,16,Berlin Hbf,Hamburg Hbf,ICE,rain,False,False,False,6.1,True
2024-10-07,Monday,10,2024-10-07 17:27,17,Leipzig Hbf,Dresden Hbf,RE,rain,False,True,False,3.4,False
2024-10-07,Monday,10,2024-10-07 18:08,18,Frankfurt(Main) Hbf,Mainz Hbf,S-Bahn,clear,False,True,False,3.6,False
2024-10-07,Monday,10,2024-10-07 19:36,19,Berlin Hbf,Hamburg Hbf,ICE,rain,False,True,False,6.2,True
2024-10-07,Monday,10,2024-10-07 22:58,22,Berlin Hbf,Hamburg Hbf,ICE,rain,True,False,False,18.0,True
2024-10-08,Tuesday,10,2024-10-08 06:38,6,Berlin Hbf,Potsdam Hbf,S-Bahn,rain,False,False,False,0.4,False
2024-10-08,Tuesday,10,2024-10-08 07:36,7,Leipzig Hbf,Dresden Hbf,RE,clear,False,True,False,1.8,False
2024-10-08,Tuesday,10,2024-10-08 15:03,15,Cologne Hbf,Berlin Hbf,ICE,rain,False,False,False,5.9,True
2024-10-08,Tuesday,10,2024-10-08 15:24,15,Frankfurt(Main) Hbf,Mainz Hbf,S-Bahn,rain,False,False,False,0.2,False
2024-10-08,Tuesday,10,2024-10-08 15:38,15,Leipzig Hbf,Dresden Hbf,RE,clear,False,False,False,0.0,False
2024-10-08,Tuesday,10,2024-10-08 16:49,16,Leipzig Hbf,Dresden Hbf,RE,rain,False,False,False,2.8,False
2024-10-08,Tuesday,10,2024-10-08 17:46,17,Leipzig Hbf,Dresden Hbf,RE,rain,False,True,False,1.8,False
2024-10-08,Tuesday,10,2024-10-08 20:13,20,Frankfurt(Main) Hbf,Stuttgart Hbf,IC,clear,False,False,False,4.4,False
2024-10-09,Wednesday,10,2024-10-09 07:25,7,Berlin Hbf,Potsdam Hbf,S-Bahn,clear,False,True,False,1.1,False
2024-10-09,Wednesday,10,2024-10-09 07:37,7,Berlin Hbf,Potsdam Hbf,S-Bahn,clear,False,True,False,2.8,False
2024-10-09,Wednesday,10,2024-10-09 08:22,8,Cologne Hbf,Berlin Hbf,ICE,rain,False,True,False,7.9,True
2024-10-09,Wednesday,10,2024-10-09 09:38,9,Hamburg Hbf,Hannover Hbf,IC,rain,False,False,False,2.1,False
2024-10-09,Wednesday,10,2024-10-09 10:13,10,Munich Hbf,Augsburg Hbf,RE,clear,False,False,False,1.7,False
2024-10-09,Wednesday,10,2024-10-09 10:57,10,Berlin Hbf,Hamburg Hbf,ICE,snow,False,False,False,4.1,False
2024-10-09,Wednesday,10,2024-10-09 13:52,13,Cologne Hbf,Bonn Hbf,RE,clear,False,False,False,1.6,False
2024-10-09,Wednesday,10,2024-10-09 17:53,17,Berlin Hbf,Potsdam Hbf,S-Bahn,storm,False,True,False,3.0,False
2024-10-09,Wednesday,10,2024-10-09 20:33,20,Munich Hbf,Frankfurt(Main) Hbf,ICE,storm,False,False,False,11.0,True
2024-10-09,Wednesday,10,2024-10-09 22:16,22,Cologne Hbf,Berlin Hbf,ICE,clear,False,False,False,6.0,True
2024-10-10,Thursday,10,2024-10-10 07:36,7,Cologne Hbf,Bonn Hbf,RE,clear,False,True,False,0.1,False
2024-10-10,Thursday,10,2024-10-10 11:18,11,Cologne Hbf,Berlin Hbf,ICE,clear,False,False,False,2.7,False
2024-10-10,Thursday,10,2024-10-10 15:50,15,Berlin Hbf,Hamburg Hbf,ICE,clear,False,False,False,3.1,False
2024-10-10,Thursday,10,2024-10-10 16:48,16,Hamburg Hbf,Hannover Hbf,IC,clear,False,False,False,5.7,True
2024-10-10,Thursday,10,2024-10-10 18:58,18,Cologne Hbf,Bonn Hbf,RE,rain,False,True,False,1.1,False
2024-10-10,Thursday,10,2024-10-10 20:41,20,Munich Hbf,Frankfurt(Main) Hbf,ICE,snow,False,False,False,11.0,True
2024-10-10,Thursday,10,2024-10-10 20:47,20,Berlin Hbf,Potsdam Hbf,S-Bahn,clear,False,False,False,2.4,False
2024-10-10,Thursday,10,2024-10-10 21:40,21,Munich Hbf,Frankfurt(Main) Hbf,ICE,clear,False,False,False,1.4,False
2024-10-10,Thursday,10,2024-10-10 21:51,21,Cologne Hbf,Berlin Hbf,ICE,clear,False,False,False,2.6,False
2024-10-11,Friday,10,2024-10-11 06:32,6,Leipzig Hbf,Dresden Hbf,RE,storm,False,False,False,3.6,False
2024-10-11,Friday,10,2024-10-11 07:46,7,Leipzig Hbf,Dresden Hbf,RE,clear,False,True,False,1.4,False
2024-10-11,Friday,10,2024-10-11 13:19,13,Berlin Hbf,Potsdam Hbf,S-Bahn,clear,True,False,False,0.4,False
2024-10-11,Friday,10,2024-10-11 14:07,14,Berlin Hbf,Hamburg Hbf,ICE,clear,False,False,False,2.2,False
2024-10-11,Friday,10,2024-10-11 14:19,14,Berlin Hbf,Potsdam Hbf,S-Bahn,storm,False,False,False,2.8,False
2024-10-11,Friday,10,2024-10-11 15:04,15,Cologne Hbf,Bonn Hbf,RE,clear,False,False,False,4.3,False
2024-10-11,Friday,10,2024-10-11 15:06,15,Munich Hbf,Frankfurt(Main) Hbf,ICE,clear,False,False,False,3.6,False
2024-10-11,Friday,10,2024-10-11 17:10,17,Frankfurt(Main) Hbf,Mainz Hbf,S-Bahn,clear,False,True,False,4.6,False
2024-10-11,Friday,10,2024-10-11 18:15,18,Berlin Hbf,Potsdam Hbf,S-Bahn,snow,True,True,False,5.6,True
2024-10-11,Friday,10,2024-10-11 22:41,22,Berlin Hbf,Potsdam Hbf,S-Bahn,snow,True,False,False,2.9,False
2024-10-12,Saturday,10,2024-10-12 08:24,8,Munich Hbf,Frankfurt(Main) Hbf,ICE,clear,True,True,True,28.8,True
2024-10-12,Saturday,10,2024-10-12 09:33,9,Hamburg Hbf,Hannover Hbf,IC,rain,False,False,True,1.2,False
2024-10-12,Saturday,10,2024-10-12 14:29,14,Leipzig Hbf,Dresden Hbf,RE,rain,False,False,True,0.2,False
2024-10-12,Saturday,10,2024-10-12 15:22,15,Berlin Hbf,Potsdam Hbf,S-Bahn,rain,True,False,True,3.7,False
2024-10-12,Saturday,10,2024-10-12 18:25,18,Frankfurt(Main) Hbf,Mainz Hbf,S-Bahn,rain,False,True,True,6.9,True
2024-10-12,Saturday,10,2024-10-12 18:38,18,Berlin Hbf,Hamburg Hbf,ICE,storm,False,True,True,10.0,True
2024-10-12,Saturday,10,2024-10-12 19:18,19,Munich Hbf,Frankfurt(Main) Hbf,ICE,rain,False,True,True,1.6,False
2024-10-12,Saturday,10,2024-10-12 20:26,20,Munich Hbf,Frankfurt(Main) Hbf,ICE,clear,False,False,True,1.6,False
2024-10-12,Saturday,10,2024-10-12 21:20,21,Frankfurt(Main) Hbf,Stuttgart Hbf,IC,rain,False,False,True,9.3,True
2024-10-13,Sunday,10,2024-10-13 07:17,7,Frankfurt(Main) Hbf,Mainz Hbf,S-Bahn,clear,False,True,True,2.7,False
2024-10-13,Sunday,10,2024-10-13 08:21,8,Berlin Hbf,Potsdam Hbf,S-Bahn,rain,False,True,True,7.1,True
2024-10-13,Sunday,10,2024-10-13 09:57,9,Munich Hbf,Frankfurt(Main) Hbf,ICE,clear,False,False,True,1.9,False
2024-10-13,Sunday,10,2024-10-13 11:25,11,Frankfurt(Main) Hbf,Stuttgart Hbf,IC,clear,False,False,True,1.2,False
2024-10-13,Sunday,10,2024-10-13 14:10,14,Frankfurt(Main) Hbf,Stuttgart Hbf,IC,rain,False,False,True,3.0,False
2024-10-13,Sunday,10,2024-10-13 14:54,14,Munich Hbf,Augsburg Hbf,RE,rain,False,False,True,3.6,False
2024-10-13,Sunday,10,2024-10-13 15:22,15,Munich Hbf,Augsburg Hbf,RE,rain,False,False,True,0.4,False
2024-10-13,Sunday,10,2024-10-13 15:47,15,Berlin Hbf,Hamburg Hbf,ICE,clear,False,False,True,3.9,False
2024-10-13,Sunday,10,2024-10-13 16:24,16,Cologne Hbf,Berlin Hbf,ICE,rain,False,False,True,10.7,True
2024-10-13,Sunday,10,2024-10-13 18:00,18,Cologne Hbf,Berlin Hbf,ICE,clear,False,True,True,2.6,False
2024-10-13,Sunday,10,2024-10-13 18:23,18,Hamburg Hbf,Hannover Hbf,IC,clear,False,True,True,1.8,False
2024-10-13,Sunday,10,2024-10-13 20:55,20,Frankfurt(Main) Hbf,Mainz Hbf,S-Bahn,storm,False,False,True,1.6,False
2024-10-14,Monday,10,2024-10-14 06:09,6,Hamburg Hbf,Hannover Hbf,IC,clear,False,False,False,4.1,False
2024-10-14,Monday,10,2024-10-14 06:50,6,Munich Hbf,Frankfurt(Main) Hbf,ICE,clear,False,False,False,1.0,False
2024-10-14,Monday,10,2024-10-14 08:47,8,Cologne Hbf,Bonn Hbf,RE,rain,False,True,False,2.0,False
2024-10-14,Monday,10,2024-10-14 11:04,11,Berlin Hbf,Hamburg Hbf,ICE,clear,False,False,False,1.1,False
2024-10-14,Monday,10,2024-10-14 14:57,14,Munich Hbf,Frankfurt(Main) Hbf,ICE,clear,False,False,False,1.7,False
2024-10-14,Monday,10,2024-10-14 16:56,16,Frankfurt(Main) Hbf,Mainz Hbf,S-Bahn,clear,False,False,False,0.1,False
2024-10-14,Monday,10,2024-10-14 18:54,18,Berlin Hbf,Hamburg Hbf,ICE,clear,False,True,False,4.5,False
2024-10-14,Monday,10,2024-10-14 19:24,19,Frankfurt(Main) Hbf,Mainz Hbf,S-Bahn,rain,True,True,False,12.9,True
2024-10-14,Monday,10,2024-10-14 19:35,19,Leipzig Hbf,Dresden Hbf,RE,rain,False,True,False,2.3,False
2024-10-14,Monday,10,2024-10-14 19:40,19,Munich Hbf,Frankfurt(Main) Hbf,ICE,rain,False,True,False,10.9,True
2024-10-14,Monday,10,2024-10-14 20:37,20,Berlin Hbf,Potsdam Hbf,S-Bahn,snow,True,False,False,0.5,False
2024-10-14,Monday,10,2024-10-14 20:51,20,Berlin Hbf,Hamburg Hbf,ICE,clear,False,False,False,1.2,False
2024-10-15,Tuesday,10,2024-10-15 05:07,5,Munich Hbf,Frankfurt(Main) Hbf,ICE,rain,False,False,False,2.9,False
2024-10-15,Tuesday,10,2024-10-15 08:05,8,Frankfurt(Main) Hbf,Stuttgart Hbf,IC,clear,True,True,False,15.5,True
2024-10-15,Tuesday,10,2024-10-15 10:13,10,Hamburg Hbf,Hannover Hbf,IC,rain,False,False,False,3.4,False
2024-10-15,Tuesday,10,2024-10-15 11:14,11,Munich Hbf,Frankfurt(Main) Hbf,ICE,rain,False,False,False,6.0,True
2024-10-15,Tuesday,10,2024-10-15 13:05,13,Berlin Hbf,Hamburg Hbf,ICE,rain,False,False,False,2.4,False
2024-10-15,Tuesday,10,2024-10-15 15:06,15,Cologne Hbf,Bonn Hbf,RE,rain,False,False,False,9.2,True
2024-10-15,Tuesday,10,2024-10-15 15:47,15,Cologne Hbf,Bonn Hbf,RE,snow,True,False,False,2.3,False
2024-10-15,Tuesday,10,2024-10-15 16:16,16,Munich Hbf,Frankfurt(Main) Hbf,ICE,rain,True,False,False,8.2,True
2024-10-15,Tuesday,10,2024-10-15 18:43,18,Munich Hbf,Augsburg Hbf,RE,rain,True,True,False,3.1,False
2024-10-16,Wednesday,10,2024-10-16 05:21,5,Berlin Hbf,Hamburg Hbf,ICE,snow,True,False,False,13.7,True
2024-10-16,Wednesday,10,2024-10-16 05:53,5,Berlin Hbf,Hamburg Hbf,ICE,rain,False,False,False,3.0,False
2024-10-16,Wednesday,10,2024-10-16 06:15,6,Munich Hbf,Frankfurt(Main) Hbf,ICE,clear,False,False,False,2.1,False
2024-10-16,Wednesday,10,2024-10-16 08:19,8,Leipzig Hbf,Dresden Hbf,RE,clear,False,True,False,0.5,False
2024-10-16,Wednesday,10,2024-10-16 09:30,9,Frankfurt(Main) Hbf,Mainz Hbf,S-Bahn,clear,False,False,False,2.8,False
2024-10-16,Wednesday,10,2024-10-16 17:01,17,Frankfurt(Main) Hbf,Mainz Hbf,S-Bahn,rain,False,True,False,0.7,False
2024-10-16,Wednesday,10,2024-10-16 20:02,20,Berlin Hbf,Hamburg Hbf,ICE,clear,False,False,False,4.8,False
2024-10-16,Wednesday,10,2024-10-16 20:30,20,Munich Hbf,Frankfurt(Main) Hbf,ICE,clear,False,False,False,9.0,True
2024-10-16,Wednesday,10,2024-10-16 21:51,21,Berlin Hbf,Potsdam Hbf,S-Bahn,rain,False,False,False,65.5,True
2024-10-17,Thursday,10,2024-10-17 05:49,5,Hamburg Hbf,Hannover Hbf,IC,clear,False,False,False,4.5,False
2024-10-17,Thursday,10,2024-10-17 12:41,12,Frankfurt(Main) Hbf,Stuttgart Hbf,IC,clear,False,False,False,3.5,False
2024-10-17,Thursday,10,2024-10-17 14:51,14,Cologne Hbf,Bonn Hbf,RE,clear,False,False,False,1.3,False
2024-10-17,Thursday,10,2024-10-17 14:51,14,Berlin Hbf,Hamburg Hbf,ICE,clear,False,False,False,2.3,False
2024-10-17,Thursday,10,2024-10-17 16:40,16,Berlin Hbf,Potsdam Hbf,S-Bahn,clear,False,False,False,3.6,False
2024-10-17,Thursday,10,2024-10-17 17:24,17,Frankfurt(Main) Hbf,Mainz Hbf,S-Bahn,storm,False,True,False,1.6,False
2024-10-17,Thursday,10,2024-10-17 17:53,17,Cologne Hbf,Bonn Hbf,RE,clear,False,True,False,0.3,False
2024-10-17,Thursday,10,2024-10-17 21:39,21,Berlin Hbf,Hamburg Hbf,ICE,rain,False,False,False,10.4,True
2024-10-18,Friday,10,2024-10-18 05:32,5,Hamburg Hbf,Hannover Hbf,IC,rain,False,False,False,3.9,False
2024-10-18,Friday,10,2024-10-18 07:16,7,Leipzig Hbf,Dresden Hbf,RE,rain,False,True,False,2.7,False
2024-10-18,Friday,10,2024-10-18 07:33,7,Munich Hbf,Augsburg Hbf,RE,rain,False,True,False,1.0,False
2024-10-18,Friday,10,2024-10-18 13:36,13,Cologne Hbf,Bonn Hbf,RE,clear,False,False,False,1.8,False
2024-10-18,Friday,10,2024-10-18 15:15,15,Leipzig Hbf,Dresden Hbf,RE,clear,False,False,False,0.9,False
2024-10-18,Friday,10,2024-10-18 15:32,15,Hamburg Hbf,Hannover Hbf,IC,clear,True,False,False,2.7,False
2024-10-18,Friday,10,2024-10-18 21:44,21,Berlin Hbf,Hamburg Hbf,ICE,clear,False,False,False,3.8,False
2024-10-19,Saturday,10,2024-10-19 07:29,7,Munich Hbf,Frankfurt(Main) Hbf,ICE,clear,False,True,True,2.8,False
2024-10-19,Saturday,10,2024-10-19 07:39,7,Frankfurt(Main) Hbf,Stuttgart Hbf,IC,storm,False,True,True,6.7,True
2024-10-19,Saturday,10,2024-10-19 10:38,10,Frankfurt(Main) Hbf,Mainz Hbf,S-Bahn,rain,False,False,True,0.1,False
2024-10-19,Saturday,10,2024-10-19 11:11,11,Cologne Hbf,Bonn Hbf,RE,storm,False,False,True,3.1,False
2024-10-19,Saturday,10,2024-10-19 14:03,14,Hamburg Hbf,Hannover Hbf,IC,clear,False,False,True,1.0,False
2024-10-19,Saturday,10,2024-10-19 16:02,16,Frankfurt(Main) Hbf,Mainz Hbf,S-Bahn,rain,True,False,True,2.7,False
2024-10-19,Saturday,10,2024-10-19 16:23,16,Frankfurt(Main) Hbf,Mainz Hbf,S-Bahn,rain,False,False,True,2.2,False
2024-10-19,Saturday,10,2024-10-19 17:42,17,Berlin Hbf,Hamburg Hbf,ICE,rain,False,True,True,3.1,False
2024-10-19,Saturday,10,2024-10-19 19:17,19,Berlin Hbf,Hamburg Hbf,ICE,clear,False,True,True,0.8,False
2024-10-19,Saturday,10,2024-10-19 19:32,19,Leipzig Hbf,Dresden Hbf,RE,snow,False,True,True,3.9,False
2024-10-19,Saturday,10,2024-10-19 21:01,21,Frankfurt(Main) Hbf,Stuttgart Hbf,IC,storm,False,False,True,1.3,False
2024-10-19,Saturday,10,2024-10-19 21:43,21,Hamburg Hbf,Hannover Hbf,IC,clear,False,False,True,1.8,False
2024-10-20,Sunday,10,2024-10-20 07:25,7,Leipzig Hbf,Dresden Hbf,RE,rain,False,True,True,3.5,False
2024-10-20,Sunday,10,2024-10-20 08:16,8,Berlin Hbf,Potsdam Hbf,S-Bahn,rain,True,True,True,3.6,False
2024-10-20,Sunday,10,2024-10-20 08:24,8,Berlin Hbf,Potsdam Hbf,S-Bahn,storm,False,True,True,1.4,False
2024-10-20,Sunday,10,2024-10-20 09:40,9,Frankfurt(Main) Hbf,Stuttgart Hbf,IC,storm,False,False,True,1.4,False
2024-10-20,Sunday,10,2024-10-20 10:17,10,Frankfurt(Main) Hbf,Stuttgart Hbf,IC,snow,False,False,True,5.2,True
2024-10-20,Sunday,10,2024-10-20 11:45,11,Frankfurt(Main) Hbf,Stuttgart Hbf,IC,storm,False,False,True,2.2,False
2024-10-20,Sunday,10,2024-10-20 12:53,12,Berlin Hbf,Hamburg Hbf,ICE,clear,False,False,True,4.8,False
2024-10-20,Sunday,10,2024-10-20 13:37,13,Frankfurt(Main) Hbf,Stuttgart Hbf,IC,clear,True,False,True,3.4,False
2024-10-20,Sunday,10,2024-10-20 14:39,14,Berlin Hbf,Hamburg Hbf,ICE,rain,False,False,True,1.0,False
2024-10-20,Sunday,10,2024-10-20 15:26,15,Munich Hbf,Augsburg Hbf,RE,rain,False,False,True,2.5,False
2024-10-20,Sunday,10,2024-10-20 17:18,17,Munich Hbf,Augsburg Hbf,RE,clear,False,True,True,0.8,False
2024-10-20,Sunday,10,2024-10-20 17:41,17,Frankfurt(Main) Hbf,Stuttgart Hbf,IC,rain,False,True,True,5.0,False
2024-10-20,Sunday,10,2024-10-20 17:41,17,Berlin Hbf,Potsdam Hbf,S-Bahn,rain,False,True,True,4.9,False
2024-10-20,Sunday,10,2024-10-20 17:44,17,Berlin Hbf,Hamburg Hbf,ICE,clear,False,True,True,11.5,True
2024-10-20,Sunday,10,2024-10-20 18:13,18,Frankfurt(Main) Hbf,Mainz Hbf,S-Bahn,clear,False,True,True,1.5,False
2024-10-20,Sunday,10,2024-10-20 19:43,19,Frankfurt(Main) Hbf,Stuttgart Hbf,IC,clear,False,True,True,0.6,False
2024-10-20,Sunday,10,2024-10-20 21:49,21,Hamburg Hbf,Hannover Hbf,IC,storm,False,False,True,5.7,True
2024-10-20,Sunday,10,2024-10-20 22:27,22,Frankfurt(Main) Hbf,Stuttgart Hbf,IC,clear,False,False,True,2.1,False
2024-10-20,Sunday,10,2024-10-20 22:27,22,Cologne Hbf,Berlin Hbf,ICE,rain,False,False,True,3.9,False
2024-10-20,Sunday,10,2024-10-20 22:36,22,Munich Hbf,Frankfurt(Main) Hbf,ICE,clear,False,False,True,4.0,False
2024-10-21,Monday,10,2024-10-21 06:24,6,Cologne Hbf,Berlin Hbf,ICE,clear,False,False,False,3.0,False
2024-10-21,Monday,10,2024-10-21 07:30,7,Munich Hbf,Augsburg Hbf,RE,clear,True,True,False,1.8,False
2024-10-21,Monday,10,2024-10-21 08:53,8,Cologne Hbf,Berlin Hbf,ICE,rain,False,True,False,6.9,True
2024-10-21,Monday,10,2024-10-21 10:42,10,Cologne Hbf,Bonn Hbf,RE,clear,False,False,False,1.2,False
2024-10-21,Monday,10,2024-10-21 11:31,11,Munich Hbf,Augsburg Hbf,RE,rain,False,False,False,1.2,False
2024-10-21,Monday,10,2024-10-21 11:56,11,Frankfurt(Main) Hbf,Stuttgart Hbf,IC,clear,False,False,False,0.9,False
2024-10-21,Monday,10,2024-10-21 16:01,16,Berlin Hbf,Potsdam Hbf,S-Bahn,rain,False,False,False,3.6,False
2024-10-21,Monday,10,2024-10-21 18:39,18,Frankfurt(Main) Hbf,Mainz Hbf,S-Bahn,rain,False,True,False,2.3,False
2024-10-21,Monday,10,2024-10-21 22:26,22,Hamburg Hbf,Hannover Hbf,IC,clear,False,False,False,5.0,False
2024-10-22,Tuesday,10,2024-10-22 05:00,5,Frankfurt(Main) Hbf,Stuttgart Hbf,IC,clear,False,False,False,1.8,False
2024-10-22,Tuesday,10,2024-10-22 07:27,7,Berlin Hbf,Hamburg Hbf,ICE,clear,False,True,False,3.1,False
2024-10-22,Tuesday,10,2024-10-22 08:11,8,Berlin Hbf,Hamburg Hbf,ICE,storm,False,True,False,5.0,False
2024-10-22,Tuesday,10,2024-10-22 09:13,9,Hamburg Hbf,Hannover Hbf,IC,clear,True,False,False,4.0,False
2024-10-22,Tuesday,10,2024-10-22 09:16,9,Munich Hbf,Frankfurt(Main) Hbf,ICE,rain,True,False,False,4.6,False
2024-10-22,Tuesday,10,2024-10-22 09:54,9,Frankfurt(Main) Hbf,Stuttgart Hbf,IC,rain,True,False,False,5.8,True
2024-10-22,Tuesday,10,2024-10-22 11:06,11,Hamburg Hbf,Hannover Hbf,IC,rain,False,False,False,2.1,False
2024-10-22,Tuesday,10,2024-10-22 13:54,13,Cologne Hbf,Berlin Hbf,ICE,rain,False,False,False,4.3,False
2024-10-22,Tuesday,10,2024-10-22 14:48,14,Hamburg Hbf,Hannover Hbf,IC,clear,False,False,False,1.6,False
2024-10-22,Tuesday,10,2024-10-22 20:06,20,Berlin Hbf,Potsdam Hbf,S-Bahn,clear,False,False,False,1.9,False
2024-10-22,Tuesday,10,2024-10-22 20:50,20,Munich Hbf,Augsburg Hbf,RE,rain,True,False,False,5.9,True
2024-10-23,Wednesday,10,2024-10-23 06:29,6,Munich Hbf,Augsburg Hbf,RE,rain,False,False,False,1.9,False
2024-10-23,Wednesday,10,2024-10-23 09:26,9,Leipzig Hbf,Dresden Hbf,RE,rain,False,False,False,0.4,False
2024-10-23,Wednesday,10,2024-10-23 10:33,10,Frankfurt(Main) Hbf,Stuttgart Hbf,IC,snow,True,False,False,18.0,True
2024-10-23,Wednesday,10,2024-10-23 10:37,10,Berlin Hbf,Hamburg Hbf,ICE,clear,False,False,False,1.6,False
2024-10-23,Wednesday,10,2024-10-23 14:34,14,Munich Hbf,Frankfurt(Main) Hbf,ICE,clear,False,False,False,2.0,False
2024-10-23,Wednesday,10,2024-10-23 16:56,16,Berlin Hbf,Potsdam Hbf,S-Bahn,rain,False,False,False,2.5,False
2024-10-23,Wednesday,10,2024-10-23 18:16,18,Munich Hbf,Frankfurt(Main) Hbf,ICE,clear,False,True,False,4.5,False
2024-10-23,Wednesday,10,2024-10-23 21:36,21,Frankfurt(Main) Hbf,Mainz Hbf,S-Bahn,clear,False,False,False,0.2,False
2024-10-23,Wednesday,10,2024-10-23 22:22,22,Frankfurt(Main) Hbf,Stuttgart Hbf,IC,clear,False,False,False,2.9,False
2024-10-24,Thursday,10,2024-10-24 05:34,5,Frankfurt(Main) Hbf,Stuttgart Hbf,IC,rain,False,False,False,7.4,True
2024-10-24,Thursday,10,2024-10-24 05:46,5,Munich Hbf,Frankfurt(Main) Hbf,ICE,rain,False,False,False,5.2,True
2024-10-24,Thursday,10,2024-10-24 08:43,8,Cologne Hbf,Berlin Hbf,ICE,clear,False,True,False,3.5,False
2024-10-24,Thursday,10,2024-10-24 09:43,9,Frankfurt(Main) Hbf,Mainz Hbf,S-Bahn,clear,False,False,False,6.1,True
2024-10-24,Thursday,10,2024-10-24 12:44,12,Frankfurt(Main) Hbf,Stuttgart Hbf,IC,rain,False,False,False,1.6,False
2024-10-24,Thursday,10,2024-10-24 16:09,16,Munich Hbf,Frankfurt(Main) Hbf,ICE,clear,True,False,False,5.3,True
2024-10-24,Thursday,10,2024-10-24 16:12,16,Munich Hbf,Frankfurt(Main) Hbf,ICE,rain,False,False,False,6.9,True
2024-10-24,Thursday,10,2024-10-24 18:19,18,Berlin Hbf,Hamburg Hbf,ICE,storm,False,True,False,10.0,True
2024-10-24,Thursday,10,2024-10-24 18:38,18,Munich Hbf,Augsburg Hbf,RE,clear,False,True,False,1.4,False
2024-10-24,Thursday,10,2024-10-24 19:08,19,Berlin Hbf,Hamburg Hbf,ICE,rain,True,True,False,15.3,True
2024-10-24,Thursday,10,2024-10-24 19:30,19,Frankfurt(Main) Hbf,Stuttgart Hbf,IC,clear,False,True,False,4.5,False
2024-10-24,Thursday,10,2024-10-24 20:25,20,Cologne Hbf,Bonn Hbf,RE,clear,True,False,False,3.5,False
2024-10-25,Friday,10,2024-10-25 05:00,5,Berlin Hbf,Hamburg Hbf,ICE,clear,False,False,False,1.1,False
2024-10-25,Friday,10,2024-10-25 06:33,6,Hamburg Hbf,Hannover Hbf,IC,clear,False,False,False,5.7,True
2024-10-25,Friday,10,2024-10-25 07:36,7,Leipzig Hbf,Dresden Hbf,RE,rain,False,True,False,5.4,True
2024-10-25,Friday,10,2024-10-25 07:50,7,Munich Hbf,Augsburg Hbf,RE,rain,False,True,False,1.8,False
2024-10-25,Friday,10,2024-10-25 08:52,8,Cologne Hbf,Berlin Hbf,ICE,clear,False,True,False,6.3,True
2024-10-25,Friday,10,2024-10-25 17:35,17,Munich Hbf,Frankfurt(Main) Hbf,ICE,rain,False,True,False,9.4,True
2024-10-26,Saturday,10,2024-10-26 06:11,6,Berlin Hbf,Hamburg Hbf,ICE,clear,True,False,True,3.1,False
2024-10-26,Saturday,10,2024-10-26 06:38,6,Frankfurt(Main) Hbf,Stuttgart Hbf,IC,storm,False,False,True,1.7,False
2024-10-26,Saturday,10,2024-10-26 07:41,7,Cologne Hbf,Berlin Hbf,ICE,clear,False,True,True,3.1,False
2024-10-26,Saturday,10,2024-10-26 07:49,7,Frankfurt(Main) Hbf,Stuttgart Hbf,IC,rain,False,True,True,4.1,False
2024-10-26,Saturday,10,2024-10-26 08:37,8,Munich Hbf,Augsburg Hbf,RE,storm,True,True,True,4.6,False
2024-10-26,Saturday,10,2024-10-26 08:37,8,Munich Hbf,Augsburg Hbf,RE,clear,False,True,True,1.5,False
2024-10-26,Saturday,10,2024-10-26 11:39,11,Munich Hbf,Augsburg Hbf,RE,clear,False,False,True,0.9,False
2024-10-26,Saturday,10,2024-10-26 12:33,12,Leipzig Hbf,Dresden Hbf,RE,clear,False,False,True,0.9,False
2024-10-26,Saturday,10,2024-10-26 15:59,15,Munich Hbf,Frankfurt(Main) Hbf,ICE,clear,False,False,True,7.1,True
2024-10-26,Saturday,10,2024-10-26 16:43,16,Frankfurt(Main) Hbf,Mainz Hbf,S-Bahn,clear,False,False,True,1.1,False
2024-10-26,Saturday,10,2024-10-26 16:53,16,Leipzig Hbf,Dresden Hbf,RE,storm,False,False,True,1.7,False
2024-10-26,Saturday,10,2024-10-26 17:12,17,Frankfurt(Main) Hbf,Mainz Hbf,S-Bahn,clear,True,True,True,0.4,False
2024-10-26,Saturday,10,2024-10-26 22:47,22,Cologne Hbf,Bonn Hbf,RE,clear,False,False,True,1.3,False
2024-10-27,Sunday,10,2024-10-27 07:25,7,Munich Hbf,Augsburg Hbf,RE,clear,True,True,True,1.7,False
2024-10-27,Sunday,10,2024-10-27 08:33,8,Berlin Hbf,Potsdam Hbf,S-Bahn,clear,False,True,True,0.8,False
2024-10-27,Sunday,10,2024-10-27 16:47,16,Munich Hbf,Frankfurt(Main) Hbf,ICE,clear,False,False,True,4.2,False
2024-10-27,Sunday,10,2024-10-27 18:01,18,Berlin Hbf,Potsdam Hbf,S-Bahn,storm,False,True,True,2.7,False
2024-10-27,Sunday,10,2024-10-27 20:03,20,Cologne Hbf,Bonn Hbf,RE,clear,False,False,True,1.9,False
2024-10-27,Sunday,10,2024-10-27 20:51,20,Munich Hbf,Frankfurt(Main) Hbf,ICE,storm,False,False,True,4.9,False
2024-10-27,Sunday,10,2024-10-27 21:20,21,Munich Hbf,Frankfurt(Main) Hbf,ICE,clear,False,False,True,4.1,False
2024-10-28,Monday,10,2024-10-28 05:46,5,Frankfurt(Main) Hbf,Mainz Hbf,S-Bahn,rain,False,False,False,1.6,False
2024-10-28,Monday,10,2024-10-28 05:47,5,Frankfurt(Main) Hbf,Stuttgart Hbf,IC,clear,False,False,False,1.7,False
2024-10-28,Monday,10,2024-10-28 07:52,7,Munich Hbf,Augsburg Hbf,RE,clear,False,True,False,2.4,False
2024-10-28,Monday,10,2024-10-28 09:07,9,Cologne Hbf,Berlin Hbf,ICE,clear,False,False,False,2.0,False
2024-10-28,Monday,10,2024-10-28 13:42,13,Berlin Hbf,Potsdam Hbf,S-Bahn,rain,False,False,False,1.0,False
2024-10-28,Monday,10,2024-10-28 16:15,16,Cologne Hbf,Bonn Hbf,RE,clear,False,False,False,3.6,False
2024-10-28,Monday,10,2024-10-28 16:26,16,Cologne Hbf,Berlin Hbf,ICE,rain,False,False,False,12.7,True
2024-10-28,Monday,10,2024-10-28 21:28,21,Berlin Hbf,Potsdam Hbf,S-Bahn,clear,False,False,False,1.0,False
2024-10-29,Tuesday,10,2024-10-29 05:48,5,Frankfurt(Main) Hbf,Mainz Hbf,S-Bahn,storm,False,False,False,39.2,True
2024-10-29,Tuesday,10,2024-10-29 06:21,6,Berlin Hbf,Hamburg Hbf,ICE,clear,False,False,False,40.3,True
2024-10-29,Tuesday,10,2024-10-29 06:56,6,Frankfurt(Main) Hbf,Mainz Hbf,S-Bahn,rain,False,False,False,2.4,False
2024-10-29,Tuesday,10,2024-10-29 11:01,11,Berlin Hbf,Hamburg Hbf,ICE,rain,False,False,False,3.2,False
2024-10-29,Tuesday,10,2024-10-29 15:09,15,Frankfurt(Main) Hbf,Stuttgart Hbf,IC,snow,False,False,False,3.1,False
2024-10-29,Tuesday,10,2024-10-29 16:02,16,Leipzig Hbf,Dresden Hbf,RE,rain,False,False,False,0.9,False
2024-10-29,Tuesday,10,2024-10-29 17:15,17,Berlin Hbf,Potsdam Hbf,S-Bahn,rain,False,True,False,3.2,False
2024-10-29,Tuesday,10,2024-10-29 21:50,21,Berlin Hbf,Potsdam Hbf,S-Bahn,storm,False,False,False,2.4,False
2024-10-30,Wednesday,10,2024-10-30 07:18,7,Cologne Hbf,Berlin Hbf,ICE,clear,False,True,False,3.2,False
2024-10-30,Wednesday,10,2024-10-30 10:40,10,Frankfurt(Main) Hbf,Stuttgart Hbf,IC,clear,False,False,False,7.3,True
2024-10-30,Wednesday,10,2024-10-30 11:16,11,Cologne Hbf,Berlin Hbf,ICE,rain,False,False,False,3.8,False
2024-10-30,Wednesday,10,2024-10-30 11:19,11,Frankfurt(Main) Hbf,Mainz Hbf,S-Bahn,clear,False,False,False,2.6,False
2024-10-30,Wednesday,10,2024-10-30 16:26,16,Munich Hbf,Augsburg Hbf,RE,clear,False,False,False,0.4,False
2024-10-30,Wednesday,10,2024-10-30 16:39,16,Berlin Hbf,Potsdam Hbf,S-Bahn,clear,False,False,False,2.9,False
2024-10-30,Wednesday,10,2024-10-30 16:42,16,Frankfurt(Main) Hbf,Mainz Hbf,S-Bahn,clear,False,False,False,1.3,False
2024-10-30,Wednesday,10,2024-10-30 17:04,17,Leipzig Hbf,Dresden Hbf,RE,rain,False,True,False,2.1,False
2024-10-30,Wednesday,10,2024-10-30 17:55,17,Leipzig Hbf,Dresden Hbf,RE,clear,True,True,False,4.0,False
2024-10-30,Wednesday,10,2024-10-30 18:15,18,Hamburg Hbf,Hannover Hbf,IC,rain,False,True,False,2.1,False
2024-10-30,Wednesday,10,2024-10-30 18:15,18,Munich Hbf,Frankfurt(Main) Hbf,ICE,rain,False,True,False,4.4,False
2024-10-31,Thursday,10,2024-10-31 12:18,12,Cologne Hbf,Bonn Hbf,RE,clear,True,False,False,1.9,False
2024-10-31,Thursday,10,2024-10-31 15:52,15,Frankfurt(Main) Hbf,Stuttgart Hbf,IC,clear,True,False,False,4.0,False
2024-10-31,Thursday,10,2024-10-31 16:18,16,Leipzig Hbf,Dresden Hbf,RE,rain,True,False,False,4.1,False
2024-10-31,Thursday,10,2024-10-31 16:44,16,Frankfurt(Main) Hbf,Mainz Hbf,S-Bahn,clear,False,False,False,2.6,False
2024-10-31,Thursday,10,2024-10-31 17:42,17,Leipzig Hbf,Dresden Hbf,RE,clear,False,True,False,2.8,False
2024-10-31,Thursday,10,2024-10-31 19:06,19,Cologne Hbf,Bonn Hbf,RE,clear,False,True,False,0.6,False
2024-10-31,Thursday,10,2024-10-31 19:50,19,Cologne Hbf,Bonn Hbf,RE,clear,False,True,False,59.0,True
2024-11-01,Friday,11,2024-11-01 05:45,5,Cologne Hbf,Berlin Hbf,ICE,snow,False,False,False,13.3,True
2024-11-01,Friday,11,2024-11-01 06:03,6,Berlin Hbf,Hamburg Hbf,ICE,clear,False,False,False,1.5,False
2024-11-01,Friday,11,2024-11-01 06:35,6,Cologne Hbf,Berlin Hbf,ICE,snow,False,False,False,8.3,True
2024-11-01,Friday,11,2024-11-01 07:17,7,Hamburg Hbf,Hannover Hbf,IC,rain,False,True,False,6.9,True
2024-11-01,Friday,11,2024-11-01 08:02,8,Berlin Hbf,Potsdam Hbf,S-Bahn,rain,False,True,False,4.2,False
2024-11-01,Friday,11,2024-11-01 10:10,10,Munich Hbf,Frankfurt(Main) Hbf,ICE,snow,True,False,False,8.9,True
2024-11-01,Friday,11,2024-11-01 10:48,10,Hamburg Hbf,Hannover Hbf,IC,clear,False,False,False,3.1,False
2024-11-01,Friday,11,2024-11-01 12:49,12,Hamburg Hbf,Hannover Hbf,IC,rain,False,False,False,1.4,False
2024-11-01,Friday,11,2024-11-01 16:14,16,Cologne Hbf,Berlin Hbf,ICE,clear,False,False,False,5.4,True
2024-11-01,Friday,11,2024-11-01 16:32,16,Frankfurt(Main) Hbf,Stuttgart Hbf,IC,rain,False,False,False,7.5,True
2024-11-01,Friday,11,2024-11-01 17:03,17,Berlin Hbf,Hamburg Hbf,ICE,storm,False,True,False,9.0,True
2024-11-01,Friday,11,2024-11-01 17:20,17,Berlin Hbf,Potsdam Hbf,S-Bahn,rain,False,True,False,0.9,False
2024-11-01,Friday,11,2024-11-01 18:26,18,Frankfurt(Main) Hbf,Mainz Hbf,S-Bahn,rain,False,True,False,2.5,False
2024-11-01,Friday,11,2024-11-01 18:31,18,Leipzig Hbf,Dresden Hbf,RE,clear,False,True,False,2.2,False
2024-11-01,Friday,11,2024-11-01 18:40,18,Berlin Hbf,Hamburg Hbf,ICE,clear,False,True,False,9.2,True
2024-11-01,Friday,11,2024-11-01 22:39,22,Cologne Hbf,Berlin Hbf,ICE,snow,False,False,False,19.9,True
2024-11-02,Saturday,11,2024-11-02 05:26,5,Munich Hbf,Frankfurt(Main) Hbf,ICE,snow,False,False,True,4.6,False
2024-11-02,Saturday,11,2024-11-02 11:43,11,Leipzig Hbf,Dresden Hbf,RE,clear,False,False,True,1.2,False
2024-11-02,Saturday,11,2024-11-02 16:20,16,Berlin Hbf,Potsdam Hbf,S-Bahn,rain,False,False,True,0.3,False
2024-11-02,Saturday,11,2024-11-02 17:25,17,Hamburg Hbf,Hannover Hbf,IC,snow,False,True,True,8.6,True
2024-11-02,Saturday,11,2024-11-02 17:55,17,Frankfurt(Main) Hbf,Mainz Hbf,S-Bahn,clear,False,True,True,0.3,False
2024-11-02,Saturday,11,2024-11-02 19:12,19,Cologne Hbf,Berlin Hbf,ICE,clear,False,True,True,3.3,False
2024-11-03,Sunday,11,2024-11-03 05:17,5,Munich Hbf,Frankfurt(Main) Hbf,ICE,clear,False,False,True,4.8,False
2024-11-03,Sunday,11,2024-11-03 06:03,6,Frankfurt(Main) Hbf,Stuttgart Hbf,IC,clear,True,False,True,1.8,False
2024-11-03,Sunday,11,2024-11-03 08:31,8,Frankfurt(Main) Hbf,Stuttgart Hbf,IC,clear,False,True,True,62.0,True
2024-11-03,Sunday,11,2024-11-03 09:51,9,Munich Hbf,Augsburg Hbf,RE,snow,False,False,True,8.3,True
2024-11-03,Sunday,11,2024-11-03 10:11,10,Munich Hbf,Frankfurt(Main) Hbf,ICE,rain,False,False,True,7.7,True
2024-11-03,Sunday,11,2024-11-03 12:37,12,Munich Hbf,Frankfurt(Main) Hbf,ICE,rain,False,False,True,4.8,False
2024-11-03,Sunday,11,2024-11-03 12:47,12,Hamburg Hbf,Hannover Hbf,IC,clear,False,False,True,0.1,False
2024-11-03,Sunday,11,2024-11-03 13:02,13,Frankfurt(Main) Hbf,Stuttgart Hbf,IC,clear,False,False,True,2.8,False
2024-11-03,Sunday,11,2024-11-03 14:27,14,Leipzig Hbf,Dresden Hbf,RE,rain,False,False,True,1.7,False
2024-11-03,Sunday,11,2024-11-03 15:31,15,Frankfurt(Main) Hbf,Mainz Hbf,S-Bahn,clear,False,False,True,0.3,False
2024-11-03,Sunday,11,2024-11-03 15:56,15,Leipzig Hbf,Dresden Hbf,RE,rain,True,False,True,1.5,False
2024-11-03,Sunday,11,2024-11-03 17:53,17,Berlin Hbf,Potsdam Hbf,S-Bahn,rain,False,True,True,1.2,False
2024-11-03,Sunday,11,2024-11-03 18:14,18,Munich Hbf,Augsburg Hbf,RE,rain,False,True,True,2.3,False
2024-11-03,Sunday,11,2024-11-03 18:53,18,Munich Hbf,Augsburg Hbf,RE,clear,False,True,True,5.4,True
2024-11-03,Sunday,11,2024-11-03 19:59,19,Munich Hbf,Augsburg Hbf,RE,snow,False,True,True,2.7,False
2024-11-04,Monday,11,2024-11-04 07:26,7,Berlin Hbf,Potsdam Hbf,S-Bahn,rain,False,True,False,0.6,False
2024-11-04,Monday,11,2024-11-04 07:32,7,Berlin Hbf,Potsdam Hbf,S-Bahn,clear,False,True,False,0.7,False
2024-11-04,Monday,11,2024-11-04 07:37,7,Cologne Hbf,Berlin Hbf,ICE,rain,False,True,False,8.0,True
2024-11-04,Monday,11,2024-11-04 08:33,8,Frankfurt(Main) Hbf,Stuttgart Hbf,IC,rain,False,True,False,3.3,False
2024-11-04,Monday,11,2024-11-04 09:34,9,Berlin Hbf,Potsdam Hbf,S-Bahn,clear,False,False,False,0.1,False
2024-11-04,Monday,11,2024-11-04 12:32,12,Munich Hbf,Augsburg Hbf,RE,rain,False,False,False,2.1,False
2024-11-04,Monday,11,2024-11-04 13:34,13,Cologne Hbf,Berlin Hbf,ICE,clear,False,False,False,3.2,False
2024-11-04,Monday,11,2024-11-04 15:32,15,Cologne Hbf,Bonn Hbf,RE,clear,True,False,False,2.3,False
2024-11-04,Monday,11,2024-11-04 16:10,16,Frankfurt(Main) Hbf,Mainz Hbf,S-Bahn,rain,False,False,False,2.6,False
2024-11-04,Monday,11,2024-11-04 17:57,17,Munich Hbf,Augsburg Hbf,RE,clear,True,True,False,0.8,False
2024-11-04,Monday,11,2024-11-04 18:45,18,Berlin Hbf,Potsdam Hbf,S-Bahn,clear,False,True,False,3.6,False
2024-11-04,Monday,11,2024-11-04 21:39,21,Berlin Hbf,Hamburg Hbf,ICE,rain,False,False,False,5.4,True
2024-11-05,Tuesday,11,2024-11-05 05:24,5,Cologne Hbf,Berlin Hbf,ICE,clear,False,False,False,1.4,False
2024-11-05,Tuesday,11,2024-11-05 05:38,5,Hamburg Hbf,Hannover Hbf,IC,clear,False,False,False,2.1,False
2024-11-05,Tuesday,11,2024-11-05 07:51,7,Munich Hbf,Augsburg Hbf,RE,clear,False,True,False,1.6,False
2024-11-05,Tuesday,11,2024-11-05 08:21,8,Berlin Hbf,Potsdam Hbf,S-Bahn,rain,False,True,False,3.4,False
2024-11-05,Tuesday,11,2024-11-05 13:44,13,Cologne Hbf,Bonn Hbf,RE,clear,False,False,False,0.2,False
2024-11-05,Tuesday,11,2024-11-05 15:36,15,Hamburg Hbf,Hannover Hbf,IC,rain,True,False,False,4.4,False
2024-11-05,Tuesday,11,2024-11-05 16:49,16,Berlin Hbf,Hamburg Hbf,ICE,rain,False,False,False,6.6,True
2024-11-05,Tuesday,11,2024-11-05 18:41,18,Frankfurt(Main) Hbf,Mainz Hbf,S-Bahn,rain,False,True,False,2.5,False
2024-11-05,Tuesday,11,2024-11-05 19:14,19,Berlin Hbf,Potsdam Hbf,S-Bahn,clear,False,True,False,2.2,False
2024-11-05,Tuesday,11,2024-11-05 20:13,20,Cologne Hbf,Berlin Hbf,ICE,clear,False,False,False,4.2,False
2024-11-05,Tuesday,11,2024-11-05 22:52,22,Frankfurt(Main) Hbf,Stuttgart Hbf,IC,clear,False,False,False,7.3,True
2024-11-06,Wednesday,11,2024-11-06 05:22,5,Munich Hbf,Augsburg Hbf,RE,clear,False,False,False,0.2,False
2024-11-06,Wednesday,11,2024-11-06 08:01,8,Munich Hbf,Augsburg Hbf,RE,snow,False,True,False,4.3,False
2024-11-06,Wednesday,11,2024-11-06 10:33,10,Frankfurt(Main) Hbf,Mainz Hbf,S-Bahn,snow,False,False,False,0.5,False
2024-11-06,Wednesday,11,2024-11-06 11:06,11,Berlin Hbf,Potsdam Hbf,S-Bahn,clear,True,False,False,0.6,False
2024-11-06,Wednesday,11,2024-11-06 12:22,12,Cologne Hbf,Berlin Hbf,ICE,rain,False,False,False,3.0,False
2024-11-06,Wednesday,11,2024-11-06 13:37,13,Frankfurt(Main) Hbf,Stuttgart Hbf,IC,rain,False,False,False,3.1,False
2024-11-06,Wednesday,11,2024-11-06 14:07,14,Munich Hbf,Augsburg Hbf,RE,snow,False,False,False,2.5,False
2024-11-06,Wednesday,11,2024-11-06 14:17,14,Berlin Hbf,Hamburg Hbf,ICE,rain,False,False,False,3.5,False
2024-11-06,Wednesday,11,2024-11-06 14:36,14,Munich Hbf,Frankfurt(Main) Hbf,ICE,clear,False,False,False,3.9,False
2024-11-06,Wednesday,11,2024-11-06 16:05,16,Munich Hbf,Augsburg Hbf,RE,rain,False,False,False,3.6,False
2024-11-06,Wednesday,11,2024-11-06 16:52,16,Munich Hbf,Augsburg Hbf,RE,rain,False,False,False,6.8,True
2024-11-06,Wednesday,11,2024-11-06 17:42,17,Frankfurt(Main) Hbf,Stuttgart Hbf,IC,clear,False,True,False,4.2,False
2024-11-06,Wednesday,11,2024-11-06 18:20,18,Frankfurt(Main) Hbf,Mainz Hbf,S-Bahn,clear,True,True,False,3.7,False
2024-11-07,Thursday,11,2024-11-07 05:38,5,Munich Hbf,Frankfurt(Main) Hbf,ICE,snow,False,False,False,7.7,True
2024-11-07,Thursday,11,2024-11-07 07:35,7,Hamburg Hbf,Hannover Hbf,IC,storm,False,True,False,4.8,False
2024-11-07,Thursday,11,2024-11-07 08:11,8,Munich Hbf,Augsburg Hbf,RE,rain,False,True,False,7.1,True
2024-11-07,Thursday,11,2024-11-07 08:44,8,Berlin Hbf,Hamburg Hbf,ICE,clear,True,True,False,5.9,True
2024-11-07,Thursday,11,2024-11-07 09:30,9,Munich Hbf,Augsburg Hbf,RE,rain,False,False,False,6.4,True
2024-11-07,Thursday,11,2024-11-07 10:55,10,Hamburg Hbf,Hannover Hbf,IC,snow,False,False,False,4.2,False
2024-11-07,Thursday,11,2024-11-07 11:32,11,Hamburg Hbf,Hannover Hbf,IC,rain,False,False,False,4.5,False
2024-11-07,Thursday,11,2024-11-07 11:57,11,Cologne Hbf,Bonn Hbf,RE,clear,True,False,False,2.2,False
2024-11-07,Thursday,11,2024-11-07 13:23,13,Berlin Hbf,Hamburg Hbf,ICE,rain,False,False,False,2.4,False
2024-11-07,Thursday,11,2024-11-07 14:20,14,Cologne Hbf,Berlin Hbf,ICE,snow,False,False,False,11.8,True
2024-11-07,Thursday,11,2024-11-07 17:18,17,Frankfurt(Main) Hbf,Mainz Hbf,S-Bahn,clear,False,True,False,3.6,False
2024-11-07,Thursday,11,2024-11-07 17:31,17,Cologne Hbf,Bonn Hbf,RE,clear,False,True,False,0.9,False
2024-11-07,Thursday,11,2024-11-07 18:23,18,Frankfurt(Main) Hbf,Mainz Hbf,S-Bahn,rain,False,True,False,1.3,False
2024-11-07,Thursday,11,2024-11-07 18:59,18,Munich Hbf,Augsburg Hbf,RE,clear,True,True,False,2.7,False
2024-11-07,Thursday,11,2024-11-07 19:04,19,Munich Hbf,Augsburg Hbf,RE,snow,False,True,False,4.8,False
2024-11-07,Thursday,11,2024-11-07 21:32,21,Frankfurt(Main) Hbf,Mainz Hbf,S-Bahn,clear,False,False,False,1.5,False
2024-11-08,Friday,11,2024-11-08 06:32,6,Munich Hbf,Augsburg Hbf,RE,rain,False,False,False,0.8,False
2024-11-08,Friday,11,2024-11-08 12:07,12,Hamburg Hbf,Hannover Hbf,IC,rain,True,False,False,11.4,True
2024-11-08,Friday,11,2024-11-08 12:19,12,Munich Hbf,Frankfurt(Main) Hbf,ICE,clear,False,False,False,1.7,False
2024-11-08,Friday,11,2024-11-08 16:57,16,Leipzig Hbf,Dresden Hbf,RE,snow,False,False,False,2.5,False
2024-11-08,Friday,11,2024-11-08 17:09,17,Cologne Hbf,Bonn Hbf,RE,rain,True,True,False,3.7,False
2024-11-08,Friday,11,2024-11-08 18:19,18,Munich Hbf,Frankfurt(Main) Hbf,ICE,clear,False,True,False,7.4,True
2024-11-08,Friday,11,2024-11-08 19:01,19,Munich Hbf,Augsburg Hbf,RE,snow,False,True,False,6.3,True
2024-11-08,Friday,11,2024-11-08 19:33,19,Hamburg Hbf,Hannover Hbf,IC,rain,False,True,False,9.0,True
2024-11-08,Friday,11,2024-11-08 21:36,21,Munich Hbf,Augsburg Hbf,RE,clear,False,False,False,3.1,False
2024-11-09,Saturday,11,2024-11-09 07:02,7,Hamburg Hbf,Hannover Hbf,IC,snow,False,True,True,7.4,True
2024-11-09,Saturday,11,2024-11-09 07:39,7,Munich Hbf,Frankfurt(Main) Hbf,ICE,clear,False,True,True,4.0,False
2024-11-09,Saturday,11,2024-11-09 07:53,7,Cologne Hbf,Bonn Hbf,RE,snow,False,True,True,1.9,False
2024-11-09,Saturday,11,2024-11-09 08:05,8,Munich Hbf,Augsburg Hbf,RE,clear,False,True,True,2.2,False
2024-11-09,Saturday,11,2024-11-09 09:14,9,Hamburg Hbf,Hannover Hbf,IC,rain,False,False,True,3.0,False
2024-11-09,Saturday,11,2024-11-09 11:18,11,Leipzig Hbf,Dresden Hbf,RE,snow,False,False,True,1.5,False
2024-11-09,Saturday,11,2024-11-09 13:27,13,Cologne Hbf,Berlin Hbf,ICE,rain,False,False,True,10.3,True
2024-11-09,Saturday,11,2024-11-09 14:17,14,Frankfurt(Main) Hbf,Stuttgart Hbf,IC,clear,False,False,True,0.9,False
2024-11-09,Saturday,11,2024-11-09 17:04,17,Leipzig Hbf,Dresden Hbf,RE,clear,True,True,True,2.4,False
2024-11-09,Saturday,11,2024-11-09 19:38,19,Cologne Hbf,Bonn Hbf,RE,clear,False,True,True,0.6,False
2024-11-09,Saturday,11,2024-11-09 19:58,19,Berlin Hbf,Potsdam Hbf,S-Bahn,storm,False,True,True,2.8,False
2024-11-09,Saturday,11,2024-11-09 20:38,20,Frankfurt(Main) Hbf,Mainz Hbf,S-Bahn,clear,False,False,True,2.2,False
2024-11-09,Saturday,11,2024-11-09 20:50,20,Hamburg Hbf,Hannover Hbf,IC,clear,False,False,True,0.5,False
2024-11-10,Sunday,11,2024-11-10 06:03,6,Frankfurt(Main) Hbf,Mainz Hbf,S-Bahn,clear,False,False,True,2.3,False
2024-11-10,Sunday,11,2024-11-10 06:45,6,Leipzig Hbf,Dresden Hbf,RE,clear,False,False,True,1.7,False
2024-11-10,Sunday,11,2024-11-10 07:11,7,Frankfurt(Main) Hbf,Stuttgart Hbf,IC,storm,False,True,True,2.0,False
2024-11-10,Sunday,11,2024-11-10 08:00,8,Frankfurt(Main) Hbf,Mainz Hbf,S-Bahn,snow,False,True,True,1.4,False
2024-11-10,Sunday,11,2024-11-10 08:57,8,Cologne Hbf,Bonn Hbf,RE,clear,True,True,True,1.2,False
2024-11-10,Sunday,11,2024-11-10 09:04,9,Munich Hbf,Frankfurt(Main) Hbf,ICE,snow,True,False,True,11.4,True
2024-11-10,Sunday,11,2024-11-10 10:51,10,Berlin Hbf,Hamburg Hbf,ICE,rain,False,False,True,29.2,True
2024-11-10,Sunday,11,2024-11-10 11:37,11,Frankfurt(Main) Hbf,Mainz Hbf,S-Bahn,rain,False,False,True,0.9,False
2024-11-10,Sunday,11,2024-11-10 12:50,12,Munich Hbf,Frankfurt(Main) Hbf,ICE,rain,False,False,True,3.8,False
2024-11-10,Sunday,11,2024-11-10 15:05,15,Cologne Hbf,Bonn Hbf,RE,snow,False,False,True,3.1,False
2024-11-10,Sunday,11,2024-11-10 15:44,15,Hamburg Hbf,Hannover Hbf,IC,rain,True,False,True,9.0,True
2024-11-10,Sunday,11,2024-11-10 15:45,15,Munich Hbf,Augsburg Hbf,RE,rain,False,False,True,3.4,False
2024-11-10,Sunday,11,2024-11-10 16:43,16,Leipzig Hbf,Dresden Hbf,RE,clear,True,False,True,1.6,False
2024-11-10,Sunday,11,2024-11-10 16:58,16,Cologne Hbf,Bonn Hbf,RE,clear,False,False,True,1.2,False
2024-11-10,Sunday,11,2024-11-10 19:21,19,Berlin Hbf,Hamburg Hbf,ICE,clear,False,True,True,2.5,False
2024-11-10,Sunday,11,2024-11-10 19:28,19,Frankfurt(Main) Hbf,Stuttgart Hbf,IC,clear,True,True,True,6.1,True
2024-11-11,Monday,11,2024-11-11 05:54,5,Hamburg Hbf,Hannover Hbf,IC,clear,True,False,False,1.8,False
2024-11-11,Monday,11,2024-11-11 06:15,6,Munich Hbf,Frankfurt(Main) Hbf,ICE,snow,False,False,False,6.3,True
2024-11-11,Monday,11,2024-11-11 07:47,7,Leipzig Hbf,Dresden Hbf,RE,snow,False,True,False,7.5,True
2024-11-11,Monday,11,2024-11-11 09:38,9,Munich Hbf,Augsburg Hbf,RE,rain,False,False,False,2.8,False
2024-11-11,Monday,11,2024-11-11 11:50,11,Munich Hbf,Frankfurt(Main) Hbf,ICE,rain,True,False,False,8.4,True
2024-11-11,Monday,11,2024-11-11 17:03,17,Berlin Hbf,Potsdam Hbf,S-Bahn,clear,True,True,False,0.5,False
2024-11-11,Monday,11,2024-11-11 17:41,17,Leipzig Hbf,Dresden Hbf,RE,rain,False,True,False,3.8,False
2024-11-11,Monday,11,2024-11-11 17:54,17,Munich Hbf,Frankfurt(Main) Hbf,ICE,rain,False,True,False,45.5,True
2024-11-12,Tuesday,11,2024-11-12 05:53,5,Frankfurt(Main) Hbf,Stuttgart Hbf,IC,snow,False,False,False,5.4,True
2024-11-12,Tuesday,11,2024-11-12 07:22,7,Leipzig Hbf,Dresden Hbf,RE,clear,False,True,False,5.1,True
2024-11-12,Tuesday,11,2024-11-12 07:38,7,Munich Hbf,Augsburg Hbf,RE,clear,False,True,False,2.8,False
2024-11-12,Tuesday,11,2024-11-12 07:41,7,Berlin Hbf,Potsdam Hbf,S-Bahn,rain,False,True,False,2.0,False
2024-11-12,Tuesday,11,2024-11-12 10:47,10,Cologne Hbf,Berlin Hbf,ICE,storm,False,False,False,12.5,True
2024-11-12,Tuesday,11,2024-11-12 12:43,12,Hamburg Hbf,Hannover Hbf,IC,rain,False,False,False,3.7,False
2024-11-12,Tuesday,11,2024-11-12 12:58,12,Berlin Hbf,Hamburg Hbf,ICE,storm,True,False,False,5.1,True
2024-11-12,Tuesday,11,2024-11-12 14:12,14,Leipzig Hbf,Dresden Hbf,RE,rain,False,False,False,0.3,False
2024-11-12,Tuesday,11,2024-11-12 16:20,16,Cologne Hbf,Bonn Hbf,RE,clear,False,False,False,1.4,False
2024-11-12,Tuesday,11,2024-11-12 16:44,16,Frankfurt(Main) Hbf,Mainz Hbf,S-Bahn,clear,True,False,False,1.3,False
2024-11-12,Tuesday,11,2024-11-12 17:55,17,Leipzig Hbf,Dresden Hbf,RE,snow,False,True,False,6.1,True
2024-11-12,Tuesday,11,2024-11-12 22:42,22,Frankfurt(Main) Hbf,Stuttgart Hbf,IC,clear,False,False,False,3.9,False
2024-11-13,Wednesday,11,2024-11-13 07:28,7,Cologne Hbf,Bonn Hbf,RE,snow,False,True,False,5.4,True
2024-11-13,Wednesday,11,2024-11-13 11:53,11,Munich Hbf,Frankfurt(Main) Hbf,ICE,clear,False,False,False,1.8,False
2024-11-13,Wednesday,11,2024-11-13 12:08,12,Leipzig Hbf,Dresden Hbf,RE,rain,False,False,False,1.5,False
2024-11-13,Wednesday,11,2024-11-13 15:52,15,Cologne Hbf,Bonn Hbf,RE,rain,False,False,False,0.9,False
2024-11-13,Wednesday,11,2024-11-13 16:54,16,Leipzig Hbf,Dresden Hbf,RE,snow,False,False,False,5.3,True
2024-11-13,Wednesday,11,2024-11-13 17:50,17,Cologne Hbf,Berlin Hbf,ICE,clear,False,True,False,6.9,True
2024-11-13,Wednesday,11,2024-11-13 19:51,19,Berlin Hbf,Hamburg Hbf,ICE,clear,False,True,False,1.6,False
2024-11-13,Wednesday,11,2024-11-13 19:52,19,Cologne Hbf,Bonn Hbf,RE,rain,False,True,False,1.5,False
2024-11-13,Wednesday,11,2024-11-13 21:28,21,Munich Hbf,Frankfurt(Main) Hbf,ICE,rain,False,False,False,4.7,False
2024-11-13,Wednesday,11,2024-11-13 22:28,22,Berlin Hbf,Hamburg Hbf,ICE,storm,False,False,False,4.1,False
2024-11-14,Thursday,11,2024-11-14 07:27,7,Munich Hbf,Augsburg Hbf,RE,rain,False,True,False,2.9,False
2024-11-14,Thursday,11,2024-11-14 07:52,7,Leipzig Hbf,Dresden Hbf,RE,clear,False,True,False,2.3,False
2024-11-14,Thursday,11,2024-11-14 08:37,8,Frankfurt(Main) Hbf,Mainz Hbf,S-Bahn,clear,True,True,False,8.9,True
2024-11-14,Thursday,11,2024-11-14 09:14,9,Frankfurt(Main) Hbf,Stuttgart Hbf,IC,storm,False,False,False,3.1,False
2024-11-14,Thursday,11,2024-11-14 10:35,10,Cologne Hbf,Berlin Hbf,ICE,clear,False,False,False,5.9,True
2024-11-14,Thursday,11,2024-11-14 15:26,15,Leipzig Hbf,Dresden Hbf,RE,clear,True,False,False,1.4,False
2024-11-14,Thursday,11,2024-11-14 16:13,16,Frankfurt(Main) Hbf,Stuttgart Hbf,IC,rain,False,False,False,3.4,False
2024-11-14,Thursday,11,2024-11-14 17:18,17,Berlin Hbf,Hamburg Hbf,ICE,rain,False,True,False,5.5,True
2024-11-14,Thursday,11,2024-11-14 17:28,17,Frankfurt(Main) Hbf,Mainz Hbf,S-Bahn,rain,False,True,False,1.5,False
2024-11-14,Thursday,11,2024-11-14 19:06,19,Berlin Hbf,Hamburg Hbf,ICE,clear,True,True,False,7.8,True
2024-11-14,Thursday,11,2024-11-14 20:14,20,Cologne Hbf,Berlin Hbf,ICE,rain,False,False,False,7.5,True
2024-11-14,Thursday,11,2024-11-14 21:23,21,Cologne Hbf,Berlin Hbf,ICE,rain,False,False,False,11.3,True
2024-11-15,Friday,11,2024-11-15 09:26,9,Munich Hbf,Frankfurt(Main) Hbf,ICE,rain,False,False,False,4.1,False
2024-11-15,Friday,11,2024-11-15 09:34,9,Munich Hbf,Augsburg Hbf,RE,rain,False,False,False,4.7,False
2024-11-15,Friday,11,2024-11-15 11:38,11,Munich Hbf,Augsburg Hbf,RE,clear,False,False,False,0.5,False
2024-11-15,Friday,11,2024-11-15 12:42,12,Berlin Hbf,Potsdam Hbf,S-Bahn,storm,False,False,False,0.3,False
2024-11-15,Friday,11,2024-11-15 13:46,13,Berlin Hbf,Hamburg Hbf,ICE,clear,False,False,False,0.7,False
2024-11-15,Friday,11,2024-11-15 14:32,14,Cologne Hbf,Berlin Hbf,ICE,rain,False,False,False,1.7,False
2024-11-15,Friday,11,2024-11-15 16:37,16,Frankfurt(Main) Hbf,Mainz Hbf,S-Bahn,clear,False,False,False,3.7,False
2024-11-15,Friday,11,2024-11-15 16:39,16,Leipzig Hbf,Dresden Hbf,RE,snow,False,False,False,8.4,True
2024-11-15,Friday,11,2024-11-15 17:32,17,Frankfurt(Main) Hbf,Mainz Hbf,S-Bahn,clear,False,True,False,0.3,False
2024-11-15,Friday,11,2024-11-15 17:34,17,Frankfurt(Main) Hbf,Mainz Hbf,S-Bahn,clear,False,True,False,0.8,False
2024-11-15,Friday,11,2024-11-15 18:31,18,Munich Hbf,Frankfurt(Main) Hbf,ICE,rain,False,True,False,9.5,True
2024-11-16,Saturday,11,2024-11-16 07:57,7,Berlin Hbf,Potsdam Hbf,S-Bahn,snow,False,True,True,1.7,False
2024-11-16,Saturday,11,2024-11-16 07:59,7,Berlin Hbf,Potsdam Hbf,S-Bahn,snow,True,True,True,5.4,True
2024-11-16,Saturday,11,2024-11-16 08:04,8,Berlin Hbf,Potsdam Hbf,S-Bahn,snow,False,True,True,1.1,False
2024-11-16,Saturday,11,2024-11-16 08:11,8,Munich Hbf,Augsburg Hbf,RE,clear,False,True,True,0.5,False
2024-11-16,Saturday,11,2024-11-16 09:44,9,Cologne Hbf,Bonn Hbf,RE,storm,False,False,True,1.2,False
2024-11-16,Saturday,11,2024-11-16 09:58,9,Cologne Hbf,Bonn Hbf,RE,rain,False,False,True,1.1,False
2024-11-16,Saturday,11,2024-11-16 12:08,12,Cologne Hbf,Bonn Hbf,RE,clear,False,False,True,3.5,False
2024-11-16,Saturday,11,2024-11-16 15:13,15,Cologne Hbf,Bonn Hbf,RE,snow,False,False,True,3.9,False
2024-11-16,Saturday,11,2024-11-16 15:51,15,Leipzig Hbf,Dresden Hbf,RE,storm,False,False,True,3.1,False
2024-11-16,Saturday,11,2024-11-16 16:11,16,Berlin Hbf,Hamburg Hbf,ICE,rain,False,False,True,5.2,True
2024-11-16,Saturday,11,2024-11-16 16:13,16,Cologne Hbf,Bonn Hbf,RE,snow,False,False,True,1.1,False
2024-11-16,Saturday,11,2024-11-16 17:02,17,Frankfurt(Main) Hbf,Mainz Hbf,S-Bahn,rain,False,True,True,2.6,False
2024-11-16,Saturday,11,2024-11-16 21:36,21,Leipzig Hbf,Dresden Hbf,RE,clear,False,False,True,2.4,False
2024-11-16,Saturday,11,2024-11-16 22:23,22,Berlin Hbf,Hamburg Hbf,ICE,clear,False,False,True,3.4,False
2024-11-17,Sunday,11,2024-11-17 05:16,5,Cologne Hbf,Berlin Hbf,ICE,snow,False,False,True,74.5,True
2024-11-17,Sunday,11,2024-11-17 07:31,7,Berlin Hbf,Potsdam Hbf,S-Bahn,clear,False,True,True,2.9,False
2024-11-17,Sunday,11,2024-11-17 08:58,8,Munich Hbf,Augsburg Hbf,RE,rain,True,True,True,4.3,False
2024-11-17,Sunday,11,2024-11-17 11:58,11,Hamburg Hbf,Hannover Hbf,IC,clear,False,False,True,1.8,False
2024-11-17,Sunday,11,2024-11-17 13:26,13,Cologne Hbf,Berlin Hbf,ICE,clear,False,False,True,2.3,False
2024-11-17,Sunday,11,2024-11-17 13:26,13,Frankfurt(Main) Hbf,Mainz Hbf,S-Bahn,clear,False,False,True,1.6,False
2024-11-17,Sunday,11,2024-11-17 16:11,16,Munich Hbf,Frankfurt(Main) Hbf,ICE,snow,False,False,True,5.8,True
2024-11-17,Sunday,11,2024-11-17 17:19,17,Cologne Hbf,Berlin Hbf,ICE,rain,False,True,True,7.0,True
2024-11-17,Sunday,11,2024-11-17 17:39,17,Berlin Hbf,Potsdam Hbf,S-Bahn,rain,False,True,True,0.6,False
2024-11-17,Sunday,11,2024-11-17 18:03,18,Berlin Hbf,Potsdam Hbf,S-Bahn,clear,False,True,True,2.9,False
2024-11-17,Sunday,11,2024-11-17 19:20,19,Frankfurt(Main) Hbf,Stuttgart Hbf,IC,clear,False,True,True,2.9,False
2024-11-17,Sunday,11,2024-11-17 20:27,20,Cologne Hbf,Bonn Hbf,RE,snow,False,False,True,1.9,False
2024-11-18,Monday,11,2024-11-18 09:53,9,Hamburg Hbf,Hannover Hbf,IC,rain,False,False,False,7.4,True
2024-11-18,Monday,11,2024-11-18 11:04,11,Munich Hbf,Frankfurt(Main) Hbf,ICE,clear,True,False,False,6.9,True
2024-11-18,Monday,11,2024-11-18 11:04,11,Leipzig Hbf,Dresden Hbf,RE,clear,False,False,False,2.8,False
2024-11-18,Monday,11,2024-11-18 11:21,11,Cologne Hbf,Berlin Hbf,ICE,clear,False,False,False,4.3,False
2024-11-18,Monday,11,2024-11-18 11:32,11,Cologne Hbf,Berlin Hbf,ICE,clear,False,False,False,5.3,True
2024-11-18,Monday,11,2024-11-18 12:31,12,Cologne Hbf,Bonn Hbf,RE,clear,False,False,False,2.0,False
2024-11-18,Monday,11,2024-11-18 12:32,12,Frankfurt(Main) Hbf,Stuttgart Hbf,IC,rain,False,False,False,1.1,False
2024-11-18,Monday,11,2024-11-18 14:11,14,Munich Hbf,Frankfurt(Main) Hbf,ICE,snow,False,False,False,13.1,True
2024-11-18,Monday,11,2024-11-18 15:02,15,Frankfurt(Main) Hbf,Mainz Hbf,S-Bahn,clear,False,False,False,0.2,False
2024-11-18,Monday,11,2024-11-18 17:34,17,Cologne Hbf,Bonn Hbf,RE,rain,True,True,False,3.9,False
2024-11-18,Monday,11,2024-11-18 18:46,18,Cologne Hbf,Berlin Hbf,ICE,storm,False,True,False,12.7,True
2024-11-18,Monday,11,2024-11-18 21:52,21,Munich Hbf,Frankfurt(Main) Hbf,ICE,rain,False,False,False,9.6,True
2024-11-18,Monday,11,2024-11-18 22:36,22,Leipzig Hbf,Dresden Hbf,RE,rain,False,False,False,0.1,False
2024-11-19,Tuesday,11,2024-11-19 05:41,5,Munich Hbf,Frankfurt(Main) Hbf,ICE,rain,False,False,False,4.0,False
2024-11-19,Tuesday,11,2024-11-19 06:17,6,Frankfurt(Main) Hbf,Mainz Hbf,S-Bahn,clear,True,False,False,1.1,False
2024-11-19,Tuesday,11,2024-11-19 07:16,7,Berlin Hbf,Hamburg Hbf,ICE,rain,False,True,False,2.0,False
2024-11-19,Tuesday,11,2024-11-19 08:57,8,Munich Hbf,Augsburg Hbf,RE,rain,False,True,False,0.6,False
2024-11-19,Tuesday,11,2024-11-19 09:30,9,Berlin Hbf,Potsdam Hbf,S-Bahn,rain,False,False,False,0.4,False
2024-11-19,Tuesday,11,2024-11-19 09:44,9,Cologne Hbf,Bonn Hbf,RE,clear,False,False,False,1.8,False
2024-11-19,Tuesday,11,2024-11-19 12:15,12,Munich Hbf,Augsburg Hbf,RE,snow,False,False,False,5.5,True
2024-11-19,Tuesday,11,2024-11-19 12:17,12,Munich Hbf,Augsburg Hbf,RE,rain,False,False,False,4.2,False
2024-11-19,Tuesday,11,2024-11-19 13:04,13,Berlin Hbf,Hamburg Hbf,ICE,rain,False,False,False,2.3,False
2024-11-19,Tuesday,11,2024-11-19 15:18,15,Frankfurt(Main) Hbf,Mainz Hbf,S-Bahn,clear,False,False,False,4.4,False
2024-11-19,Tuesday,11,2024-11-19 15:24,15,Hamburg Hbf,Hannover Hbf,IC,clear,True,False,False,3.8,False
2024-11-19,Tuesday,11,2024-11-19 16:15,16,Munich Hbf,Augsburg Hbf,RE,clear,False,False,False,62.6,True
2024-11-19,Tuesday,11,2024-11-19 20:16,20,Berlin Hbf,Potsdam Hbf,S-Bahn,clear,False,False,False,2.7,False
2024-11-19,Tuesday,11,2024-11-19 20:30,20,Frankfurt(Main) Hbf,Stuttgart Hbf,IC,clear,False,False,False,2.0,False
2024-11-19,Tuesday,11,2024-11-19 22:05,22,Hamburg Hbf,Hannover Hbf,IC,clear,False,False,False,1.2,False
2024-11-20,Wednesday,11,2024-11-20 08:38,8,Berlin Hbf,Hamburg Hbf,ICE,snow,False,True,False,18.0,True
2024-11-20,Wednesday,11,2024-11-20 13:54,13,Cologne Hbf,Bonn Hbf,RE,rain,False,False,False,1.6,False
2024-11-20,Wednesday,11,2024-11-20 15:16,15,Frankfurt(Main) Hbf,Stuttgart Hbf,IC,clear,False,False,False,2.8,False
2024-11-20,Wednesday,11,2024-11-20 16:27,16,Munich Hbf,Augsburg Hbf,RE,rain,False,False,False,4.6,False
2024-11-20,Wednesday,11,2024-11-20 16:41,16,Leipzig Hbf,Dresden Hbf,RE,clear,False,False,False,0.5,False
2024-11-20,Wednesday,11,2024-11-20 16:52,16,Berlin Hbf,Hamburg Hbf,ICE,snow,False,False,False,56.8,True
2024-11-20,Wednesday,11,2024-11-20 16:55,16,Berlin Hbf,Potsdam Hbf,S-Bahn,clear,False,False,False,0.4,False
2024-11-20,Wednesday,11,2024-11-20 17:15,17,Berlin Hbf,Potsdam Hbf,S-Bahn,clear,False,True,False,2.8,False
2024-11-20,Wednesday,11,2024-11-20 17:23,17,Berlin Hbf,Potsdam Hbf,S-Bahn,storm,False,True,False,3.3,False
2024-11-20,Wednesday,11,2024-11-20 18:04,18,Berlin Hbf,Potsdam Hbf,S-Bahn,clear,False,True,False,1.0,False
2024-11-20,Wednesday,11,2024-11-20 18:41,18,Berlin Hbf,Hamburg Hbf,ICE,rain,True,True,False,17.6,True
2024-11-20,Wednesday,11,2024-11-20 21:30,21,Frankfurt(Main) Hbf,Mainz Hbf,S-Bahn,rain,False,False,False,1.8,False
2024-11-21,Thursday,11,2024-11-21 07:12,7,Cologne Hbf,Bonn Hbf,RE,rain,False,True,False,1.8,False
2024-11-21,Thursday,11,2024-11-21 08:10,8,Leipzig Hbf,Dresden Hbf,RE,rain,False,True,False,1.0,False
2024-11-21,Thursday,11,2024-11-21 09:05,9,Berlin Hbf,Hamburg Hbf,ICE,snow,True,False,False,6.9,True
2024-11-21,Thursday,11,2024-11-21 10:31,10,Berlin Hbf,Potsdam Hbf,S-Bahn,storm,False,False,False,5.6,True
2024-11-21,Thursday,11,2024-11-21 12:18,12,Frankfurt(Main) Hbf,Mainz Hbf,S-Bahn,clear,False,False,False,2.7,False
2024-11-21,Thursday,11,2024-11-21 12:50,12,Munich Hbf,Frankfurt(Main) Hbf,ICE,snow,False,False,False,10.2,True
2024-11-21,Thursday,11,2024-11-21 16:25,16,Frankfurt(Main) Hbf,Mainz Hbf,S-Bahn,clear,True,False,False,1.6,False
2024-11-21,Thursday,11,2024-11-21 19:47,19,Leipzig Hbf,Dresden Hbf,RE,clear,False,True,False,3.1,False
2024-11-21,Thursday,11,2024-11-21 19:58,19,Berlin Hbf,Potsdam Hbf,S-Bahn,clear,False,True,False,6.4,True
2024-11-22,Friday,11,2024-11-22 07:09,7,Leipzig Hbf,Dresden Hbf,RE,clear,False,True,False,1.3,False
2024-11-22,Friday,11,2024-11-22 07:43,7,Cologne Hbf,Bonn Hbf,RE,rain,True,True,False,2.0,False
2024-11-22,Friday,11,2024-11-22 08:46,8,Leipzig Hbf,Dresden Hbf,RE,clear,False,True,False,0.8,False
2024-11-22,Friday,11,2024-11-22 14:14,14,Frankfurt(Main) Hbf,Stuttgart Hbf,IC,rain,False,False,False,1.8,False
2024-11-22,Friday,11,2024-11-22 14:19,14,Cologne Hbf,Bonn Hbf,RE,rain,True,False,False,2.8,False
2024-11-22,Friday,11,2024-11-22 14:23,14,Berlin Hbf,Potsdam Hbf,S-Bahn,rain,False,False,False,3.0,False
2024-11-22,Friday,11,2024-11-22 14:52,14,Munich Hbf,Augsburg Hbf,RE,clear,False,False,False,0.9,False
2024-11-22,Friday,11,2024-11-22 16:39,16,Cologne Hbf,Bonn Hbf,RE,rain,False,False,False,4.8,False
2024-11-22,Friday,11,2024-11-22 21:59,21,Berlin Hbf,Potsdam Hbf,S-Bahn,snow,False,False,False,1.4,False
2024-11-22,Friday,11,2024-11-22 22:03,22,Berlin Hbf,Hamburg Hbf,ICE,rain,False,False,False,5.8,True
2024-11-23,Saturday,11,2024-11-23 06:31,6,Munich Hbf,Frankfurt(Main) Hbf,ICE,storm,False,False,True,7.1,True
2024-11-23,Saturday,11,2024-11-23 08:31,8,Munich Hbf,Augsburg Hbf,RE,clear,False,True,True,1.8,False
2024-11-23,Saturday,11,2024-11-23 10:28,10,Munich Hbf,Augsburg Hbf,RE,snow,True,False,True,2.8,False
2024-11-23,Saturday,11,2024-11-23 11:50,11,Munich Hbf,Frankfurt(Main) Hbf,ICE,clear,True,False,True,70.1,True
2024-11-23,Saturday,11,2024-11-23 13:27,13,Hamburg Hbf,Hannover Hbf,IC,snow,False,False,True,5.3,True
2024-11-23,Saturday,11,2024-11-23 14:00,14,Munich Hbf,Augsburg Hbf,RE,rain,False,False,True,3.0,False
2024-11-23,Saturday,11,2024-11-23 14:44,14,Frankfurt(Main) Hbf,Stuttgart Hbf,IC,clear,False,False,True,4.4,False
2024-11-23,Saturday,11,2024-11-23 18:43,18,Frankfurt(Main) Hbf,Stuttgart Hbf,IC,rain,False,True,True,5.1,True
2024-11-23,Saturday,11,2024-11-23 19:44,19,Hamburg Hbf,Hannover Hbf,IC,snow,True,True,True,10.1,True
2024-11-24,Sunday,11,2024-11-24 05:17,5,Cologne Hbf,Berlin Hbf,ICE,rain,False,False,True,1.8,False
2024-11-24,Sunday,11,2024-11-24 06:13,6,Cologne Hbf,Berlin Hbf,ICE,rain,False,False,True,4.7,False
2024-11-24,Sunday,11,2024-11-24 07:32,7,Munich Hbf,Frankfurt(Main) Hbf,ICE,clear,True,True,True,5.4,True
2024-11-24,Sunday,11,2024-11-24 08:31,8,Cologne Hbf,Bonn Hbf,RE,clear,False,True,True,3.8,False
2024-11-24,Sunday,11,2024-11-24 12:39,12,Frankfurt(Main) Hbf,Mainz Hbf,S-Bahn,rain,True,False,True,0.6,False
2024-11-24,Sunday,11,2024-11-24 14:17,14,Frankfurt(Main) Hbf,Stuttgart Hbf,IC,clear,False,False,True,3.4,False
2024-11-24,Sunday,11,2024-11-24 14:55,14,Cologne Hbf,Bonn Hbf,RE,rain,False,False,True,1.1,False
2024-11-24,Sunday,11,2024-11-24 19:23,19,Frankfurt(Main) Hbf,Stuttgart Hbf,IC,snow,False,True,True,7.0,True
2024-11-24,Sunday,11,2024-11-24 19:32,19,Frankfurt(Main) Hbf,Stuttgart Hbf,IC,clear,True,True,True,5.3,True
2024-11-24,Sunday,11,2024-11-24 19:38,19,Cologne Hbf,Berlin Hbf,ICE,rain,False,True,True,5.6,True
2024-11-24,Sunday,11,2024-11-24 19:53,19,Munich Hbf,Augsburg Hbf,RE,clear,False,True,True,5.6,True
2024-11-24,Sunday,11,2024-11-24 20:39,20,Leipzig Hbf,Dresden Hbf,RE,storm,False,False,True,4.2,False
2024-11-25,Monday,11,2024-11-25 07:35,7,Leipzig Hbf,Dresden Hbf,RE,clear,False,True,False,0.8,False
2024-11-25,Monday,11,2024-11-25 07:44,7,Cologne Hbf,Bonn Hbf,RE,rain,False,True,False,2.0,False
2024-11-25,Monday,11,2024-11-25 08:27,8,Frankfurt(Main) Hbf,Mainz Hbf,S-Bahn,clear,False,True,False,4.6,False
2024-11-25,Monday,11,2024-11-25 10:54,10,Leipzig Hbf,Dresden Hbf,RE,clear,False,False,False,2.6,False
2024-11-25,Monday,11,2024-11-25 13:38,13,Hamburg Hbf,Hannover Hbf,IC,rain,False,False,False,1.6,False
2024-11-25,Monday,11,2024-11-25 15:11,15,Frankfurt(Main) Hbf,Stuttgart Hbf,IC,rain,False,False,False,4.7,False
2024-11-25,Monday,11,2024-11-25 16:18,16,Leipzig Hbf,Dresden Hbf,RE,clear,False,False,False,4.7,False
2024-11-25,Monday,11,2024-11-25 17:51,17,Frankfurt(Main) Hbf,Mainz Hbf,S-Bahn,clear,False,True,False,1.9,False
2024-11-25,Monday,11,2024-11-25 20:44,20,Berlin Hbf,Potsdam Hbf,S-Bahn,snow,False,False,False,4.3,False
2024-11-25,Monday,11,2024-11-25 21:53,21,Hamburg Hbf,Hannover Hbf,IC,clear,False,False,False,1.1,False
2024-11-26,Tuesday,11,2024-11-26 07:33,7,Berlin Hbf,Potsdam Hbf,S-Bahn,clear,False,True,False,1.2,False
2024-11-26,Tuesday,11,2024-11-26 08:32,8,Cologne Hbf,Bonn Hbf,RE,clear,True,True,False,6.8,True
2024-11-26,Tuesday,11,2024-11-26 09:27,9,Leipzig Hbf,Dresden Hbf,RE,snow,False,False,False,0.7,False
2024-11-26,Tuesday,11,2024-11-26 09:52,9,Munich Hbf,Frankfurt(Main) Hbf,ICE,clear,False,False,False,6.1,True
2024-11-26,Tuesday,11,2024-11-26 17:46,17,Frankfurt(Main) Hbf,Mainz Hbf,S-Bahn,clear,False,True,False,4.3,False
2024-11-26,Tuesday,11,2024-11-26 18:16,18,Leipzig Hbf,Dresden Hbf,RE,rain,False,True,False,1.0,False
2024-11-26,Tuesday,11,2024-11-26 21:39,21,Cologne Hbf,Bonn Hbf,RE,rain,True,False,False,5.0,False
2024-11-27,Wednesday,11,2024-11-27 06:09,6,Cologne Hbf,Berlin Hbf,ICE,clear,False,False,False,3.8,False
2024-11-27,Wednesday,11,2024-11-27 11:49,11,Munich Hbf,Frankfurt(Main) Hbf,ICE,clear,False,False,False,6.4,True
2024-11-27,Wednesday,11,2024-11-27 16:04,16,Leipzig Hbf,Dresden Hbf,RE,rain,False,False,False,1.5,False
2024-11-27,Wednesday,11,2024-11-27 16:12,16,Leipzig Hbf,Dresden Hbf,RE,rain,False,False,False,1.3,False
2024-11-27,Wednesday,11,2024-11-27 17:05,17,Frankfurt(Main) Hbf,Mainz Hbf,S-Bahn,clear,False,True,False,3.0,False
2024-11-27,Wednesday,11,2024-11-27 17:11,17,Frankfurt(Main) Hbf,Mainz Hbf,S-Bahn,snow,False,True,False,2.8,False
2024-11-27,Wednesday,11,2024-11-27 18:11,18,Frankfurt(Main) Hbf,Stuttgart Hbf,IC,rain,False,True,False,6.8,True
2024-11-27,Wednesday,11,2024-11-27 22:35,22,Hamburg Hbf,Hannover Hbf,IC,snow,False,False,False,6.1,True
2024-11-28,Thursday,11,2024-11-28 05:17,5,Frankfurt(Main) Hbf,Stuttgart Hbf,IC,clear,False,False,False,1.9,False
2024-11-28,Thursday,11,2024-11-28 07:28,7,Hamburg Hbf,Hannover Hbf,IC,clear,False,True,False,4.3,False
2024-11-28,Thursday,11,2024-11-28 10:21,10,Munich Hbf,Augsburg Hbf,RE,snow,False,False,False,2.3,False
2024-11-28,Thursday,11,2024-11-28 10:37,10,Berlin Hbf,Potsdam Hbf,S-Bahn,rain,False,False,False,0.9,False
2024-11-28,Thursday,11,2024-11-28 11:31,11,Berlin Hbf,Hamburg Hbf,ICE,rain,False,False,False,6.4,True
2024-11-28,Thursday,11,2024-11-28 19:55,19,Hamburg Hbf,Hannover Hbf,IC,snow,True,True,False,23.4,True
2024-11-28,Thursday,11,2024-11-28 21:00,21,Berlin Hbf,Hamburg Hbf,ICE,snow,False,False,False,7.4,True
2024-11-29,Friday,11,2024-11-29 08:06,8,Munich Hbf,Augsburg Hbf,RE,clear,False,True,False,2.4,False
2024-11-29,Friday,11,2024-11-29 08:09,8,Munich Hbf,Augsburg Hbf,RE,snow,False,True,False,3.8,False
2024-11-29,Friday,11,2024-11-29 08:55,8,Cologne Hbf,Berlin Hbf,ICE,rain,False,True,False,6.6,True
2024-11-29,Friday,11,2024-11-29 10:43,10,Cologne Hbf,Berlin Hbf,ICE,storm,False,False,False,7.2,True
2024-11-29,Friday,11,2024-11-29 10:55,10,Berlin Hbf,Hamburg Hbf,ICE,clear,False,False,False,4.7,False
2024-11-29,Friday,11,2024-11-29 12:07,12,Frankfurt(Main) Hbf,Mainz Hbf,S-Bahn,snow,False,False,False,2.1,False
2024-11-29,Friday,11,2024-11-29 12:29,12,Cologne Hbf,Berlin Hbf,ICE,clear,False,False,False,5.3,True
2024-11-29,Friday,11,2024-11-29 14:39,14,Frankfurt(Main) Hbf,Stuttgart Hbf,IC,clear,False,False,False,0.9,False
2024-11-29,Friday,11,2024-11-29 16:20,16,Munich Hbf,Augsburg Hbf,RE,clear,False,False,False,3.1,False
2024-11-29,Friday,11,2024-11-29 17:32,17,Munich Hbf,Augsburg Hbf,RE,clear,False,True,False,3.5,False
2024-11-29,Friday,11,2024-11-29 21:39,21,Munich Hbf,Augsburg Hbf,RE,rain,False,False,False,0.7,False
2024-11-30,Saturday,11,2024-11-30 05:22,5,Hamburg Hbf,Hannover Hbf,IC,clear,False,False,True,2.9,False
2024-11-30,Saturday,11,2024-11-30 06:13,6,Hamburg Hbf,Hannover Hbf,IC,rain,False,False,True,10.4,True
2024-11-30,Saturday,11,2024-11-30 07:23,7,Frankfurt(Main) Hbf,Stuttgart Hbf,IC,clear,True,True,True,5.0,False
2024-11-30,Saturday,11,2024-11-30 08:19,8,Frankfurt(Main) Hbf,Stuttgart Hbf,IC,clear,False,True,True,1.7,False
2024-11-30,Saturday,11,2024-11-30 08:50,8,Frankfurt(Main) Hbf,Mainz Hbf,S-Bahn,rain,False,True,True,8.1,True
2024-11-30,Saturday,11,2024-11-30 10:13,10,Frankfurt(Main) Hbf,Mainz Hbf,S-Bahn,clear,False,False,True,0.1,False
2024-11-30,Saturday,11,2024-11-30 10:44,10,Cologne Hbf,Berlin Hbf,ICE,rain,False,False,True,9.7,True
2024-11-30,Saturday,11,2024-11-30 10:51,10,Hamburg Hbf,Hannover Hbf,IC,snow,False,False,True,6.9,True
2024-11-30,Saturday,11,2024-11-30 12:59,12,Frankfurt(Main) Hbf,Stuttgart Hbf,IC,clear,False,False,True,2.7,False
2024-11-30,Saturday,11,2024-11-30 15:25,15,Hamburg Hbf,Hannover Hbf,IC,clear,False,False,True,1.9,False
2024-11-30,Saturday,11,2024-11-30 17:42,17,Cologne Hbf,Bonn Hbf,RE,rain,False,True,True,0.9,False
2024-11-30,Saturday,11,2024-11-30 20:27,20,Frankfurt(Main) Hbf,Stuttgart Hbf,IC,rain,True,False,True,60.1,True
2024-11-30,Saturday,11,2024-11-30 21:09,21,Hamburg Hbf,Hannover Hbf,IC,rain,False,False,True,1.5,False
2024-11-30,Saturday,11,2024-11-30 22:32,22,Frankfurt(Main) Hbf,Mainz Hbf,S-Bahn,clear,False,False,True,1.9,False
2024-12-01,Sunday,12,2024-12-01 05:23,5,Frankfurt(Main) Hbf,Stuttgart Hbf,IC,clear,False,False,True,4.3,False
2024-12-01,Sunday,12,2024-12-01 07:36,7,Frankfurt(Main) Hbf,Stuttgart Hbf,IC,rain,False,True,True,3.9,False
2024-12-01,Sunday,12,2024-12-01 09:06,9,Munich Hbf,Augsburg Hbf,RE,snow,True,False,True,1.8,False
2024-12-01,Sunday,12,2024-12-01 09:58,9,Berlin Hbf,Potsdam Hbf,S-Bahn,snow,False,False,True,6.1,True
2024-12-01,Sunday,12,2024-12-01 11:07,11,Berlin Hbf,Hamburg Hbf,ICE,storm,False,False,True,3.2,False
2024-12-01,Sunday,12,2024-12-01 13:07,13,Frankfurt(Main) Hbf,Mainz Hbf,S-Bahn,rain,False,False,True,3.7,False
2024-12-01,Sunday,12,2024-12-01 14:49,14,Frankfurt(Main) Hbf,Mainz Hbf,S-Bahn,clear,False,False,True,0.8,False
2024-12-01,Sunday,12,2024-12-01 17:13,17,Frankfurt(Main) Hbf,Stuttgart Hbf,IC,rain,False,True,True,12.1,True
2024-12-01,Sunday,12,2024-12-01 17:58,17,Berlin Hbf,Potsdam Hbf,S-Bahn,rain,False,True,True,3.0,False
2024-12-01,Sunday,12,2024-12-01 18:06,18,Cologne Hbf,Bonn Hbf,RE,clear,False,True,True,5.3,True
2024-12-01,Sunday,12,2024-12-01 19:31,19,Frankfurt(Main) Hbf,Stuttgart Hbf,IC,snow,False,True,True,5.3,True
2024-12-01,Sunday,12,2024-12-01 19:48,19,Frankfurt(Main) Hbf,Stuttgart Hbf,IC,clear,False,True,True,2.7,False
2024-12-01,Sunday,12,2024-12-01 21:49,21,Berlin Hbf,Potsdam Hbf,S-Bahn,clear,False,False,True,1.3,False
2024-12-01,Sunday,12,2024-12-01 22:15,22,Cologne Hbf,Bonn Hbf,RE,rain,False,False,True,4.3,False
2024-12-01,Sunday,12,2024-12-01 22:40,22,Munich Hbf,Frankfurt(Main) Hbf,ICE,rain,False,False,True,4.5,False
2024-12-02,Monday,12,2024-12-02 05:33,5,Hamburg Hbf,Hannover Hbf,IC,rain,False,False,False,7.3,True
2024-12-02,Monday,12,2024-12-02 05:37,5,Munich Hbf,Frankfurt(Main) Hbf,ICE,rain,False,False,False,6.6,True
2024-12-02,Monday,12,2024-12-02 06:56,6,Munich Hbf,Frankfurt(Main) Hbf,ICE,rain,False,False,False,10.5,True
2024-12-02,Monday,12,2024-12-02 07:46,7,Cologne Hbf,Berlin Hbf,ICE,clear,False,True,False,3.1,False
2024-12-02,Monday,12,2024-12-02 08:03,8,Munich Hbf,Augsburg Hbf,RE,snow,False,True,False,7.9,True
2024-12-02,Monday,12,2024-12-02 08:45,8,Leipzig Hbf,Dresden Hbf,RE,clear,False,True,False,1.4,False
2024-12-02,Monday,12,2024-12-02 08:46,8,Cologne Hbf,Bonn Hbf,RE,snow,False,True,False,1.4,False
2024-12-02,Monday,12,2024-12-02 08:49,8,Cologne Hbf,Berlin Hbf,ICE,rain,True,True,False,58.2,True
2024-12-02,Monday,12,2024-12-02 10:36,10,Leipzig Hbf,Dresden Hbf,RE,rain,False,False,False,11.0,True
2024-12-02,Monday,12,2024-12-02 10:48,10,Cologne Hbf,Berlin Hbf,ICE,rain,False,False,False,14.3,True
2024-12-02,Monday,12,2024-12-02 12:46,12,Hamburg Hbf,Hannover Hbf,IC,snow,False,False,False,3.6,False
2024-12-02,Monday,12,2024-12-02 15:36,15,Munich Hbf,Frankfurt(Main) Hbf,ICE,clear,False,False,False,1.7,False
2024-12-02,Monday,12,2024-12-02 16:00,16,Munich Hbf,Frankfurt(Main) Hbf,ICE,clear,False,False,False,11.1,True
2024-12-02,Monday,12,2024-12-02 16:35,16,Cologne Hbf,Berlin Hbf,ICE,rain,False,False,False,4.8,False
2024-12-02,Monday,12,2024-12-02 17:21,17,Munich Hbf,Augsburg Hbf,RE,snow,False,True,False,2.8,False
2024-12-02,Monday,12,2024-12-02 18:32,18,Frankfurt(Main) Hbf,Stuttgart Hbf,IC,snow,False,True,False,6.7,True
2024-12-02,Monday,12,2024-12-02 21:40,21,Berlin Hbf,Hamburg Hbf,ICE,rain,False,False,False,4.8,False
2024-12-02,Monday,12,2024-12-02 22:28,22,Frankfurt(Main) Hbf,Mainz Hbf,S-Bahn,snow,False,False,False,2.5,False
2024-12-03,Tuesday,12,2024-12-03 05:30,5,Frankfurt(Main) Hbf,Stuttgart Hbf,IC,clear,False,False,False,3.4,False
2024-12-03,Tuesday,12,2024-12-03 07:06,7,Berlin Hbf,Potsdam Hbf,S-Bahn,snow,False,True,False,4.4,False
2024-12-03,Tuesday,12,2024-12-03 07:45,7,Munich Hbf,Augsburg Hbf,RE,rain,False,True,False,3.3,False
2024-12-03,Tuesday,12,2024-12-03 09:50,9,Frankfurt(Main) Hbf,Mainz Hbf,S-Bahn,clear,False,False,False,2.5,False
2024-12-03,Tuesday,12,2024-12-03 09:54,9,Hamburg Hbf,Hannover Hbf,IC,snow,False,False,False,4.9,False
2024-12-03,Tuesday,12,2024-12-03 11:18,11,Leipzig Hbf,Dresden Hbf,RE,rain,False,False,False,3.8,False
2024-12-03,Tuesday,12,2024-12-03 15:43,15,Frankfurt(Main) Hbf,Mainz Hbf,S-Bahn,rain,False,False,False,1.2,False
2024-12-03,Tuesday,12,2024-12-03 16:44,16,Berlin Hbf,Potsdam Hbf,S-Bahn,rain,False,False,False,2.9,False
2024-12-03,Tuesday,12,2024-12-03 17:12,17,Cologne Hbf,Berlin Hbf,ICE,storm,False,True,False,13.6,True
2024-12-03,Tuesday,12,2024-12-03 18:52,18,Berlin Hbf,Potsdam Hbf,S-Bahn,rain,False,True,False,3.1,False
2024-12-03,Tuesday,12,2024-12-03 19:56,19,Cologne Hbf,Bonn Hbf,RE,rain,False,True,False,70.5,True
2024-12-03,Tuesday,12,2024-12-03 20:12,20,Cologne Hbf,Berlin Hbf,ICE,rain,True,False,False,11.2,True
2024-12-04,Wednesday,12,2024-12-04 07:54,7,Berlin Hbf,Potsdam Hbf,S-Bahn,rain,True,True,False,0.9,False
2024-12-04,Wednesday,12,2024-12-04 10:01,10,Cologne Hbf,Berlin Hbf,ICE,snow,True,False,False,16.6,True
2024-12-04,Wednesday,12,2024-12-04 11:04,11,Munich Hbf,Augsburg Hbf,RE,rain,False,False,False,2.3,False
2024-12-04,Wednesday,12,2024-12-04 12:11,12,Berlin Hbf,Hamburg Hbf,ICE,snow,False,False,False,7.5,True
2024-12-04,Wednesday,12,2024-12-04 13:18,13,Leipzig Hbf,Dresden Hbf,RE,snow,False,False,False,1.5,False
2024-12-04,Wednesday,12,2024-12-04 13:57,13,Frankfurt(Main) Hbf,Mainz Hbf,S-Bahn,snow,False,False,False,2.4,False
2024-12-04,Wednesday,12,2024-12-04 17:23,17,Frankfurt(Main) Hbf,Stuttgart Hbf,IC,snow,False,True,False,11.1,True
2024-12-04,Wednesday,12,2024-12-04 19:42,19,Cologne Hbf,Berlin Hbf,ICE,clear,False,True,False,3.0,False
2024-12-04,Wednesday,12,2024-12-04 19:53,19,Hamburg Hbf,Hannover Hbf,IC,snow,False,True,False,7.3,True
2024-12-04,Wednesday,12,2024-12-04 20:35,20,Leipzig Hbf,Dresden Hbf,RE,clear,False,False,False,0.2,False
2024-12-05,Thursday,12,2024-12-05 05:46,5,Munich Hbf,Augsburg Hbf,RE,snow,False,False,False,1.3,False
2024-12-05,Thursday,12,2024-12-05 07:30,7,Berlin Hbf,Hamburg Hbf,ICE,clear,False,True,False,5.6,True
2024-12-05,Thursday,12,2024-12-05 14:35,14,Frankfurt(Main) Hbf,Stuttgart Hbf,IC,rain,False,False,False,4.8,False
2024-12-05,Thursday,12,2024-12-05 15:27,15,Berlin Hbf,Hamburg Hbf,ICE,snow,False,False,False,4.1,False
2024-12-05,Thursday,12,2024-12-05 16:01,16,Hamburg Hbf,Hannover Hbf,IC,snow,False,False,False,6.2,True
2024-12-05,Thursday,12,2024-12-05 20:30,20,Leipzig Hbf,Dresden Hbf,RE,clear,False,False,False,6.1,True
2024-12-05,Thursday,12,2024-12-05 20:30,20,Munich Hbf,Augsburg Hbf,RE,rain,False,False,False,3.2,False
2024-12-05,Thursday,12,2024-12-05 20:54,20,Frankfurt(Main) Hbf,Stuttgart Hbf,IC,rain,False,False,False,2.2,False
2024-12-06,Friday,12,2024-12-06 05:04,5,Munich Hbf,Augsburg Hbf,RE,clear,False,False,False,3.0,False
2024-12-06,Friday,12,2024-12-06 06:39,6,Hamburg Hbf,Hannover Hbf,IC,snow,False,False,False,6.1,True
2024-12-06,Friday,12,2024-12-06 07:46,7,Munich Hbf,Augsburg Hbf,RE,snow,False,True,False,11.0,True
2024-12-06,Friday,12,2024-12-06 09:09,9,Munich Hbf,Augsburg Hbf,RE,rain,False,False,False,2.0,False
2024-12-06,Friday,12,2024-12-06 09:33,9,Berlin Hbf,Hamburg Hbf,ICE,snow,False,False,False,6.8,True
2024-12-06,Friday,12,2024-12-06 09:52,9,Berlin Hbf,Hamburg Hbf,ICE,rain,False,False,False,4.2,False
2024-12-06,Friday,12,2024-12-06 10:58,10,Berlin Hbf,Hamburg Hbf,ICE,rain,False,False,False,2.5,False
2024-12-06,Friday,12,2024-12-06 12:48,12,Frankfurt(Main) Hbf,Mainz Hbf,S-Bahn,rain,True,False,False,1.3,False
2024-12-06,Friday,12,2024-12-06 14:09,14,Munich Hbf,Frankfurt(Main) Hbf,ICE,rain,False,False,False,5.2,True
2024-12-06,Friday,12,2024-12-06 16:18,16,Berlin Hbf,Hamburg Hbf,ICE,snow,False,False,False,6.7,True
2024-12-06,Friday,12,2024-12-06 17:30,17,Cologne Hbf,Bonn Hbf,RE,snow,False,True,False,3.7,False
2024-12-06,Friday,12,2024-12-06 19:12,19,Berlin Hbf,Hamburg Hbf,ICE,rain,False,True,False,8.5,True
2024-12-07,Saturday,12,2024-12-07 07:35,7,Cologne Hbf,Berlin Hbf,ICE,snow,False,True,True,13.3,True
2024-12-07,Saturday,12,2024-12-07 07:59,7,Frankfurt(Main) Hbf,Mainz Hbf,S-Bahn,clear,True,True,True,4.1,False
2024-12-07,Saturday,12,2024-12-07 08:13,8,Hamburg Hbf,Hannover Hbf,IC,clear,False,True,True,2.3,False
2024-12-07,Saturday,12,2024-12-07 08:16,8,Frankfurt(Main) Hbf,Mainz Hbf,S-Bahn,clear,False,True,True,1.6,False
2024-12-07,Saturday,12,2024-12-07 09:04,9,Leipzig Hbf,Dresden Hbf,RE,clear,False,False,True,1.4,False
2024-12-07,Saturday,12,2024-12-07 13:42,13,Cologne Hbf,Bonn Hbf,RE,rain,False,False,True,4.8,False
2024-12-07,Saturday,12,2024-12-07 18:59,18,Leipzig Hbf,Dresden Hbf,RE,rain,False,True,True,3.2,False
2024-12-07,Saturday,12,2024-12-07 20:04,20,Frankfurt(Main) Hbf,Mainz Hbf,S-Bahn,rain,False,False,True,1.2,False
2024-12-07,Saturday,12,2024-12-07 21:08,21,Munich Hbf,Augsburg Hbf,RE,snow,False,False,True,2.5,False
2024-12-07,Saturday,12,2024-12-07 21:31,21,Munich Hbf,Frankfurt(Main) Hbf,ICE,clear,False,False,True,1.4,False
2024-12-07,Saturday,12,2024-12-07 21:54,21,Berlin Hbf,Hamburg Hbf,ICE,clear,False,False,True,0.4,False
2024-12-08,Sunday,12,2024-12-08 07:41,7,Cologne Hbf,Bonn Hbf,RE,clear,True,True,True,1.5,False
2024-12-08,Sunday,12,2024-12-08 08:00,8,Cologne Hbf,Bonn Hbf,RE,snow,False,True,True,7.7,True
2024-12-08,Sunday,12,2024-12-08 09:04,9,Cologne Hbf,Bonn Hbf,RE,snow,False,False,True,1.9,False
2024-12-08,Sunday,12,2024-12-08 10:18,10,Berlin Hbf,Potsdam Hbf,S-Bahn,snow,False,False,True,1.7,False
2024-12-08,Sunday,12,2024-12-08 11:19,11,Leipzig Hbf,Dresden Hbf,RE,rain,True,False,True,1.0,False
2024-12-08,Sunday,12,2024-12-08 13:16,13,Leipzig Hbf,Dresden Hbf,RE,rain,False,False,True,1.4,False
2024-12-08,Sunday,12,2024-12-08 13:17,13,Leipzig Hbf,Dresden Hbf,RE,rain,False,False,True,3.3,False
2024-12-08,Sunday,12,2024-12-08 14:04,14,Munich Hbf,Frankfurt(Main) Hbf,ICE,rain,False,False,True,6.7,True
2024-12-08,Sunday,12,2024-12-08 15:53,15,Frankfurt(Main) Hbf,Mainz Hbf,S-Bahn,snow,False,False,True,2.8,False
2024-12-08,Sunday,12,2024-12-08 16:11,16,Munich Hbf,Frankfurt(Main) Hbf,ICE,rain,False,False,True,7.7,True
2024-12-08,Sunday,12,2024-12-08 17:18,17,Cologne Hbf,Berlin Hbf,ICE,snow,False,True,True,17.9,True
2024-12-08,Sunday,12,2024-12-08 17:44,17,Hamburg Hbf,Hannover Hbf,IC,snow,False,True,True,7.9,True
2024-12-08,Sunday,12,2024-12-08 19:05,19,Cologne Hbf,Bonn Hbf,RE,snow,False,True,True,4.1,False
2024-12-08,Sunday,12,2024-12-08 20:03,20,Frankfurt(Main) Hbf,Stuttgart Hbf,IC,clear,False,False,True,3.2,False
2024-12-08,Sunday,12,2024-12-08 20:21,20,Cologne Hbf,Berlin Hbf,ICE,rain,False,False,True,6.1,True
2024-12-08,Sunday,12,2024-12-08 20:34,20,Berlin Hbf,Potsdam Hbf,S-Bahn,clear,False,False,True,2.5,False
2024-12-08,Sunday,12,2024-12-08 21:30,21,Frankfurt(Main) Hbf,Mainz Hbf,S-Bahn,rain,False,False,True,2.6,False
2024-12-09,Monday,12,2024-12-09 08:45,8,Cologne Hbf,Bonn Hbf,RE,clear,False,True,False,3.6,False
2024-12-09,Monday,12,2024-12-09 08:52,8,Munich Hbf,Augsburg Hbf,RE,snow,False,True,False,7.7,True
2024-12-09,Monday,12,2024-12-09 14:34,14,Frankfurt(Main) Hbf,Stuttgart Hbf,IC,snow,False,False,False,7.1,True
2024-12-09,Monday,12,2024-12-09 14:46,14,Frankfurt(Main) Hbf,Mainz Hbf,S-Bahn,rain,False,False,False,1.7,False
2024-12-09,Monday,12,2024-12-09 15:40,15,Berlin Hbf,Potsdam Hbf,S-Bahn,snow,False,False,False,1.4,False
2024-12-09,Monday,12,2024-12-09 17:48,17,Leipzig Hbf,Dresden Hbf,RE,snow,False,True,False,6.4,True
2024-12-09,Monday,12,2024-12-09 22:07,22,Munich Hbf,Augsburg Hbf,RE,clear,False,False,False,1.9,False
2024-12-10,Tuesday,12,2024-12-10 05:35,5,Hamburg Hbf,Hannover Hbf,IC,rain,False,False,False,6.5,True
2024-12-10,Tuesday,12,2024-12-10 06:29,6,Hamburg Hbf,Hannover Hbf,IC,rain,False,False,False,2.2,False
2024-12-10,Tuesday,12,2024-12-10 06:48,6,Berlin Hbf,Hamburg Hbf,ICE,rain,True,False,False,3.8,False
2024-12-10,Tuesday,12,2024-12-10 07:34,7,Cologne Hbf,Bonn Hbf,RE,snow,False,True,False,5.0,False
2024-12-10,Tuesday,12,2024-12-10 08:31,8,Cologne Hbf,Bonn Hbf,RE,snow,False,True,False,6.5,True
2024-12-10,Tuesday,12,2024-12-10 09:17,9,Berlin Hbf,Potsdam Hbf,S-Bahn,snow,False,False,False,2.0,False
2024-12-10,Tuesday,12,2024-12-10 09:36,9,Munich Hbf,Frankfurt(Main) Hbf,ICE,snow,False,False,False,14.2,True
2024-12-10,Tuesday,12,2024-12-10 15:25,15,Munich Hbf,Augsburg Hbf,RE,rain,False,False,False,2.7,False
2024-12-10,Tuesday,12,2024-12-10 16:59,16,Munich Hbf,Augsburg Hbf,RE,snow,False,False,False,3.8,False
2024-12-10,Tuesday,12,2024-12-10 17:50,17,Berlin Hbf,Potsdam Hbf,S-Bahn,rain,True,True,False,3.5,False
2024-12-11,Wednesday,12,2024-12-11 05:10,5,Frankfurt(Main) Hbf,Stuttgart Hbf,IC,snow,True,False,False,14.4,True
2024-12-11,Wednesday,12,2024-12-11 07:36,7,Leipzig Hbf,Dresden Hbf,RE,snow,False,True,False,12.0,True
2024-12-11,Wednesday,12,2024-12-11 11:47,11,Leipzig Hbf,Dresden Hbf,RE,snow,False,False,False,7.4,True
2024-12-11,Wednesday,12,2024-12-11 17:53,17,Frankfurt(Main) Hbf,Mainz Hbf,S-Bahn,storm,False,True,False,7.1,True
2024-12-11,Wednesday,12,2024-12-11 18:21,18,Munich Hbf,Frankfurt(Main) Hbf,ICE,snow,False,True,False,5.4,True
2024-12-11,Wednesday,12,2024-12-11 20:44,20,Frankfurt(Main) Hbf,Stuttgart Hbf,IC,rain,False,False,False,3.9,False
2024-12-11,Wednesday,12,2024-12-11 21:56,21,Frankfurt(Main) Hbf,Mainz Hbf,S-Bahn,snow,False,False,False,0.3,False
2024-12-12,Thursday,12,2024-12-12 06:52,6,Hamburg Hbf,Hannover Hbf,IC,rain,False,False,False,4.6,False
2024-12-12,Thursday,12,2024-12-12 07:31,7,Cologne Hbf,Bonn Hbf,RE,snow,True,True,False,5.9,True
2024-12-12,Thursday,12,2024-12-12 07:38,7,Cologne Hbf,Berlin Hbf,ICE,storm,False,True,False,6.4,True
2024-12-12,Thursday,12,2024-12-12 08:57,8,Frankfurt(Main) Hbf,Mainz Hbf,S-Bahn,clear,False,True,False,1.9,False
2024-12-12,Thursday,12,2024-12-12 14:46,14,Berlin Hbf,Hamburg Hbf,ICE,clear,False,False,False,3.5,False
2024-12-12,Thursday,12,2024-12-12 19:36,19,Hamburg Hbf,Hannover Hbf,IC,rain,False,True,False,8.9,True
2024-12-12,Thursday,12,2024-12-12 19:46,19,Hamburg Hbf,Hannover Hbf,IC,clear,True,True,False,4.5,False
2024-12-12,Thursday,12,2024-12-12 20:06,20,Cologne Hbf,Berlin Hbf,ICE,snow,True,False,False,10.2,True
2024-12-12,Thursday,12,2024-12-12 21:12,21,Frankfurt(Main) Hbf,Stuttgart Hbf,IC,snow,False,False,False,5.9,True
2024-12-13,Friday,12,2024-12-13 05:23,5,Frankfurt(Main) Hbf,Stuttgart Hbf,IC,rain,False,False,False,3.2,False
2024-12-13,Friday,12,2024-12-13 05:31,5,Frankfurt(Main) Hbf,Mainz Hbf,S-Bahn,clear,False,False,False,1.2,False
2024-12-13,Friday,12,2024-12-13 05:40,5,Berlin Hbf,Hamburg Hbf,ICE,rain,True,False,False,4.9,False
2024-12-13,Friday,12,2024-12-13 07:46,7,Cologne Hbf,Bonn Hbf,RE,rain,False,True,False,5.1,True
2024-12-13,Friday,12,2024-12-13 08:03,8,Berlin Hbf,Hamburg Hbf,ICE,snow,False,True,False,16.4,True
2024-12-13,Friday,12,2024-12-13 10:17,10,Cologne Hbf,Berlin Hbf,ICE,rain,False,False,False,6.3,True
2024-12-13,Friday,12,2024-12-13 15:39,15,Berlin Hbf,Hamburg Hbf,ICE,snow,False,False,False,7.1,True
2024-12-13,Friday,12,2024-12-13 18:38,18,Frankfurt(Main) Hbf,Mainz Hbf,S-Bahn,storm,True,True,False,4.0,False
2024-12-13,Friday,12,2024-12-13 20:31,20,Berlin Hbf,Potsdam Hbf,S-Bahn,rain,False,False,False,3.0,False
2024-12-13,Friday,12,2024-12-13 22:55,22,Hamburg Hbf,Hannover Hbf,IC,clear,True,False,False,2.9,False
2024-12-14,Saturday,12,2024-12-14 05:17,5,Hamburg Hbf,Hannover Hbf,IC,snow,False,False,True,6.4,True
2024-12-14,Saturday,12,2024-12-14 05:25,5,Berlin Hbf,Hamburg Hbf,ICE,rain,False,False,True,3.7,False
2024-12-14,Saturday,12,2024-12-14 07:05,7,Berlin Hbf,Potsdam Hbf,S-Bahn,clear,False,True,True,0.4,False
2024-12-14,Saturday,12,2024-12-14 07:19,7,Munich Hbf,Frankfurt(Main) Hbf,ICE,clear,False,True,True,0.9,False
2024-12-14,Saturday,12,2024-12-14 08:16,8,Munich Hbf,Augsburg Hbf,RE,clear,False,True,True,1.5,False
2024-12-14,Saturday,12,2024-12-14 11:14,11,Hamburg Hbf,Hannover Hbf,IC,snow,False,False,True,3.8,False
2024-12-14,Saturday,12,2024-12-14 11:43,11,Leipzig Hbf,Dresden Hbf,RE,rain,False,False,True,2.9,False
2024-12-14,Saturday,12,2024-12-14 13:24,13,Berlin Hbf,Hamburg Hbf,ICE,snow,False,False,True,3.8,False
2024-12-14,Saturday,12,2024-12-14 15:23,15,Frankfurt(Main) Hbf,Stuttgart Hbf,IC,clear,False,False,True,0.3,False
2024-12-14,Saturday,12,2024-12-14 16:24,16,Cologne Hbf,Bonn Hbf,RE,rain,False,False,True,0.4,False
2024-12-14,Saturday,12,2024-12-14 18:46,18,Munich Hbf,Augsburg Hbf,RE,rain,False,True,True,1.7,False
2024-12-14,Saturday,12,2024-12-14 20:12,20,Cologne Hbf,Berlin Hbf,ICE,snow,False,False,True,5.9,True
2024-12-14,Saturday,12,2024-12-14 21:38,21,Frankfurt(Main) Hbf,Stuttgart Hbf,IC,snow,False,False,True,2.5,False
2024-12-15,Sunday,12,2024-12-15 06:20,6,Berlin Hbf,Potsdam Hbf,S-Bahn,storm,False,False,True,0.9,False
2024-12-15,Sunday,12,2024-12-15 06:33,6,Munich Hbf,Augsburg Hbf,RE,clear,False,False,True,1.4,False
2024-12-15,Sunday,12,2024-12-15 07:27,7,Frankfurt(Main) Hbf,Mainz Hbf,S-Bahn,clear,False,True,True,1.5,False
2024-12-15,Sunday,12,2024-12-15 07:52,7,Berlin Hbf,Hamburg Hbf,ICE,snow,False,True,True,9.5,True
2024-12-15,Sunday,12,2024-12-15 07:57,7,Munich Hbf,Frankfurt(Main) Hbf,ICE,snow,True,True,True,9.6,True
2024-12-15,Sunday,12,2024-12-15 07:58,7,Berlin Hbf,Potsdam Hbf,S-Bahn,rain,False,True,True,2.6,False
2024-12-15,Sunday,12,2024-12-15 09:23,9,Frankfurt(Main) Hbf,Stuttgart Hbf,IC,rain,True,False,True,2.2,False
2024-12-15,Sunday,12,2024-12-15 14:10,14,Berlin Hbf,Potsdam Hbf,S-Bahn,snow,False,False,True,3.2,False
2024-12-15,Sunday,12,2024-12-15 16:23,16,Frankfurt(Main) Hbf,Mainz Hbf,S-Bahn,rain,False,False,True,3.2,False
2024-12-15,Sunday,12,2024-12-15 16:42,16,Leipzig Hbf,Dresden Hbf,RE,clear,False,False,True,0.4,False
2024-12-15,Sunday,12,2024-12-15 16:58,16,Berlin Hbf,Potsdam Hbf,S-Bahn,snow,True,False,True,4.5,False
2024-12-15,Sunday,12,2024-12-15 20:23,20,Berlin Hbf,Hamburg Hbf,ICE,clear,False,False,True,1.3,False
2024-12-16,Monday,12,2024-12-16 05:53,5,Cologne Hbf,Bonn Hbf,RE,clear,False,False,False,8.2,True
2024-12-16,Monday,12,2024-12-16 06:06,6,Hamburg Hbf,Hannover Hbf,IC,storm,False,False,False,2.9,False
2024-12-16,Monday,12,2024-12-16 06:44,6,Cologne Hbf,Berlin Hbf,ICE,rain,False,False,False,6.0,True
2024-12-16,Monday,12,2024-12-16 08:29,8,Cologne Hbf,Berlin Hbf,ICE,snow,False,True,False,27.8,True
2024-12-16,Monday,12,2024-12-16 08:31,8,Cologne Hbf,Bonn Hbf,RE,rain,True,True,False,4.0,False
2024-12-16,Monday,12,2024-12-16 08:58,8,Berlin Hbf,Hamburg Hbf,ICE,clear,False,True,False,2.8,False
2024-12-16,Monday,12,2024-12-16 09:19,9,Cologne Hbf,Berlin Hbf,ICE,rain,False,False,False,5.7,True
2024-12-16,Monday,12,2024-12-16 09:30,9,Munich Hbf,Frankfurt(Main) Hbf,ICE,snow,False,False,False,10.6,True
2024-12-16,Monday,12,2024-12-16 12:09,12,Hamburg Hbf,Hannover Hbf,IC,rain,False,False,False,4.3,False
2024-12-16,Monday,12,2024-12-16 13:06,13,Cologne Hbf,Berlin Hbf,ICE,rain,False,False,False,3.2,False
2024-12-16,Monday,12,2024-12-16 15:06,15,Frankfurt(Main) Hbf,Mainz Hbf,S-Bahn,storm,False,False,False,3.6,False
2024-12-16,Monday,12,2024-12-16 17:09,17,Berlin Hbf,Hamburg Hbf,ICE,clear,False,True,False,3.8,False
2024-12-16,Monday,12,2024-12-16 17:31,17,Hamburg Hbf,Hannover Hbf,IC,clear,True,True,False,4.2,False
2024-12-16,Monday,12,2024-12-16 21:50,21,Frankfurt(Main) Hbf,Stuttgart Hbf,IC,storm,True,False,False,12.6,True
2024-12-16,Monday,12,2024-12-16 22:12,22,Berlin Hbf,Potsdam Hbf,S-Bahn,rain,False,False,False,0.7,False
2024-12-16,Monday,12,2024-12-16 22:21,22,Frankfurt(Main) Hbf,Mainz Hbf,S-Bahn,snow,False,False,False,0.3,False
2024-12-17,Tuesday,12,2024-12-17 07:03,7,Frankfurt(Main) Hbf,Mainz Hbf,S-Bahn,rain,False,True,False,1.8,False
2024-12-17,Tuesday,12,2024-12-17 08:01,8,Frankfurt(Main) Hbf,Mainz Hbf,S-Bahn,rain,False,True,False,2.5,False
2024-12-17,Tuesday,12,2024-12-17 08:47,8,Berlin Hbf,Potsdam Hbf,S-Bahn,rain,False,True,False,0.3,False
2024-12-17,Tuesday,12,2024-12-17 08:52,8,Hamburg Hbf,Hannover Hbf,IC,rain,False,True,False,5.9,True
2024-12-17,Tuesday,12,2024-12-17 10:11,10,Leipzig Hbf,Dresden Hbf,RE,clear,False,False,False,1.2,False
2024-12-17,Tuesday,12,2024-12-17 13:01,13,Leipzig Hbf,Dresden Hbf,RE,clear,False,False,False,0.3,False
2024-12-17,Tuesday,12,2024-12-17 14:23,14,Cologne Hbf,Berlin Hbf,ICE,snow,False,False,False,17.7,True
2024-12-17,Tuesday,12,2024-12-17 16:21,16,Cologne Hbf,Bonn Hbf,RE,clear,True,False,False,0.1,False
2024-12-17,Tuesday,12,2024-12-17 17:22,17,Frankfurt(Main) Hbf,Mainz Hbf,S-Bahn,clear,False,True,False,1.7,False
2024-12-17,Tuesday,12,2024-12-17 17:25,17,Cologne Hbf,Bonn Hbf,RE,clear,True,True,False,4.5,False
2024-12-17,Tuesday,12,2024-12-17 17:40,17,Munich Hbf,Frankfurt(Main) Hbf,ICE,clear,True,True,False,5.3,True
2024-12-17,Tuesday,12,2024-12-17 18:00,18,Cologne Hbf,Berlin Hbf,ICE,snow,False,True,False,9.8,True
2024-12-17,Tuesday,12,2024-12-17 20:38,20,Munich Hbf,Frankfurt(Main) Hbf,ICE,snow,False,False,False,15.5,True
2024-12-17,Tuesday,12,2024-12-17 21:57,21,Cologne Hbf,Berlin Hbf,ICE,clear,True,False,False,4.4,False
2024-12-17,Tuesday,12,2024-12-17 22:00,22,Munich Hbf,Frankfurt(Main) Hbf,ICE,rain,True,False,False,3.8,False
2024-12-17,Tuesday,12,2024-12-17 22:32,22,Hamburg Hbf,Hannover Hbf,IC,snow,False,False,False,11.4,True
2024-12-17,Tuesday,12,2024-12-17 22:37,22,Cologne Hbf,Berlin Hbf,ICE,snow,True,False,False,28.7,True
2024-12-18,Wednesday,12,2024-12-18 07:31,7,Berlin Hbf,Potsdam Hbf,S-Bahn,rain,False,True,False,1.9,False
2024-12-18,Wednesday,12,2024-12-18 08:00,8,Frankfurt(Main) Hbf,Mainz Hbf,S-Bahn,snow,False,True,False,2.5,False
2024-12-18,Wednesday,12,2024-12-18 08:20,8,Cologne Hbf,Bonn Hbf,RE,snow,False,True,False,4.2,False
2024-12-18,Wednesday,12,2024-12-18 08:22,8,Berlin Hbf,Potsdam Hbf,S-Bahn,clear,False,True,False,2.8,False
2024-12-18,Wednesday,12,2024-12-18 10:23,10,Berlin Hbf,Hamburg Hbf,ICE,rain,False,False,False,4.4,False
2024-12-18,Wednesday,12,2024-12-18 11:06,11,Berlin Hbf,Hamburg Hbf,ICE,rain,False,False,False,7.0,True
2024-12-18,Wednesday,12,2024-12-18 11:29,11,Munich Hbf,Frankfurt(Main) Hbf,ICE,snow,False,False,False,8.7,True
2024-12-18,Wednesday,12,2024-12-18 20:13,20,Cologne Hbf,Bonn Hbf,RE,rain,False,False,False,0.0,False
2024-12-18,Wednesday,12,2024-12-18 20:18,20,Cologne Hbf,Berlin Hbf,ICE,rain,False,False,False,5.6,True
2024-12-19,Thursday,12,2024-12-19 05:54,5,Berlin Hbf,Hamburg Hbf,ICE,clear,False,False,False,1.0,False
2024-12-19,Thursday,12,2024-12-19 06:23,6,Munich Hbf,Frankfurt(Main) Hbf,ICE,snow,False,False,False,5.1,True
2024-12-19,Thursday,12,2024-12-19 07:47,7,Frankfurt(Main) Hbf,Mainz Hbf,S-Bahn,snow,False,True,False,0.6,False
2024-12-19,Thursday,12,2024-12-19 08:01,8,Berlin Hbf,Potsdam Hbf,S-Bahn,rain,False,True,False,5.0,False
2024-12-19,Thursday,12,2024-12-19 08:41,8,Munich Hbf,Augsburg Hbf,RE,snow,False,True,False,2.0,False
2024-12-19,Thursday,12,2024-12-19 09:17,9,Leipzig Hbf,Dresden Hbf,RE,clear,False,False,False,2.3,False
2024-12-19,Thursday,12,2024-12-19 09:22,9,Munich Hbf,Frankfurt(Main) Hbf,ICE,clear,True,False,False,4.8,False
2024-12-19,Thursday,12,2024-12-19 11:26,11,Cologne Hbf,Berlin Hbf,ICE,clear,True,False,False,7.9,True
2024-12-19,Thursday,12,2024-12-19 17:13,17,Berlin Hbf,Potsdam Hbf,S-Bahn,clear,False,True,False,0.5,False
2024-12-19,Thursday,12,2024-12-19 18:29,18,Cologne Hbf,Berlin Hbf,ICE,rain,True,True,False,10.3,True
2024-12-19,Thursday,12,2024-12-19 19:07,19,Cologne Hbf,Berlin Hbf,ICE,clear,False,True,False,2.8,False
2024-12-19,Thursday,12,2024-12-19 20:01,20,Berlin Hbf,Potsdam Hbf,S-Bahn,rain,False,False,False,3.4,False
2024-12-20,Friday,12,2024-12-20 10:41,10,Cologne Hbf,Bonn Hbf,RE,clear,False,False,False,1.4,False
2024-12-20,Friday,12,2024-12-20 16:20,16,Munich Hbf,Augsburg Hbf,RE,snow,False,False,False,8.2,True
2024-12-21,Saturday,12,2024-12-21 05:02,5,Munich Hbf,Frankfurt(Main) Hbf,ICE,clear,False,False,True,2.1,False
2024-12-21,Saturday,12,2024-12-21 08:16,8,Leipzig Hbf,Dresden Hbf,RE,snow,False,True,True,2.5,False
2024-12-21,Saturday,12,2024-12-21 08:20,8,Berlin Hbf,Potsdam Hbf,S-Bahn,snow,False,True,True,1.2,False
2024-12-21,Saturday,12,2024-12-21 08:35,8,Frankfurt(Main) Hbf,Mainz Hbf,S-Bahn,storm,True,True,True,0.5,False
2024-12-21,Saturday,12,2024-12-21 09:01,9,Frankfurt(Main) Hbf,Mainz Hbf,S-Bahn,rain,False,False,True,3.2,False
2024-12-21,Saturday,12,2024-12-21 14:42,14,Hamburg Hbf,Hannover Hbf,IC,snow,False,False,True,3.2,False
2024-12-21,Saturday,12,2024-12-21 16:21,16,Berlin Hbf,Hamburg Hbf,ICE,snow,False,False,True,4.9,False
2024-12-21,Saturday,12,2024-12-21 16:21,16,Berlin Hbf,Potsdam Hbf,S-Bahn,clear,False,False,True,0.6,False
2024-12-21,Saturday,12,2024-12-21 16:27,16,Cologne Hbf,Berlin Hbf,ICE,clear,False,False,True,5.6,True
2024-12-21,Saturday,12,2024-12-21 17:28,17,Berlin Hbf,Potsdam Hbf,S-Bahn,snow,False,True,True,2.2,False
2024-12-21,Saturday,12,2024-12-21 18:24,18,Hamburg Hbf,Hannover Hbf,IC,snow,False,True,True,11.0,True
2024-12-21,Saturday,12,2024-12-21 19:03,19,Hamburg Hbf,Hannover Hbf,IC,storm,False,True,True,5.5,True
2024-12-21,Saturday,12,2024-12-21 19:42,19,Leipzig Hbf,Dresden Hbf,RE,rain,False,True,True,2.8,False
2024-12-21,Saturday,12,2024-12-21 21:06,21,Berlin Hbf,Potsdam Hbf,S-Bahn,snow,False,False,True,0.6,False
2024-12-22,Sunday,12,2024-12-22 08:57,8,Frankfurt(Main) Hbf,Stuttgart Hbf,IC,rain,False,True,True,8.8,True
2024-12-22,Sunday,12,2024-12-22 09:19,9,Berlin Hbf,Hamburg Hbf,ICE,clear,True,False,True,6.2,True
2024-12-22,Sunday,12,2024-12-22 10:07,10,Munich Hbf,Frankfurt(Main) Hbf,ICE,rain,False,False,True,1.5,False
2024-12-22,Sunday,12,2024-12-22 12:55,12,Munich Hbf,Augsburg Hbf,RE,snow,False,False,True,0.2,False
2024-12-22,Sunday,12,2024-12-22 12:57,12,Cologne Hbf,Berlin Hbf,ICE,clear,False,False,True,2.1,False
2024-12-22,Sunday,12,2024-12-22 13:55,13,Cologne Hbf,Bonn Hbf,RE,clear,True,False,True,4.9,False
2024-12-22,Sunday,12,2024-12-22 21:17,21,Munich Hbf,Frankfurt(Main) Hbf,ICE,snow,False,False,True,5.9,True
2024-12-22,Sunday,12,2024-12-22 21:31,21,Berlin Hbf,Hamburg Hbf,ICE,rain,False,False,True,11.1,True
2024-12-23,Monday,12,2024-12-23 06:30,6,Berlin Hbf,Hamburg Hbf,ICE,rain,False,False,False,5.2,True
2024-12-23,Monday,12,2024-12-23 07:45,7,Berlin Hbf,Potsdam Hbf,S-Bahn,rain,False,True,False,0.1,False
2024-12-23,Monday,12,2024-12-23 12:14,12,Munich Hbf,Frankfurt(Main) Hbf,ICE,snow,False,False,False,6.0,True
2024-12-23,Monday,12,2024-12-23 13:09,13,Munich Hbf,Augsburg Hbf,RE,snow,False,False,False,2.5,False
2024-12-23,Monday,12,2024-12-23 15:22,15,Munich Hbf,Augsburg Hbf,RE,snow,False,False,False,5.1,True
2024-12-23,Monday,12,2024-12-23 16:09,16,Frankfurt(Main) Hbf,Stuttgart Hbf,IC,clear,False,False,False,4.9,False
2024-12-23,Monday,12,2024-12-23 16:24,16,Berlin Hbf,Hamburg Hbf,ICE,rain,False,False,False,1.8,False
2024-12-23,Monday,12,2024-12-23 16:38,16,Hamburg Hbf,Hannover Hbf,IC,snow,False,False,False,3.6,False
2024-12-23,Monday,12,2024-12-23 17:02,17,Munich Hbf,Augsburg Hbf,RE,snow,False,True,False,6.8,True
2024-12-23,Monday,12,2024-12-23 18:47,18,Berlin Hbf,Potsdam Hbf,S-Bahn,storm,False,True,False,2.1,False
2024-12-23,Monday,12,2024-12-23 21:28,21,Munich Hbf,Frankfurt(Main) Hbf,ICE,snow,False,False,False,5.3,True
2024-12-24,Tuesday,12,2024-12-24 06:52,6,Berlin Hbf,Potsdam Hbf,S-Bahn,rain,True,False,False,2.2,False
2024-12-24,Tuesday,12,2024-12-24 14:14,14,Munich Hbf,Augsburg Hbf,RE,clear,False,False,False,2.5,False
2024-12-24,Tuesday,12,2024-12-24 16:05,16,Cologne Hbf,Bonn Hbf,RE,rain,False,False,False,2.1,False
2024-12-24,Tuesday,12,2024-12-24 17:00,17,Berlin Hbf,Potsdam Hbf,S-Bahn,snow,False,True,False,4.0,False
2024-12-24,Tuesday,12,2024-12-24 17:10,17,Hamburg Hbf,Hannover Hbf,IC,snow,False,True,False,4.2,False
2024-12-24,Tuesday,12,2024-12-24 17:43,17,Hamburg Hbf,Hannover Hbf,IC,snow,True,True,False,6.1,True
2024-12-24,Tuesday,12,2024-12-24 20:04,20,Cologne Hbf,Bonn Hbf,RE,clear,False,False,False,45.8,True
2024-12-24,Tuesday,12,2024-12-24 20:37,20,Hamburg Hbf,Hannover Hbf,IC,clear,False,False,False,2.6,False
2024-12-25,Wednesday,12,2024-12-25 07:05,7,Leipzig Hbf,Dresden Hbf,RE,clear,True,True,False,2.4,False
2024-12-25,Wednesday,12,2024-12-25 08:09,8,Munich Hbf,Augsburg Hbf,RE,storm,True,True,False,6.8,True
2024-12-25,Wednesday,12,2024-12-25 08:34,8,Berlin Hbf,Hamburg Hbf,ICE,snow,False,True,False,8.6,True
2024-12-25,Wednesday,12,2024-12-25 09:15,9,Berlin Hbf,Hamburg Hbf,ICE,rain,True,False,False,12.0,True
2024-12-25,Wednesday,12,2024-12-25 09:47,9,Leipzig Hbf,Dresden Hbf,RE,snow,False,False,False,1.3,False
2024-12-25,Wednesday,12,2024-12-25 11:44,11,Berlin Hbf,Potsdam Hbf,S-Bahn,rain,False,False,False,2.0,False
2024-12-25,Wednesday,12,2024-12-25 14:16,14,Hamburg Hbf,Hannover Hbf,IC,rain,False,False,False,4.9,False
2024-12-25,Wednesday,12,2024-12-25 15:57,15,Berlin Hbf,Hamburg Hbf,ICE,clear,False,False,False,2.2,False
2024-12-25,Wednesday,12,2024-12-25 17:43,17,Frankfurt(Main) Hbf,Stuttgart Hbf,IC,snow,False,True,False,6.6,True
2024-12-25,Wednesday,12,2024-12-25 17:47,17,Leipzig Hbf,Dresden Hbf,RE,snow,False,True,False,4.1,False
2024-12-25,Wednesday,12,2024-12-25 18:02,18,Frankfurt(Main) Hbf,Mainz Hbf,S-Bahn,storm,False,True,False,3.4,False
2024-12-25,Wednesday,12,2024-12-25 18:53,18,Munich Hbf,Frankfurt(Main) Hbf,ICE,storm,False,True,False,8.0,True
2024-12-25,Wednesday,12,2024-12-25 22:32,22,Hamburg Hbf,Hannover Hbf,IC,rain,True,False,False,4.9,False
2024-12-25,Wednesday,12,2024-12-25 22:35,22,Munich Hbf,Frankfurt(Main) Hbf,ICE,snow,False,False,False,8.5,True
2024-12-25,Wednesday,12,2024-12-25 22:51,22,Berlin Hbf,Hamburg Hbf,ICE,rain,True,False,False,6.3,True
2024-12-26,Thursday,12,2024-12-26 07:17,7,Leipzig Hbf,Dresden Hbf,RE,snow,False,True,False,10.5,True
2024-12-26,Thursday,12,2024-12-26 08:22,8,Cologne Hbf,Bonn Hbf,RE,clear,False,True,False,2.9,False
2024-12-26,Thursday,12,2024-12-26 11:56,11,Berlin Hbf,Potsdam Hbf,S-Bahn,rain,False,False,False,0.2,False
2024-12-26,Thursday,12,2024-12-26 12:55,12,Berlin Hbf,Potsdam Hbf,S-Bahn,rain,False,False,False,2.4,False
2024-12-26,Thursday,12,2024-12-26 15:29,15,Berlin Hbf,Hamburg Hbf,ICE,snow,False,False,False,9.5,True
2024-12-26,Thursday,12,2024-12-26 17:57,17,Frankfurt(Main) Hbf,Mainz Hbf,S-Bahn,clear,False,True,False,0.2,False
2024-12-26,Thursday,12,2024-12-26 20:27,20,Munich Hbf,Frankfurt(Main) Hbf,ICE,clear,False,False,False,1.2,False
2024-12-26,Thursday,12,2024-12-26 20:55,20,Munich Hbf,Augsburg Hbf,RE,clear,True,False,False,1.4,False
2024-12-27,Friday,12,2024-12-27 05:23,5,Munich Hbf,Frankfurt(Main) Hbf,ICE,clear,False,False,False,0.5,False
2024-12-27,Friday,12,2024-12-27 05:32,5,Munich Hbf,Frankfurt(Main) Hbf,ICE,snow,True,False,False,21.9,True
2024-12-27,Friday,12,2024-12-27 06:57,6,Cologne Hbf,Berlin Hbf,ICE,rain,False,False,False,10.4,True
2024-12-27,Friday,12,2024-12-27 07:48,7,Leipzig Hbf,Dresden Hbf,RE,clear,False,True,False,4.6,False
2024-12-27,Friday,12,2024-12-27 08:28,8,Hamburg Hbf,Hannover Hbf,IC,snow,False,True,False,7.2,True
2024-12-27,Friday,12,2024-12-27 08:39,8,Cologne Hbf,Bonn Hbf,RE,rain,False,True,False,4.6,False
2024-12-27,Friday,12,2024-12-27 09:28,9,Frankfurt(Main) Hbf,Mainz Hbf,S-Bahn,snow,False,False,False,5.9,True
2024-12-27,Friday,12,2024-12-27 10:12,10,Hamburg Hbf,Hannover Hbf,IC,rain,False,False,False,7.6,True
2024-12-27,Friday,12,2024-12-27 11:09,11,Cologne Hbf,Berlin Hbf,ICE,rain,False,False,False,6.1,True
2024-12-27,Friday,12,2024-12-27 11:43,11,Cologne Hbf,Berlin Hbf,ICE,clear,False,False,False,1.9,False
2024-12-27,Friday,12,2024-12-27 12:53,12,Hamburg Hbf,Hannover Hbf,IC,snow,False,False,False,5.7,True
2024-12-27,Friday,12,2024-12-27 13:00,13,Leipzig Hbf,Dresden Hbf,RE,clear,False,False,False,2.2,False
2024-12-27,Friday,12,2024-12-27 14:08,14,Munich Hbf,Frankfurt(Main) Hbf,ICE,snow,False,False,False,10.6,True
2024-12-27,Friday,12,2024-12-27 14:31,14,Leipzig Hbf,Dresden Hbf,RE,clear,True,False,False,1.2,False
2024-12-27,Friday,12,2024-12-27 16:16,16,Cologne Hbf,Bonn Hbf,RE,clear,False,False,False,4.6,False
2024-12-27,Friday,12,2024-12-27 16:47,16,Munich Hbf,Augsburg Hbf,RE,rain,True,False,False,1.5,False
2024-12-27,Friday,12,2024-12-27 17:37,17,Frankfurt(Main) Hbf,Mainz Hbf,S-Bahn,clear,False,True,False,2.2,False
2024-12-27,Friday,12,2024-12-27 18:40,18,Frankfurt(Main) Hbf,Stuttgart Hbf,IC,storm,False,True,False,15.7,True
2024-12-27,Friday,12,2024-12-27 21:06,21,Munich Hbf,Augsburg Hbf,RE,clear,False,False,False,0.9,False
2024-12-28,Saturday,12,2024-12-28 05:45,5,Frankfurt(Main) Hbf,Stuttgart Hbf,IC,snow,False,False,True,3.8,False
2024-12-28,Saturday,12,2024-12-28 06:06,6,Frankfurt(Main) Hbf,Mainz Hbf,S-Bahn,snow,False,False,True,0.1,False
2024-12-28,Saturday,12,2024-12-28 06:23,6,Leipzig Hbf,Dresden Hbf,RE,rain,False,False,True,3.4,False
2024-12-28,Saturday,12,2024-12-28 07:33,7,Berlin Hbf,Hamburg Hbf,ICE,snow,False,True,True,12.1,True
2024-12-28,Saturday,12,2024-12-28 10:57,10,Hamburg Hbf,Hannover Hbf,IC,rain,False,False,True,1.8,False
2024-12-28,Saturday,12,2024-12-28 16:29,16,Berlin Hbf,Potsdam Hbf,S-Bahn,rain,False,False,True,1.7,False
2024-12-28,Saturday,12,2024-12-28 17:13,17,Leipzig Hbf,Dresden Hbf,RE,clear,False,True,True,1.5,False
2024-12-28,Saturday,12,2024-12-28 19:28,19,Frankfurt(Main) Hbf,Stuttgart Hbf,IC,rain,True,True,True,11.8,True
2024-12-28,Saturday,12,2024-12-28 20:59,20,Leipzig Hbf,Dresden Hbf,RE,clear,False,False,True,2.5,False
2024-12-28,Saturday,12,2024-12-28 22:17,22,Munich Hbf,Frankfurt(Main) Hbf,ICE,storm,False,False,True,5.0,False
2024-12-29,Sunday,12,2024-12-29 08:44,8,Frankfurt(Main) Hbf,Mainz Hbf,S-Bahn,clear,True,True,True,1.8,False
2024-12-29,Sunday,12,2024-12-29 09:25,9,Munich Hbf,Frankfurt(Main) Hbf,ICE,clear,False,False,True,1.6,False
2024-12-29,Sunday,12,2024-12-29 09:57,9,Berlin Hbf,Hamburg Hbf,ICE,storm,False,False,True,1.0,False
2024-12-29,Sunday,12,2024-12-29 11:09,11,Cologne Hbf,Berlin Hbf,ICE,snow,True,False,True,18.1,True
2024-12-29,Sunday,12,2024-12-29 14:17,14,Munich Hbf,Augsburg Hbf,RE,clear,False,False,True,0.9,False
2024-12-29,Sunday,12,2024-12-29 14:18,14,Berlin Hbf,Hamburg Hbf,ICE,snow,False,False,True,12.1,True
2024-12-29,Sunday,12,2024-12-29 15:22,15,Hamburg Hbf,Hannover Hbf,IC,clear,False,False,True,0.8,False
2024-12-29,Sunday,12,2024-12-29 16:56,16,Hamburg Hbf,Hannover Hbf,IC,rain,False,False,True,1.6,False
2024-12-29,Sunday,12,2024-12-29 17:31,17,Leipzig Hbf,Dresden Hbf,RE,clear,False,True,True,0.6,False
2024-12-29,Sunday,12,2024-12-29 17:55,17,Cologne Hbf,Bonn Hbf,RE,rain,False,True,True,1.9,False
2024-12-29,Sunday,12,2024-12-29 19:49,19,Cologne Hbf,Berlin Hbf,ICE,snow,True,True,True,22.6,True
2024-12-29,Sunday,12,2024-12-29 21:43,21,Munich Hbf,Frankfurt(Main) Hbf,ICE,rain,False,False,True,3.7,False
2024-12-29,Sunday,12,2024-12-29 22:54,22,Berlin Hbf,Hamburg Hbf,ICE,snow,False,False,True,2.7,False
2024-12-30,Monday,12,2024-12-30 08:18,8,Berlin Hbf,Potsdam Hbf,S-Bahn,snow,False,True,False,3.6,False
2024-12-30,Monday,12,2024-12-30 08:36,8,Berlin Hbf,Hamburg Hbf,ICE,snow,False,True,False,13.3,True
2024-12-30,Monday,12,2024-12-30 10:09,10,Frankfurt(Main) Hbf,Stuttgart Hbf,IC,rain,False,False,False,3.0,False
2024-12-30,Monday,12,2024-12-30 13:52,13,Leipzig Hbf,Dresden Hbf,RE,rain,False,False,False,3.9,False
2024-12-30,Monday,12,2024-12-30 13:54,13,Berlin Hbf,Hamburg Hbf,ICE,rain,False,False,False,4.3,False
2024-12-30,Monday,12,2024-12-30 15:04,15,Hamburg Hbf,Hannover Hbf,IC,snow,True,False,False,11.2,True
2024-12-30,Monday,12,2024-12-30 15:25,15,Frankfurt(Main) Hbf,Mainz Hbf,S-Bahn,clear,False,False,False,1.2,False
2024-12-30,Monday,12,2024-12-30 15:33,15,Berlin Hbf,Hamburg Hbf,ICE,rain,False,False,False,5.0,False
2024-12-30,Monday,12,2024-12-30 15:49,15,Hamburg Hbf,Hannover Hbf,IC,clear,True,False,False,6.7,True
2024-12-30,Monday,12,2024-12-30 17:10,17,Berlin Hbf,Potsdam Hbf,S-Bahn,clear,False,True,False,0.5,False
2024-12-30,Monday,12,2024-12-30 19:22,19,Hamburg Hbf,Hannover Hbf,IC,snow,False,True,False,10.5,True
2024-12-30,Monday,12,2024-12-30 21:19,21,Munich Hbf,Frankfurt(Main) Hbf,ICE,snow,False,False,False,10.6,True
